estado,museo,2000,2001,2002,2003,2004,2005,2006,2007,2008,2009,2010,2011,2012,2013,2014,2015,2016,2017,2018,2019,clas_visitantes
Aguascalientes,Total Estado,38107.0,35867.0,31441.0,27849.0,28160.0,32849.0,30417.0,38146.0,35574.0,40234.0,29890.0,29403.0,34981.0,34177.0,27438.0,25813.0,25553.0,28064.0,26205.0,29191.0,Total Visitantes
Aguascalientes,Total Estado,37254.0,35116.0,30867.0,27130.0,27565.0,32079.0,29453.0,37254.0,34783.0,39505.0,29410.0,28934.0,34789.0,33962.0,27158.0,25533.0,25214.0,27689.0,25876.0,28751.0,    Visitantes Nacionales
Aguascalientes,Total Estado,853.0,751.0,574.0,719.0,595.0,770.0,964.0,892.0,791.0,729.0,480.0,469.0,192.0,215.0,280.0,280.0,339.0,375.0,329.0,440.0,    Visitantes Internacionales
Aguascalientes,Museo Regional de Historia de Aguascalientes,38107.0,35867.0,31441.0,27849.0,28160.0,32849.0,30417.0,38146.0,35574.0,40234.0,29890.0,29403.0,34981.0,34177.0,27438.0,25813.0,25553.0,28064.0,26205.0,29191.0,Total Visitantes
Aguascalientes,Museo Regional de Historia de Aguascalientes,37254.0,35116.0,30867.0,27130.0,27565.0,32079.0,29453.0,37254.0,34783.0,39505.0,29410.0,28934.0,34789.0,33962.0,27158.0,25533.0,25214.0,27689.0,25876.0,28751.0,    Visitantes Nacionales
Aguascalientes,Museo Regional de Historia de Aguascalientes,853.0,751.0,574.0,719.0,595.0,770.0,964.0,892.0,791.0,729.0,480.0,469.0,192.0,215.0,280.0,280.0,339.0,375.0,329.0,440.0,    Visitantes Internacionales
Baja California,Total Estado,2603.0,3394.0,4821.0,5803.0,3385.0,5460.0,5864.0,6858.0,10343.0,6766.0,9140.0,12316.0,9716.0,11985.0,11364.0,13130.0,7842.0,9792.0,13491.0,7963.0,Total Visitantes
Baja California,Total Estado,2281.0,3013.0,4498.0,5201.0,2939.0,4642.0,4819.0,5817.0,9850.0,6655.0,9018.0,12300.0,9304.0,11165.0,10103.0,11403.0,7135.0,8570.0,11832.0,6684.0,    Visitantes Nacionales
Baja California,Total Estado,322.0,381.0,323.0,602.0,446.0,818.0,1045.0,1041.0,493.0,111.0,122.0,16.0,412.0,820.0,1261.0,1727.0,707.0,1222.0,1659.0,1279.0,    Visitantes Internacionales
Baja California,"Museo Histórico Regional, Ex Cuartel de la Compañía Fija",2603.0,3394.0,4821.0,5803.0,3385.0,5460.0,5864.0,6858.0,10343.0,6766.0,9140.0,12316.0,9716.0,11985.0,11364.0,13130.0,7842.0,9792.0,13491.0,7963.0,Total Visitantes
Baja California,"Museo Histórico Regional, Ex Cuartel de la Compañía Fija",2281.0,3013.0,4498.0,5201.0,2939.0,4642.0,4819.0,5817.0,9850.0,6655.0,9018.0,12300.0,9716.0,11165.0,10103.0,11403.0,7135.0,8570.0,11832.0,6684.0,    Visitantes Nacionales
Baja California,"Museo Histórico Regional, Ex Cuartel de la Compañía Fija",322.0,381.0,323.0,602.0,446.0,818.0,1045.0,1041.0,493.0,111.0,122.0,16.0,9304.0,820.0,1261.0,1727.0,707.0,1222.0,1659.0,1279.0,    Visitantes Internacionales
Baja California Sur,Total Estado,31705.0,30534.0,41863.0,46097.0,46578.0,49730.0,45948.0,55511.0,55136.0,43990.0,41410.0,39880.0,42169.0,43523.0,33406.0,37736.0,43600.0,47654.0,44398.0,56816.0,Total Visitantes
Baja California Sur,Total Estado,19706.0,17716.0,27655.0,28911.0,31935.0,33415.0,29796.0,37627.0,39537.0,35136.0,34884.0,33350.0,35091.0,34770.0,25061.0,28156.0,34916.0,39331.0,35945.0,47926.0,    Visitantes Nacionales
Baja California Sur,Total Estado,11999.0,12818.0,14208.0,17186.0,14643.0,16315.0,16152.0,17884.0,15599.0,8854.0,6526.0,6530.0,7078.0,8753.0,8345.0,9580.0,8684.0,8323.0,8453.0,8890.0,    Visitantes Internacionales
Baja California Sur,Museo de Las Misiones Jesuíticas,11661.0,11466.0,13872.0,8886.0,16628.0,16623.0,14388.0,13399.0,14036.0,9990.0,9442.0,9780.0,11765.0,11677.0,10520.0,8957.0,11870.0,13405.0,10771.0,18636.0,Total Visitantes
Baja California Sur,Museo de Las Misiones Jesuíticas,6321.0,6354.0,8478.0,8886.0,10508.0,10941.0,9452.0,7830.0,8806.0,6639.0,7446.0,7942.0,10430.0,9914.0,7889.0,5435.0,8464.0,10933.0,8526.0,16016.0,    Visitantes Nacionales
Baja California Sur,Museo de Las Misiones Jesuíticas,5340.0,5112.0,5394.0,7002.0,6120.0,5682.0,4936.0,5569.0,5230.0,3351.0,1996.0,1838.0,1335.0,1763.0,2631.0,3522.0,3406.0,2472.0,2245.0,2620.0,    Visitantes Internacionales
Baja California Sur,Museo de las Pinturas Rupestres de San Ignacio,0.0,0.0,647.0,2513.0,2625.0,3256.0,3648.0,3790.0,3558.0,3396.0,2214.0,2678.0,2740.0,2081.0,1726.0,1343.0,13.0,0.0,1175.0,1727.0,Total Visitantes
Baja California Sur,Museo de las Pinturas Rupestres de San Ignacio,0.0,0.0,477.0,1675.0,1737.0,2199.0,2568.0,2534.0,2696.0,2742.0,1521.0,2045.0,2064.0,1428.0,1171.0,605.0,13.0,0.0,915.0,1407.0,    Visitantes Nacionales
Baja California Sur,Museo de las Pinturas Rupestres de San Ignacio,0.0,0.0,170.0,838.0,888.0,1057.0,1080.0,1256.0,862.0,654.0,693.0,633.0,676.0,653.0,555.0,738.0,0.0,0.0,260.0,320.0,    Visitantes Internacionales
Baja California Sur,Museo Regional de Antropología e Historia de Baja California Sur,20044.0,19068.0,24313.0,22706.0,22136.0,22126.0,20641.0,24007.0,24439.0,23195.0,23792.0,21845.0,16939.0,17870.0,14418.0,14017.0,16905.0,16758.0,14501.0,18672.0,Total Visitantes
Baja California Sur,Museo Regional de Antropología e Historia de Baja California Sur,13385.0,11362.0,16718.0,15166.0,16694.0,15251.0,13010.0,16468.0,19588.0,19855.0,21362.0,19252.0,13697.0,13790.0,11925.0,11867.0,14497.0,14766.0,12560.0,16227.0,    Visitantes Nacionales
Baja California Sur,Museo Regional de Antropología e Historia de Baja California Sur,6659.0,7706.0,7595.0,7540.0,5442.0,6875.0,7631.0,7539.0,4851.0,3340.0,2430.0,2593.0,3242.0,4080.0,2493.0,2150.0,2408.0,1992.0,1941.0,2445.0,    Visitantes Internacionales
Baja California Sur,Misión de San Francisco Javier,0.0,0.0,3031.0,4990.0,5189.0,7725.0,7271.0,14315.0,13103.0,7409.0,5962.0,5577.0,10725.0,11895.0,6742.0,13419.0,14812.0,17491.0,17951.0,17781.0,Total Visitantes
Baja California Sur,Misión de San Francisco Javier,0.0,0.0,1982.0,3184.0,2996.0,5024.0,4766.0,10795.0,8447.0,5900.0,4555.0,4111.0,8900.0,9638.0,4076.0,10249.0,11942.0,13632.0,13944.0,14276.0,    Visitantes Nacionales
Baja California Sur,Misión de San Francisco Javier,0.0,0.0,1049.0,1806.0,2193.0,2701.0,2505.0,3520.0,4656.0,1509.0,1407.0,1466.0,1825.0,2257.0,2666.0,3170.0,2870.0,3859.0,4007.0,3505.0,    Visitantes Internacionales
Campeche,Total Estado,82543.0,137038.0,147131.0,167627.0,160872.0,150370.0,152255.0,128671.0,143568.0,132307.0,145195.0,108167.0,101456.0,95902.0,64009.0,98190.0,109115.0,115582.0,148528.0,108041.0,Total Visitantes
Campeche,Total Estado,77451.0,128390.0,138492.0,156365.0,145744.0,139235.0,136641.0,117555.0,132931.0,124265.0,134832.0,98691.0,93166.0,88198.0,57696.0,88077.0,97915.0,104665.0,133998.0,97126.0,    Visitantes Nacionales
Campeche,Total Estado,5092.0,8648.0,8639.0,11262.0,15128.0,11135.0,15614.0,11116.0,10637.0,8042.0,10363.0,9476.0,8290.0,7704.0,6313.0,10113.0,11200.0,10917.0,14530.0,10915.0,    Visitantes Internacionales
Campeche,"Museo Arqueológico de Campeche, Fuerte de San Miguel",6787.0,71055.0,79142.0,88599.0,91158.0,75596.0,76421.0,65868.0,71501.0,66512.0,74695.0,52733.0,46375.0,42322.0,45154.0,40725.0,49632.0,61730.0,65812.0,5103.0,Total Visitantes
Campeche,"Museo Arqueológico de Campeche, Fuerte de San Miguel",6396.0,65482.0,73378.0,81823.0,81096.0,67404.0,66860.0,58771.0,63809.0,60742.0,69208.0,46309.0,41444.0,38258.0,39530.0,35648.0,43772.0,56032.0,58755.0,4713.0,    Visitantes Nacionales
Campeche,"Museo Arqueológico de Campeche, Fuerte de San Miguel",391.0,5573.0,5764.0,6776.0,10062.0,8192.0,9561.0,7097.0,7692.0,5770.0,5487.0,6424.0,4931.0,4064.0,5624.0,5077.0,5860.0,5698.0,7057.0,390.0,    Visitantes Internacionales
Campeche,"Museo de las Estelas Mayas, Baluarte de la Soledad",22007.0,15503.0,18196.0,32302.0,25797.0,14203.0,35462.0,23656.0,33149.0,32857.0,30094.0,23572.0,26881.0,30309.0,4948.0,27040.0,26055.0,31532.0,40431.0,51569.0,Total Visitantes
Campeche,"Museo de las Estelas Mayas, Baluarte de la Soledad",18595.0,13228.0,16162.0,28641.0,23075.0,12879.0,31255.0,20928.0,31368.0,31460.0,26462.0,21233.0,24380.0,27501.0,4454.0,23113.0,22119.0,27085.0,34091.0,43011.0,    Visitantes Nacionales
Campeche,"Museo de las Estelas Mayas, Baluarte de la Soledad",3412.0,2275.0,2034.0,3661.0,2722.0,1324.0,4207.0,2728.0,1781.0,1397.0,3632.0,2339.0,2501.0,2808.0,494.0,3927.0,3936.0,4447.0,6340.0,8558.0,    Visitantes Internacionales
Campeche,Museo del Camino Real de Hecelchakán,4298.0,2877.0,2985.0,3189.0,4378.0,16659.0,3886.0,2135.0,3107.0,4163.0,4781.0,3870.0,0.0,4695.0,3222.0,2565.0,2619.0,2348.0,2641.0,3604.0,Total Visitantes
Campeche,Museo del Camino Real de Hecelchakán,4225.0,2810.0,2912.0,3128.0,4177.0,15794.0,3502.0,1929.0,2962.0,4034.0,4633.0,3816.0,0.0,4646.0,3150.0,2479.0,2487.0,2301.0,2605.0,3517.0,    Visitantes Nacionales
Campeche,Museo del Camino Real de Hecelchakán,73.0,67.0,73.0,61.0,201.0,865.0,384.0,206.0,145.0,129.0,148.0,54.0,0.0,49.0,72.0,86.0,132.0,47.0,36.0,87.0,    Visitantes Internacionales
Campeche,"Museo Histórico Reducto San José el Alto ""Armas y Marinería""",49451.0,47603.0,46808.0,43537.0,39539.0,43912.0,36486.0,37012.0,35811.0,28775.0,35625.0,27992.0,28200.0,18576.0,10685.0,27860.0,30809.0,19972.0,39644.0,47765.0,Total Visitantes
Campeche,"Museo Histórico Reducto San José el Alto ""Armas y Marinería""",48235.0,46870.0,46040.0,42773.0,37396.0,43158.0,35024.0,35927.0,34792.0,28029.0,34529.0,27333.0,27342.0,17793.0,10562.0,26837.0,29537.0,19247.0,38547.0,45885.0,    Visitantes Nacionales
Campeche,"Museo Histórico Reducto San José el Alto ""Armas y Marinería""",1216.0,733.0,768.0,764.0,2143.0,754.0,1462.0,1085.0,1019.0,746.0,1096.0,659.0,858.0,783.0,123.0,1023.0,1272.0,725.0,1097.0,1880.0,    Visitantes Internacionales
Chiapas,Total Estado,61850.0,78705.0,96493.0,95401.0,113585.0,132233.0,103508.0,70345.0,76859.0,69803.0,48661.0,37822.0,50300.0,74357.0,62526.0,67956.0,61845.0,56409.0,66372.0,63163.0,Total Visitantes
Chiapas,Total Estado,52265.0,70040.0,87077.0,85985.0,107353.0,126203.0,97977.0,65248.0,70566.0,63482.0,40222.0,33689.0,45103.0,65163.0,53697.0,63288.0,57350.0,49627.0,58741.0,55708.0,    Visitantes Nacionales
Chiapas,Total Estado,9585.0,8665.0,9416.0,9416.0,6232.0,6030.0,5531.0,5097.0,6293.0,6321.0,8439.0,4133.0,5197.0,9194.0,8829.0,4668.0,4495.0,6782.0,7631.0,7455.0,    Visitantes Internacionales
Chiapas,Museo Arqueológico de Comitán,7735.0,7679.0,7862.0,6669.0,6186.0,7029.0,9370.0,7343.0,7353.0,7387.0,9870.0,10003.0,9270.0,10776.0,11785.0,19782.0,18763.0,10853.0,9970.0,10259.0,Total Visitantes
Chiapas,Museo Arqueológico de Comitán,7408.0,7314.0,7499.0,6318.0,5804.0,6710.0,9039.0,7037.0,6968.0,7025.0,8383.0,9549.0,8687.0,10441.0,11465.0,19259.0,18218.0,10365.0,9490.0,9585.0,    Visitantes Nacionales
Chiapas,Museo Arqueológico de Comitán,327.0,365.0,363.0,351.0,382.0,319.0,331.0,306.0,385.0,362.0,1487.0,454.0,583.0,335.0,320.0,523.0,545.0,488.0,480.0,674.0,    Visitantes Internacionales
Chiapas,Museo Arqueológico del Soconusco,12077.0,9769.0,10897.0,0.0,0.0,13347.0,10503.0,12428.0,12044.0,8553.0,15664.0,11111.0,14556.0,13435.0,8043.0,0.0,0.0,0.0,0.0,0.0,Total Visitantes
Chiapas,Museo Arqueológico del Soconusco,8882.0,8340.0,10048.0,0.0,0.0,12507.0,9615.0,10445.0,9352.0,5052.0,9562.0,7620.0,10520.0,7728.0,2790.0,0.0,0.0,0.0,0.0,0.0,    Visitantes Nacionales
Chiapas,Museo Arqueológico del Soconusco,3195.0,1429.0,849.0,0.0,0.0,840.0,888.0,1983.0,2692.0,3501.0,6102.0,3491.0,4036.0,5707.0,5253.0,0.0,0.0,0.0,0.0,0.0,    Visitantes Internacionales
Chiapas,Museo de los Altos de Chiapas,22676.0,30113.0,30564.0,36755.0,36013.0,25761.0,27229.0,26961.0,36357.0,35734.0,5472.0,0.0,4955.0,30608.0,26558.0,34408.0,30764.0,29652.0,38558.0,41429.0,Total Visitantes
Chiapas,Museo de los Altos de Chiapas,17261.0,24182.0,23347.0,28958.0,31275.0,22124.0,24038.0,24580.0,33588.0,33618.0,4903.0,0.0,4812.0,27914.0,23573.0,30509.0,26936.0,23771.0,31705.0,34873.0,    Visitantes Nacionales
Chiapas,Museo de los Altos de Chiapas,5415.0,5931.0,7217.0,7797.0,4738.0,3637.0,3191.0,2381.0,2769.0,2116.0,569.0,0.0,143.0,2694.0,2985.0,3899.0,3828.0,5881.0,6853.0,6556.0,    Visitantes Internacionales
Chiapas,Museo Regional de Chiapas,19362.0,31144.0,47170.0,51977.0,71386.0,86096.0,56406.0,23613.0,21105.0,18129.0,17655.0,16708.0,21519.0,19538.0,16140.0,13766.0,12318.0,15904.0,17844.0,11475.0,Total Visitantes
Chiapas,Museo Regional de Chiapas,18714.0,30204.0,46183.0,50709.0,70274.0,84862.0,55285.0,23186.0,20658.0,17787.0,17374.0,16520.0,21084.0,19080.0,15869.0,13520.0,12196.0,15491.0,17546.0,11250.0,    Visitantes Nacionales
Chiapas,Museo Regional de Chiapas,648.0,940.0,987.0,1268.0,1112.0,1234.0,1121.0,427.0,447.0,342.0,281.0,188.0,435.0,458.0,271.0,246.0,122.0,413.0,298.0,225.0,    Visitantes Internacionales
Chihuahua,Total Estado,33279.0,0.0,10571.0,61484.0,60613.0,80440.0,91158.0,89592.0,74503.0,60828.0,17471.0,48498.0,62345.0,48016.0,58413.0,91894.0,123985.0,119793.0,137464.0,101199.0,Total Visitantes
Chihuahua,Total Estado,31191.0,0.0,10204.0,55245.0,57315.0,76902.0,84304.0,88654.0,74056.0,60828.0,17461.0,48453.0,62338.0,47841.0,57687.0,86714.0,114398.0,109838.0,129567.0,92409.0,    Visitantes Nacionales
Chihuahua,Total Estado,2088.0,0.0,367.0,6239.0,3298.0,3538.0,6854.0,938.0,447.0,0.0,10.0,45.0,7.0,175.0,726.0,5180.0,9587.0,9955.0,7897.0,8790.0,    Visitantes Internacionales
Chihuahua,Museo de la Revolución en la Frontera,33279.0,0.0,10571.0,61484.0,60613.0,80440.0,91158.0,89592.0,74503.0,60828.0,17471.0,48498.0,62345.0,48016.0,58413.0,91894.0,123985.0,119793.0,137464.0,101199.0,Total Visitantes
Chihuahua,Museo de la Revolución en la Frontera,31191.0,0.0,10204.0,55245.0,57315.0,76902.0,84304.0,88654.0,74056.0,60828.0,17461.0,48453.0,62338.0,47841.0,57687.0,86714.0,114398.0,109838.0,129567.0,92409.0,    Visitantes Nacionales
Chihuahua,Museo de la Revolución en la Frontera,2088.0,0.0,367.0,6239.0,3298.0,3538.0,6854.0,938.0,447.0,0.0,10.0,45.0,7.0,175.0,726.0,5180.0,9587.0,9955.0,7897.0,8790.0,    Visitantes Internacionales
Coahuila,Total Estado,64864.0,117910.0,75362.0,54369.0,55362.0,49921.0,41556.0,73268.0,102262.0,111866.0,104142.0,130057.0,114651.0,322659.0,58110.0,102697.0,57074.0,69702.0,62634.0,25739.0,Total Visitantes
Coahuila,Total Estado,64506.0,117876.0,75340.0,54367.0,55301.0,49425.0,41241.0,72986.0,102106.0,111782.0,104071.0,129936.0,114574.0,322617.0,58050.0,102569.0,56918.0,69520.0,62550.0,25695.0,    Visitantes Nacionales
Coahuila,Total Estado,358.0,34.0,22.0,2.0,61.0,496.0,315.0,282.0,156.0,84.0,71.0,121.0,77.0,42.0,60.0,128.0,156.0,182.0,84.0,44.0,    Visitantes Internacionales
Coahuila,Museo Regional de la Laguna,64864.0,117910.0,75362.0,54369.0,55362.0,49921.0,41556.0,73268.0,102262.0,111866.0,104142.0,130057.0,114651.0,322659.0,58110.0,102697.0,57074.0,69702.0,62634.0,25739.0,Total Visitantes
Coahuila,Museo Regional de la Laguna,64506.0,117876.0,75340.0,54367.0,55301.0,49425.0,41241.0,72986.0,102106.0,111782.0,104071.0,129936.0,114574.0,322617.0,58050.0,102569.0,56918.0,69520.0,62550.0,25695.0,    Visitantes Nacionales
Coahuila,Museo Regional de la Laguna,358.0,34.0,22.0,2.0,61.0,496.0,315.0,282.0,156.0,84.0,71.0,121.0,77.0,42.0,60.0,128.0,156.0,182.0,84.0,44.0,    Visitantes Internacionales
Colima,Total Estado,12817.0,17654.0,28027.0,27826.0,33477.0,27859.0,18680.0,17052.0,19475.0,15941.0,20458.0,17370.0,17244.0,15320.0,13641.0,12424.0,16569.0,13248.0,15412.0,21344.0,Total Visitantes
Colima,Total Estado,11278.0,15714.0,26215.0,25855.0,29501.0,23039.0,13876.0,14096.0,16047.0,13436.0,18379.0,16435.0,16191.0,14840.0,13136.0,11302.0,14956.0,11955.0,14797.0,20812.0,    Visitantes Nacionales
Colima,Total Estado,1539.0,1940.0,1812.0,1971.0,3976.0,4820.0,4804.0,2956.0,3428.0,2505.0,2079.0,935.0,1053.0,480.0,505.0,1122.0,1613.0,1293.0,615.0,532.0,    Visitantes Internacionales
Colima,Museo Regional de Historia de Colima,12817.0,17654.0,28027.0,27826.0,33477.0,27859.0,18680.0,17052.0,19475.0,15941.0,20458.0,17370.0,17244.0,15320.0,13641.0,12424.0,16569.0,13248.0,15412.0,21344.0,Total Visitantes
Colima,Museo Regional de Historia de Colima,11278.0,15714.0,26215.0,25855.0,29501.0,23039.0,13876.0,14096.0,16047.0,13436.0,18379.0,16435.0,16191.0,14840.0,13136.0,11302.0,14956.0,11955.0,14797.0,20812.0,    Visitantes Nacionales
Colima,Museo Regional de Historia de Colima,1539.0,1940.0,1812.0,1971.0,3976.0,4820.0,4804.0,2956.0,3428.0,2505.0,2079.0,935.0,1053.0,480.0,505.0,1122.0,1613.0,1293.0,615.0,532.0,    Visitantes Internacionales
Ciudad de México,Total Estado,3310800.0,3410684.0,3322964.0,3646270.0,3985986.0,4909183.0,3969214.0,4361367.0,4397628.0,3866079.0,4237243.0,4355363.0,4924346.0,5205009.0,5369799.0,5735355.0,5071444.0,6247205.0,7232707.0,7976428.0,Total Visitantes
Ciudad de México,Total Estado,2705138.0,2931753.0,2911911.0,3248144.0,3543223.0,4461381.0,3541074.0,3996391.0,4034557.0,3633398.0,3941829.0,4026449.0,4598884.0,4845926.0,4932948.0,5276994.0,4617088.0,5782401.0,6596962.0,7299108.0,    Visitantes Nacionales
Ciudad de México,Total Estado,605662.0,478931.0,411053.0,398126.0,442763.0,447802.0,428140.0,364976.0,363071.0,232681.0,295414.0,328914.0,325462.0,359083.0,436851.0,458361.0,454356.0,464804.0,635745.0,677320.0,    Visitantes Internacionales
Ciudad de México,"Centro Comunitario Culhuacán, Ex Convento de San Juan Evangelista",4340.0,4380.0,26598.0,12000.0,18632.0,19320.0,36782.0,63257.0,62942.0,67537.0,78131.0,109900.0,156681.0,162340.0,143027.0,141193.0,153885.0,83167.0,142392.0,161843.0,Total Visitantes
Ciudad de México,"Centro Comunitario Culhuacán, Ex Convento de San Juan Evangelista",4330.0,4379.0,26513.0,11988.0,18610.0,19314.0,36773.0,63223.0,62941.0,67535.0,78131.0,109900.0,156679.0,162337.0,143027.0,140906.0,152806.0,82639.0,141744.0,161721.0,    Visitantes Nacionales
Ciudad de México,"Centro Comunitario Culhuacán, Ex Convento de San Juan Evangelista",10.0,1.0,85.0,12.0,22.0,6.0,9.0,34.0,1.0,2.0,0.0,0.0,2.0,3.0,0.0,287.0,1079.0,528.0,648.0,122.0,    Visitantes Internacionales
Ciudad de México,Galería de Historia,192465.0,0.0,7535.0,284258.0,246070.0,290475.0,254917.0,238943.0,266392.0,258777.0,367139.0,252244.0,267436.0,273970.0,345854.0,430400.0,262679.0,296470.0,184796.0,187672.0,Total Visitantes
Ciudad de México,Galería de Historia,191702.0,0.0,7359.0,283395.0,245889.0,290292.0,254898.0,238943.0,266372.0,258195.0,366509.0,251822.0,267255.0,273654.0,345704.0,429536.0,262396.0,295796.0,183655.0,186702.0,    Visitantes Nacionales
Ciudad de México,Galería de Historia,763.0,0.0,176.0,863.0,181.0,183.0,19.0,0.0,20.0,582.0,630.0,422.0,181.0,316.0,150.0,864.0,283.0,674.0,1141.0,970.0,    Visitantes Internacionales
Ciudad de México,Museo Casa Carranza,17156.0,14876.0,16288.0,17315.0,14408.0,13142.0,22195.0,39768.0,27059.0,26353.0,31131.0,23384.0,24439.0,28557.0,25725.0,25557.0,23676.0,26852.0,25738.0,23543.0,Total Visitantes
Ciudad de México,Museo Casa Carranza,17039.0,14744.0,16211.0,17222.0,14175.0,13030.0,22041.0,39623.0,26853.0,26046.0,30946.0,23232.0,24271.0,28283.0,25505.0,25353.0,23449.0,26664.0,25614.0,23429.0,    Visitantes Nacionales
Ciudad de México,Museo Casa Carranza,117.0,132.0,77.0,93.0,233.0,112.0,154.0,145.0,206.0,307.0,185.0,152.0,168.0,274.0,220.0,204.0,227.0,188.0,124.0,114.0,    Visitantes Internacionales
Ciudad de México,Museo de El Carmen,87249.0,177705.0,60083.0,27445.0,25335.0,27391.0,48217.0,52113.0,48489.0,51149.0,63011.0,62869.0,47368.0,55808.0,48559.0,59261.0,55633.0,61654.0,63266.0,81156.0,Total Visitantes
Ciudad de México,Museo de El Carmen,82992.0,169006.0,57698.0,26229.0,23996.0,25773.0,46451.0,50808.0,46987.0,49308.0,60832.0,61274.0,46893.0,53986.0,47631.0,58423.0,54513.0,60397.0,61702.0,79628.0,    Visitantes Nacionales
Ciudad de México,Museo de El Carmen,4257.0,8699.0,2385.0,1216.0,1339.0,1618.0,1766.0,1305.0,1502.0,1841.0,2179.0,1595.0,475.0,1822.0,928.0,838.0,1120.0,1257.0,1564.0,1528.0,    Visitantes Internacionales
Ciudad de México,Museo del Templo Mayor,517672.0,558061.0,539165.0,507909.0,495120.0,502239.0,532588.0,598204.0,863628.0,630917.0,728888.0,584513.0,584155.0,642265.0,646367.0,711290.0,653513.0,801942.0,977275.0,912673.0,Total Visitantes
Ciudad de México,Museo del Templo Mayor,409390.0,450105.0,446531.0,445390.0,426515.0,424829.0,443506.0,543244.0,800633.0,586320.0,663027.0,522233.0,530784.0,581565.0,570364.0,638010.0,585990.0,726438.0,885863.0,791102.0,    Visitantes Nacionales
Ciudad de México,Museo del Templo Mayor,108282.0,107956.0,92634.0,62519.0,68605.0,77410.0,89082.0,54960.0,62995.0,44597.0,65861.0,62280.0,53371.0,60700.0,76003.0,73280.0,67523.0,75504.0,91412.0,121571.0,    Visitantes Internacionales
Ciudad de México,Museo Nacional de Antropología,1544162.0,1170948.0,1243487.0,1391842.0,1506229.0,2328404.0,1403231.0,1793584.0,1641457.0,1562873.0,1446506.0,1767092.0,2117303.0,2002133.0,2379747.0,1963021.0,1712645.0,2336115.0,2596725.0,3086555.0,Total Visitantes
Ciudad de México,Museo Nacional de Antropología,1103003.0,864795.0,963801.0,1092342.0,1180586.0,2011244.0,1117311.0,1536558.0,1387548.0,1393131.0,1253273.0,1569002.0,1897144.0,1741611.0,2086636.0,1674611.0,1437750.0,2063340.0,2212588.0,2719373.0,    Visitantes Nacionales
Ciudad de México,Museo Nacional de Antropología,441159.0,306153.0,279686.0,299500.0,325643.0,317160.0,285920.0,257026.0,253909.0,169742.0,193233.0,198090.0,220159.0,260522.0,293111.0,288410.0,274895.0,272775.0,384137.0,367182.0,    Visitantes Internacionales
Ciudad de México,Museo Nacional de Historia,545463.0,1003067.0,960979.0,1010099.0,1317697.0,1351951.0,1362886.0,1260619.0,1173015.0,1183785.0,1379047.0,1272534.0,1403647.0,1677915.0,1479382.0,2006072.0,1703992.0,2135465.0,2661615.0,2811646.0,Total Visitantes
Ciudad de México,Museo Nacional de Historia,501478.0,950231.0,928536.0,979266.0,1292267.0,1327186.0,1331889.0,1215022.0,1135627.0,1168339.0,1348234.0,1212995.0,1353597.0,1642701.0,1413223.0,1928436.0,1622573.0,2050800.0,2537181.0,2661374.0,    Visitantes Nacionales
Ciudad de México,Museo Nacional de Historia,43985.0,52836.0,32443.0,30833.0,25430.0,24765.0,30997.0,45597.0,37388.0,15446.0,30813.0,59539.0,50050.0,35214.0,66159.0,77636.0,81419.0,84665.0,124434.0,150272.0,    Visitantes Internacionales
Ciudad de México,Museo Nacional de las Culturas,290897.0,360322.0,345597.0,281504.0,251647.0,260997.0,194681.0,188675.0,198930.0,0.0,39774.0,183499.0,215637.0,219624.0,172708.0,262741.0,366735.0,369865.0,438913.0,567997.0,Total Visitantes
Ciudad de México,Museo Nacional de las Culturas,284985.0,357861.0,343020.0,279140.0,231089.0,235103.0,175212.0,183149.0,192164.0,0.0,37480.0,176820.0,214717.0,219624.0,172708.0,246307.0,339551.0,341675.0,407685.0,533558.0,    Visitantes Nacionales
Ciudad de México,Museo Nacional de las Culturas,5912.0,2461.0,2577.0,2364.0,20558.0,25894.0,19469.0,5526.0,6766.0,0.0,2294.0,6679.0,920.0,0.0,0.0,16434.0,27184.0,28190.0,31228.0,34439.0,    Visitantes Internacionales
Ciudad de México,Museo Nacional de las Intervenciones,111396.0,121325.0,123232.0,113898.0,110848.0,115264.0,113717.0,126204.0,115716.0,84688.0,103616.0,99328.0,107680.0,142397.0,128430.0,135820.0,138686.0,135675.0,141987.0,143343.0,Total Visitantes
Ciudad de México,Museo Nacional de las Intervenciones,110219.0,120632.0,122242.0,113172.0,110096.0,114610.0,112993.0,125821.0,115432.0,84524.0,103397.0,99171.0,107544.0,142165.0,128150.0,135412.0,138060.0,134652.0,140930.0,142221.0,    Visitantes Nacionales
Ciudad de México,Museo Nacional de las Intervenciones,1177.0,693.0,990.0,726.0,752.0,654.0,724.0,383.0,284.0,164.0,219.0,157.0,136.0,232.0,280.0,408.0,626.0,1023.0,1057.0,1122.0,    Visitantes Internacionales
Estado de México,Total Estado,440988.0,454194.0,450447.0,449132.0,531011.0,444683.0,404774.0,426806.0,416192.0,394078.0,377382.0,396646.0,532399.0,476967.0,426073.0,482061.0,490739.0,405006.0,364806.0,447985.0,Total Visitantes
Estado de México,Total Estado,419829.0,439969.0,433956.0,431577.0,510821.0,432984.0,394050.0,407090.0,402506.0,383635.0,364971.0,386248.0,499555.0,452368.0,415598.0,465592.0,459832.0,393518.0,350886.0,436522.0,    Visitantes Nacionales
Estado de México,Total Estado,21159.0,14225.0,16491.0,17555.0,20190.0,11699.0,10724.0,19716.0,13686.0,10443.0,12411.0,10398.0,32844.0,24599.0,10475.0,16469.0,30907.0,11488.0,13920.0,11463.0,    Visitantes Internacionales
Estado de México,Capilla Abierta de Tlalmanalco,1854.0,4878.0,4379.0,4328.0,9068.0,10448.0,5683.0,4432.0,2190.0,5181.0,3886.0,6673.0,12249.0,7647.0,9548.0,6052.0,6782.0,5862.0,5716.0,14461.0,Total Visitantes
Estado de México,Capilla Abierta de Tlalmanalco,1798.0,4878.0,4335.0,4202.0,9068.0,10444.0,5680.0,4425.0,2190.0,5097.0,3886.0,6663.0,12249.0,7620.0,9548.0,6041.0,6782.0,5862.0,5716.0,14461.0,    Visitantes Nacionales
Estado de México,Capilla Abierta de Tlalmanalco,56.0,0.0,44.0,126.0,0.0,4.0,3.0,7.0,0.0,84.0,0.0,10.0,0.0,27.0,0.0,11.0,0.0,0.0,0.0,0.0,    Visitantes Internacionales
Estado de México,Capilla Abierta del Templo de Calimaya,738.0,609.0,1304.0,1443.0,1387.0,2355.0,1964.0,2715.0,12910.0,2583.0,3579.0,4605.0,5150.0,2776.0,5760.0,7027.0,6247.0,9227.0,4091.0,8168.0,Total Visitantes
Estado de México,Capilla Abierta del Templo de Calimaya,738.0,609.0,1291.0,1424.0,1386.0,2354.0,1964.0,2698.0,12862.0,2579.0,3579.0,4601.0,5148.0,2773.0,5752.0,7015.0,6247.0,9220.0,4089.0,8164.0,    Visitantes Nacionales
Estado de México,Capilla Abierta del Templo de Calimaya,0.0,0.0,13.0,19.0,1.0,1.0,0.0,17.0,48.0,4.0,0.0,4.0,2.0,3.0,8.0,12.0,0.0,7.0,2.0,4.0,    Visitantes Internacionales
Estado de México,Centro Comunitario Ecatepec Casa de Morelos,35009.0,28335.0,27182.0,34127.0,39002.0,36352.0,36111.0,66908.0,56338.0,48276.0,27069.0,50258.0,50037.0,61055.0,37204.0,65191.0,65439.0,37492.0,13817.0,19702.0,Total Visitantes
Estado de México,Centro Comunitario Ecatepec Casa de Morelos,35009.0,28335.0,27182.0,34127.0,39002.0,36352.0,36111.0,66908.0,56338.0,48276.0,27069.0,50258.0,50037.0,61055.0,37204.0,65191.0,65439.0,37492.0,13817.0,19702.0,    Visitantes Nacionales
Estado de México,Centro Comunitario Ecatepec Casa de Morelos,0.0,0.0,0.0,0.0,0.0,0.0,0.0,0.0,0.0,0.0,0.0,0.0,0.0,0.0,0.0,0.0,0.0,0.0,0.0,0.0,    Visitantes Internacionales
Estado de México,Ex-Convento de Oxtotipac,3558.0,3281.0,5302.0,2858.0,3567.0,2972.0,2764.0,3181.0,2296.0,1471.0,2305.0,4084.0,4253.0,6050.0,10998.0,12594.0,16654.0,12442.0,8914.0,12179.0,Total Visitantes
Estado de México,Ex-Convento de Oxtotipac,3404.0,3208.0,5161.0,2835.0,3462.0,2884.0,2615.0,3146.0,2296.0,1416.0,2268.0,4040.0,4228.0,6050.0,10998.0,12594.0,16654.0,12442.0,8914.0,12179.0,    Visitantes Nacionales
Estado de México,Ex-Convento de Oxtotipac,154.0,73.0,141.0,23.0,105.0,88.0,149.0,35.0,0.0,55.0,37.0,44.0,25.0,0.0,0.0,0.0,0.0,0.0,0.0,0.0,    Visitantes Internacionales
Estado de México,"Museo de los Murales Teotihuacanos ""Beatriz de la Fuente""",110920.0,0.0,27682.0,29847.0,28760.0,0.0,0.0,23127.0,14810.0,18174.0,16441.0,20779.0,159980.0,81668.0,20683.0,50783.0,47039.0,20185.0,25798.0,30587.0,Total Visitantes
Estado de México,"Museo de los Murales Teotihuacanos ""Beatriz de la Fuente""",104651.0,0.0,24387.0,25279.0,23638.0,0.0,0.0,18997.0,11633.0,14730.0,13036.0,17316.0,133509.0,64412.0,17567.0,42620.0,23609.0,15475.0,18910.0,23114.0,    Visitantes Nacionales
Estado de México,"Museo de los Murales Teotihuacanos ""Beatriz de la Fuente""",6269.0,0.0,3295.0,4568.0,5122.0,0.0,0.0,4130.0,3177.0,3444.0,3405.0,3463.0,26471.0,17256.0,3116.0,8163.0,23430.0,4710.0,6888.0,7473.0,    Visitantes Internacionales
Estado de México,Museo Nacional del Virreinato,230151.0,244144.0,209279.0,212569.0,276248.0,230508.0,222993.0,225742.0,225520.0,228006.0,249748.0,252325.0,231435.0,223527.0,249387.0,254214.0,281808.0,261457.0,255134.0,276665.0,Total Visitantes
Estado de México,Museo Nacional del Virreinato,215758.0,236131.0,201987.0,205330.0,267604.0,223556.0,216406.0,218048.0,219514.0,223544.0,245412.0,248724.0,227543.0,219780.0,245732.0,250064.0,276363.0,256181.0,249662.0,273547.0,    Visitantes Nacionales
Estado de México,Museo Nacional del Virreinato,14393.0,8013.0,7292.0,7239.0,8644.0,6952.0,6587.0,7694.0,6006.0,4462.0,4336.0,3601.0,3892.0,3747.0,3655.0,4150.0,5445.0,5276.0,5472.0,3118.0,    Visitantes Internacionales
Estado de México,Museo Prehistórico de Tepexpan,58758.0,49908.0,47454.0,41044.0,55090.0,44918.0,33709.0,20058.0,19570.0,21132.0,13637.0,15488.0,11892.0,13368.0,12630.0,17514.0,15055.0,13833.0,9754.0,5309.0,Total Visitantes
Estado de México,Museo Prehistórico de Tepexpan,58471.0,49726.0,47355.0,40884.0,54973.0,44815.0,33577.0,20054.0,19557.0,21109.0,13581.0,15441.0,11890.0,13353.0,12603.0,17487.0,15032.0,13824.0,9686.0,5309.0,    Visitantes Nacionales
Estado de México,Museo Prehistórico de Tepexpan,287.0,182.0,99.0,160.0,117.0,103.0,132.0,4.0,13.0,23.0,56.0,47.0,2.0,15.0,27.0,27.0,23.0,9.0,68.0,0.0,    Visitantes Internacionales
Estado de México,Museo Virreinal de Acolman,0.0,123039.0,127865.0,122916.0,117889.0,117130.0,101550.0,80643.0,82558.0,69255.0,60717.0,42434.0,57403.0,80876.0,79863.0,68686.0,51715.0,44508.0,41582.0,80914.0,Total Visitantes
Estado de México,Museo Virreinal de Acolman,0.0,117082.0,122258.0,117496.0,111688.0,112579.0,97697.0,72814.0,78116.0,66884.0,56140.0,39205.0,54951.0,77325.0,76194.0,64580.0,49706.0,43022.0,40092.0,80046.0,    Visitantes Nacionales
Estado de México,Museo Virreinal de Acolman,0.0,5957.0,5607.0,5420.0,6201.0,4551.0,3853.0,7829.0,4442.0,2371.0,4577.0,3229.0,2452.0,3551.0,3669.0,4106.0,2009.0,1486.0,1490.0,868.0,    Visitantes Internacionales
Guanajuato,Total Estado,415390.0,388756.0,454261.0,413058.0,352961.0,425354.0,411317.0,384128.0,272267.0,327618.0,458431.0,406019.0,428413.0,444666.0,442998.0,493504.0,554941.0,567535.0,557436.0,472583.0,Total Visitantes
Guanajuato,Total Estado,400487.0,376639.0,440716.0,399573.0,339558.0,409289.0,395218.0,374312.0,264979.0,318021.0,448713.0,396360.0,417362.0,430952.0,429681.0,480115.0,539961.0,549015.0,536741.0,451447.0,    Visitantes Nacionales
Guanajuato,Total Estado,14903.0,12117.0,13545.0,13485.0,13403.0,16065.0,16099.0,9816.0,7288.0,9597.0,9718.0,9659.0,11051.0,13714.0,13317.0,13389.0,14980.0,18520.0,20695.0,21136.0,    Visitantes Internacionales
Guanajuato,Casa de Hidalgo,85815.0,80631.0,81802.0,82974.0,79574.0,83954.0,81656.0,82753.0,76059.0,79592.0,113534.0,85850.0,74917.0,80113.0,83970.0,92434.0,101734.0,101932.0,101031.0,78951.0,Total Visitantes
Guanajuato,Casa de Hidalgo,84603.0,79494.0,80471.0,82075.0,78482.0,82736.0,79564.0,81330.0,74846.0,78449.0,112686.0,84988.0,73816.0,79002.0,82542.0,91136.0,100451.0,99781.0,98451.0,76602.0,    Visitantes Nacionales
Guanajuato,Casa de Hidalgo,1212.0,1137.0,1331.0,899.0,1092.0,1218.0,2092.0,1423.0,1213.0,1143.0,848.0,862.0,1101.0,1111.0,1428.0,1298.0,1283.0,2151.0,2580.0,2349.0,    Visitantes Internacionales
Guanajuato,Ex-Convento Agustino de Fray Juan de Sahagún,3326.0,2414.0,3644.0,3445.0,3715.0,3889.0,4498.0,35.0,1973.0,3566.0,4860.0,2595.0,9456.0,7987.0,6667.0,8706.0,5972.0,5359.0,4677.0,4058.0,Total Visitantes
Guanajuato,Ex-Convento Agustino de Fray Juan de Sahagún,3108.0,2390.0,3590.0,3415.0,3692.0,3828.0,4391.0,35.0,1962.0,3547.0,4850.0,2595.0,9443.0,7897.0,6610.0,8659.0,5948.0,5347.0,4677.0,4058.0,    Visitantes Nacionales
Guanajuato,Ex-Convento Agustino de Fray Juan de Sahagún,218.0,24.0,54.0,30.0,23.0,61.0,107.0,0.0,11.0,19.0,10.0,0.0,13.0,90.0,57.0,47.0,24.0,12.0,0.0,0.0,    Visitantes Internacionales
Guanajuato,"Museo Casa de Hidalgo ""La Francia Chiquita""",6174.0,5603.0,5691.0,7226.0,3661.0,7052.0,6986.0,5423.0,0.0,390.0,442.0,5384.0,4903.0,4986.0,4004.0,4109.0,4242.0,4537.0,3553.0,3749.0,Total Visitantes
Guanajuato,"Museo Casa de Hidalgo ""La Francia Chiquita""",6108.0,5562.0,5633.0,7181.0,3636.0,6924.0,6823.0,5316.0,0.0,390.0,442.0,5363.0,4839.0,4882.0,3902.0,3961.0,4091.0,4390.0,3450.0,3674.0,    Visitantes Nacionales
Guanajuato,"Museo Casa de Hidalgo ""La Francia Chiquita""",66.0,41.0,58.0,45.0,25.0,128.0,163.0,107.0,0.0,0.0,0.0,21.0,64.0,104.0,102.0,148.0,151.0,147.0,103.0,75.0,    Visitantes Internacionales
Guanajuato,Museo Casa del Dr. José María Luis Mora,5454.0,5588.0,7090.0,7223.0,4916.0,8888.0,9211.0,11235.0,8711.0,13646.0,14396.0,23266.0,23920.0,16806.0,24174.0,24551.0,29051.0,27550.0,26441.0,19025.0,Total Visitantes
Guanajuato,Museo Casa del Dr. José María Luis Mora,5144.0,5588.0,7090.0,7223.0,4916.0,8818.0,9135.0,11233.0,8711.0,13646.0,14396.0,23266.0,23920.0,16806.0,24174.0,24551.0,29051.0,27550.0,26441.0,19025.0,    Visitantes Nacionales
Guanajuato,Museo Casa del Dr. José María Luis Mora,310.0,0.0,0.0,0.0,0.0,70.0,76.0,2.0,0.0,0.0,0.0,0.0,0.0,0.0,0.0,0.0,0.0,0.0,0.0,0.0,    Visitantes Internacionales
Guanajuato,Museo Ex Convento Agustino de San Pablo,9937.0,9296.0,11457.0,10794.0,10534.0,11640.0,12744.0,12698.0,9441.0,10153.0,11069.0,11005.0,10204.0,8740.0,12481.0,14710.0,22786.0,24885.0,23202.0,16429.0,Total Visitantes
Guanajuato,Museo Ex Convento Agustino de San Pablo,9343.0,8817.0,10812.0,10339.0,9867.0,11233.0,12047.0,12523.0,9206.0,10019.0,10802.0,10885.0,10172.0,8688.0,12459.0,14636.0,22114.0,24014.0,22670.0,16025.0,    Visitantes Nacionales
Guanajuato,Museo Ex Convento Agustino de San Pablo,594.0,479.0,645.0,455.0,667.0,407.0,697.0,175.0,235.0,134.0,267.0,120.0,32.0,52.0,22.0,74.0,672.0,871.0,532.0,404.0,    Visitantes Internacionales
Guanajuato,Museo Histórico de San Miguel de Allende,44216.0,44384.0,50445.0,51510.0,57273.0,47967.0,49529.0,49526.0,0.0,58435.0,109751.0,99912.0,101784.0,104182.0,95657.0,103938.0,111464.0,133020.0,131094.0,121273.0,Total Visitantes
Guanajuato,Museo Histórico de San Miguel de Allende,42255.0,42307.0,47941.0,46663.0,50052.0,40947.0,43558.0,47627.0,0.0,55893.0,105822.0,96111.0,97035.0,97690.0,90495.0,99962.0,108913.0,128408.0,125624.0,116476.0,    Visitantes Nacionales
Guanajuato,Museo Histórico de San Miguel de Allende,1961.0,2077.0,2504.0,4847.0,7221.0,7020.0,5971.0,1899.0,0.0,2542.0,3929.0,3801.0,4749.0,6492.0,5162.0,3976.0,2551.0,4612.0,5470.0,4797.0,    Visitantes Internacionales
Guanajuato,Museo Local de Valle de Santiago,7694.0,8047.0,7589.0,7090.0,6918.0,8531.0,7797.0,12025.0,0.0,0.0,0.0,0.0,0.0,0.0,0.0,0.0,0.0,0.0,0.0,0.0,Total Visitantes
Guanajuato,Museo Local de Valle de Santiago,7661.0,7988.0,7499.0,7005.0,6806.0,8379.0,7596.0,11511.0,0.0,0.0,0.0,0.0,0.0,0.0,0.0,0.0,0.0,0.0,0.0,0.0,    Visitantes Nacionales
Guanajuato,Museo Local de Valle de Santiago,33.0,59.0,90.0,85.0,112.0,152.0,201.0,514.0,0.0,0.0,0.0,0.0,0.0,0.0,0.0,0.0,0.0,0.0,0.0,0.0,    Visitantes Internacionales
Guanajuato,Museo Regional de Guanajuato Alhóndiga de Granaditas,252774.0,232793.0,286543.0,242796.0,186370.0,253433.0,238896.0,210433.0,176083.0,161836.0,204379.0,178007.0,203229.0,221852.0,216045.0,245056.0,279692.0,270252.0,267438.0,229098.0,Total Visitantes
Guanajuato,Museo Regional de Guanajuato Alhóndiga de Granaditas,242265.0,224493.0,277680.0,235672.0,182107.0,246424.0,232104.0,204737.0,170254.0,156077.0,199715.0,173152.0,198137.0,215987.0,209499.0,237210.0,269393.0,259525.0,255428.0,215587.0,    Visitantes Nacionales
Guanajuato,Museo Regional de Guanajuato Alhóndiga de Granaditas,10509.0,8300.0,8863.0,7124.0,4263.0,7009.0,6792.0,5696.0,5829.0,5759.0,4664.0,4855.0,5092.0,5865.0,6546.0,7846.0,10299.0,10727.0,12010.0,13511.0,    Visitantes Internacionales
Guerrero,Total Estado,74016.0,82290.0,120129.0,151619.0,163273.0,153365.0,167168.0,210783.0,191099.0,195561.0,193301.0,159298.0,102377.0,85155.0,133208.0,109738.0,101675.0,145669.0,138473.0,137000.0,Total Visitantes
Guerrero,Total Estado,68541.0,72822.0,103472.0,127368.0,138838.0,126706.0,129749.0,194652.0,178182.0,186352.0,182096.0,150026.0,99699.0,81821.0,128875.0,104308.0,94441.0,134938.0,130427.0,127252.0,    Visitantes Nacionales
Guerrero,Total Estado,5475.0,9468.0,16657.0,24251.0,24435.0,26659.0,37419.0,16131.0,12917.0,9209.0,11205.0,9272.0,2678.0,3334.0,4333.0,5430.0,7234.0,10731.0,8046.0,9748.0,    Visitantes Internacionales
Guerrero,Museo Guillermo Spratling,10214.0,14273.0,11526.0,10043.0,11106.0,9647.0,12264.0,15139.0,25040.0,18722.0,16205.0,16417.0,14596.0,14696.0,15896.0,15989.0,18004.0,16551.0,18099.0,19059.0,Total Visitantes
Guerrero,Museo Guillermo Spratling,8189.0,12023.0,9589.0,8096.0,9122.0,7955.0,9207.0,13236.0,23748.0,17837.0,15163.0,15085.0,13422.0,12367.0,13445.0,13275.0,15082.0,13881.0,15725.0,16435.0,    Visitantes Nacionales
Guerrero,Museo Guillermo Spratling,2025.0,2250.0,1937.0,1947.0,1984.0,1692.0,3057.0,1903.0,1292.0,885.0,1042.0,1332.0,1174.0,2329.0,2451.0,2714.0,2922.0,2670.0,2374.0,2624.0,    Visitantes Internacionales
Guerrero,"Museo Histórico de Acapulco, Fuerte de San Diego",8223.0,32305.0,60190.0,83799.0,87945.0,86672.0,87269.0,82069.0,69817.0,90529.0,107517.0,88038.0,87781.0,70459.0,117312.0,93749.0,83301.0,82118.0,69612.0,65153.0,Total Visitantes
Guerrero,"Museo Histórico de Acapulco, Fuerte de San Diego",5129.0,25212.0,45652.0,61749.0,65610.0,61897.0,53167.0,68041.0,58434.0,82338.0,97429.0,81226.0,86277.0,69454.0,115430.0,91033.0,79004.0,74402.0,64082.0,58397.0,    Visitantes Nacionales
Guerrero,"Museo Histórico de Acapulco, Fuerte de San Diego",3094.0,7093.0,14538.0,22050.0,22335.0,24775.0,34102.0,14028.0,11383.0,8191.0,10088.0,6812.0,1504.0,1005.0,1882.0,2716.0,4297.0,7716.0,5530.0,6756.0,    Visitantes Internacionales
Guerrero,Museo Regional de Guerrero,55579.0,35712.0,48413.0,57777.0,64222.0,57046.0,67635.0,113575.0,96242.0,86310.0,69579.0,54843.0,0.0,0.0,0.0,0.0,370.0,47000.0,50762.0,52788.0,Total Visitantes
Guerrero,Museo Regional de Guerrero,55223.0,35587.0,48231.0,57523.0,64106.0,56854.0,67375.0,113375.0,96000.0,86177.0,69504.0,53715.0,0.0,0.0,0.0,0.0,355.0,46655.0,50620.0,52420.0,    Visitantes Nacionales
Guerrero,Museo Regional de Guerrero,356.0,125.0,182.0,254.0,116.0,192.0,260.0,200.0,242.0,133.0,75.0,1128.0,0.0,0.0,0.0,0.0,15.0,345.0,142.0,368.0,    Visitantes Internacionales
Hidalgo,Total Estado,62754.0,59128.0,90649.0,92441.0,80095.0,71370.0,83849.0,91708.0,92412.0,109772.0,89620.0,85958.0,74165.0,86648.0,84789.0,79343.0,91798.0,82605.0,91514.0,86667.0,Total Visitantes
Hidalgo,Total Estado,60827.0,57886.0,88195.0,89576.0,79420.0,69745.0,82739.0,90834.0,91134.0,108515.0,88191.0,84938.0,73521.0,85946.0,81468.0,77995.0,90197.0,81309.0,90084.0,85477.0,    Visitantes Nacionales
Hidalgo,Total Estado,1927.0,1242.0,2454.0,2865.0,675.0,1625.0,1110.0,874.0,1278.0,1257.0,1429.0,1020.0,644.0,702.0,3321.0,1348.0,1601.0,1296.0,1430.0,1190.0,    Visitantes Internacionales
Hidalgo,Ex - convento de San Andrés Epazoyucan,4899.0,5010.0,8782.0,12023.0,14999.0,15176.0,20190.0,22668.0,25371.0,45261.0,24786.0,20864.0,16151.0,18318.0,18376.0,17990.0,20161.0,18447.0,22340.0,15249.0,Total Visitantes
Hidalgo,Ex - convento de San Andrés Epazoyucan,4474.0,4944.0,8619.0,11841.0,14831.0,15000.0,19958.0,22619.0,25326.0,45205.0,24705.0,20826.0,16121.0,18297.0,18355.0,17984.0,20118.0,18439.0,22319.0,15220.0,    Visitantes Nacionales
Hidalgo,Ex - convento de San Andrés Epazoyucan,425.0,66.0,163.0,182.0,168.0,176.0,232.0,49.0,45.0,56.0,81.0,38.0,30.0,21.0,21.0,6.0,43.0,8.0,21.0,29.0,    Visitantes Internacionales
Hidalgo,"Ex - convento de San Miguel Arcángel, Ixmiquilpan",10325.0,10819.0,3663.0,0.0,0.0,0.0,0.0,0.0,0.0,0.0,0.0,0.0,0.0,0.0,0.0,0.0,0.0,0.0,0.0,0.0,Total Visitantes
Hidalgo,"Ex - convento de San Miguel Arcángel, Ixmiquilpan",10176.0,10454.0,3642.0,0.0,0.0,0.0,0.0,0.0,0.0,0.0,0.0,0.0,0.0,0.0,0.0,0.0,0.0,0.0,0.0,0.0,    Visitantes Nacionales
Hidalgo,"Ex - convento de San Miguel Arcángel, Ixmiquilpan",149.0,365.0,21.0,0.0,0.0,0.0,0.0,0.0,0.0,0.0,0.0,0.0,0.0,0.0,0.0,0.0,0.0,0.0,0.0,0.0,    Visitantes Internacionales
Hidalgo,Museo de Actopan,16277.0,15902.0,17090.0,18299.0,18745.0,19183.0,22091.0,20805.0,19935.0,18217.0,19795.0,21948.0,17919.0,16217.0,18527.0,17590.0,18846.0,20223.0,21844.0,22569.0,Total Visitantes
Hidalgo,Museo de Actopan,15590.0,15852.0,17032.0,18264.0,18745.0,19180.0,21945.0,20672.0,19767.0,18107.0,19630.0,21840.0,17829.0,16078.0,16595.0,17537.0,18744.0,20139.0,21792.0,22446.0,    Visitantes Nacionales
Hidalgo,Museo de Actopan,687.0,50.0,58.0,35.0,0.0,3.0,146.0,133.0,168.0,110.0,165.0,108.0,90.0,139.0,1932.0,53.0,102.0,84.0,52.0,123.0,    Visitantes Internacionales
Hidalgo,Museo de la Fotografía,31253.0,27397.0,44409.0,47437.0,32570.0,24153.0,26258.0,30164.0,29314.0,27429.0,27749.0,27407.0,22972.0,35142.0,30607.0,29043.0,33224.0,31381.0,32964.0,33585.0,Total Visitantes
Hidalgo,Museo de la Fotografía,30587.0,26636.0,42333.0,45432.0,32119.0,22790.0,25693.0,29601.0,28437.0,26888.0,27253.0,26972.0,22577.0,34733.0,29810.0,28246.0,32481.0,30693.0,32137.0,32932.0,    Visitantes Nacionales
Hidalgo,Museo de la Fotografía,666.0,761.0,2076.0,2005.0,451.0,1363.0,565.0,563.0,877.0,541.0,496.0,435.0,395.0,409.0,797.0,797.0,743.0,688.0,827.0,653.0,    Visitantes Internacionales
Hidalgo,Museo Regional de Hidalgo,0.0,0.0,0.0,0.0,0.0,24153.0,0.0,3660.0,463.0,0.0,0.0,0.0,0.0,0.0,0.0,0.0,0.0,0.0,0.0,0.0,Total Visitantes
Hidalgo,Museo Regional de Hidalgo,0.0,0.0,0.0,0.0,0.0,0.0,0.0,3623.0,460.0,0.0,0.0,0.0,0.0,0.0,0.0,0.0,0.0,0.0,0.0,0.0,    Visitantes Nacionales
Hidalgo,Museo Regional de Hidalgo,0.0,0.0,0.0,0.0,0.0,0.0,0.0,37.0,3.0,0.0,0.0,0.0,0.0,0.0,0.0,0.0,0.0,0.0,0.0,0.0,    Visitantes Internacionales
Hidalgo,Museo Tepeapulco,0.0,0.0,16705.0,14682.0,13781.0,12858.0,15310.0,14411.0,17329.0,18865.0,17290.0,15739.0,17123.0,16971.0,17279.0,14720.0,19567.0,12554.0,14366.0,15264.0,Total Visitantes
Hidalgo,Museo Tepeapulco,0.0,0.0,16569.0,14039.0,13725.0,12775.0,15143.0,14319.0,17144.0,18315.0,16603.0,15300.0,16994.0,16838.0,16708.0,14228.0,18854.0,12038.0,13836.0,14879.0,    Visitantes Nacionales
Hidalgo,Museo Tepeapulco,0.0,0.0,136.0,643.0,56.0,83.0,167.0,92.0,185.0,550.0,687.0,439.0,129.0,133.0,571.0,492.0,713.0,516.0,530.0,385.0,    Visitantes Internacionales
Jalisco,Total Estado,125326.0,131518.0,168640.0,217401.0,238288.0,266801.0,286140.0,349281.0,260502.0,187593.0,242196.0,217004.0,207339.0,211087.0,198333.0,174766.0,178839.0,198452.0,188950.0,152592.0,Total Visitantes
Jalisco,Total Estado,99207.0,98960.0,140771.0,200429.0,224544.0,230215.0,245245.0,294209.0,211674.0,166961.0,223378.0,195657.0,186509.0,198381.0,184049.0,165392.0,172915.0,195508.0,181810.0,141920.0,    Visitantes Nacionales
Jalisco,Total Estado,26119.0,32558.0,27869.0,16972.0,13744.0,36586.0,40895.0,55072.0,48828.0,20632.0,18818.0,21347.0,20830.0,12706.0,14284.0,9374.0,5924.0,2944.0,7140.0,10672.0,    Visitantes Internacionales
Jalisco,"Museo ""Casa Agustín Rivera""",6560.0,5801.0,6787.0,7278.0,6449.0,5499.0,4732.0,4164.0,5483.0,7390.0,8024.0,5510.0,6462.0,3498.0,6544.0,6913.0,10815.0,9347.0,12147.0,10019.0,Total Visitantes
Jalisco,"Museo ""Casa Agustín Rivera""",6557.0,5774.0,6783.0,7278.0,6419.0,5112.0,4725.0,4164.0,5464.0,7329.0,8005.0,5433.0,6409.0,3492.0,6533.0,6859.0,9947.0,9305.0,12080.0,9990.0,    Visitantes Nacionales
Jalisco,"Museo ""Casa Agustín Rivera""",3.0,27.0,4.0,0.0,30.0,387.0,7.0,0.0,19.0,61.0,19.0,77.0,53.0,6.0,11.0,54.0,868.0,42.0,67.0,29.0,    Visitantes Internacionales
Jalisco,Museo Arqueológico de Ciudad Guzmán,10221.0,10404.0,12328.0,9708.0,10485.0,6187.0,7007.0,4426.0,196.0,2087.0,688.0,2483.0,2545.0,2419.0,2295.0,2881.0,2070.0,2762.0,4256.0,3287.0,Total Visitantes
Jalisco,Museo Arqueológico de Ciudad Guzmán,10146.0,10345.0,12311.0,9690.0,10287.0,6169.0,7007.0,4412.0,196.0,2053.0,676.0,2453.0,2525.0,2407.0,2282.0,2872.0,2064.0,2760.0,4246.0,3281.0,    Visitantes Nacionales
Jalisco,Museo Arqueológico de Ciudad Guzmán,75.0,59.0,17.0,18.0,198.0,18.0,0.0,14.0,0.0,34.0,12.0,30.0,20.0,12.0,13.0,9.0,6.0,2.0,10.0,6.0,    Visitantes Internacionales
Jalisco,Museo del Cuale,37272.0,42769.0,33024.0,14221.0,1314.0,23315.0,22637.0,34161.0,19962.0,19452.0,21450.0,18928.0,30790.0,10192.0,15816.0,7396.0,0.0,0.0,11347.0,20160.0,Total Visitantes
Jalisco,Museo del Cuale,19661.0,22108.0,15763.0,9415.0,570.0,9766.0,10531.0,11369.0,9998.0,9947.0,12119.0,11835.0,17533.0,5840.0,8544.0,2797.0,0.0,0.0,8029.0,13848.0,    Visitantes Nacionales
Jalisco,Museo del Cuale,17611.0,20661.0,17261.0,4806.0,744.0,13549.0,12106.0,22792.0,9964.0,9505.0,9331.0,7093.0,13257.0,4352.0,7272.0,4599.0,0.0,0.0,3318.0,6312.0,    Visitantes Internacionales
Jalisco,Museo Regional de Guadalajara,71273.0,72544.0,116501.0,186194.0,220040.0,231800.0,251764.0,306530.0,234861.0,158664.0,212034.0,190083.0,167542.0,194978.0,173678.0,157576.0,165954.0,186343.0,161200.0,119126.0,Total Visitantes
Jalisco,Museo Regional de Guadalajara,62843.0,60733.0,105914.0,174046.0,207268.0,209168.0,222982.0,274264.0,196016.0,147632.0,202578.0,175936.0,160042.0,186642.0,166690.0,152864.0,160904.0,183443.0,157455.0,114801.0,    Visitantes Nacionales
Jalisco,Museo Regional de Guadalajara,8430.0,11811.0,10587.0,12148.0,12772.0,22632.0,28782.0,32266.0,38845.0,11032.0,9456.0,14147.0,7500.0,8336.0,6988.0,4712.0,5050.0,2900.0,3745.0,4325.0,    Visitantes Internacionales
Michoacán,Total Estado,116264.0,122915.0,110517.0,124301.0,128063.0,145755.0,131644.0,112995.0,101880.0,71375.0,56352.0,70860.0,64446.0,64174.0,66260.0,79058.0,90846.0,102238.0,96110.0,104990.0,Total Visitantes
Michoacán,Total Estado,103826.0,111648.0,102851.0,116306.0,118835.0,135792.0,123967.0,106410.0,96337.0,66954.0,54211.0,68809.0,62697.0,62458.0,64883.0,77492.0,87765.0,98951.0,91931.0,99470.0,    Visitantes Nacionales
Michoacán,Total Estado,12438.0,11267.0,7666.0,7995.0,9228.0,9963.0,7677.0,6585.0,5543.0,4421.0,2141.0,2051.0,1749.0,1716.0,1377.0,1566.0,3081.0,3287.0,4179.0,5520.0,    Visitantes Internacionales
Michoacán,Museo Casa de Morelos,31437.0,36028.0,32275.0,35179.0,36772.0,34400.0,32030.0,30256.0,19353.0,3152.0,20216.0,19011.0,14871.0,13645.0,12741.0,13884.0,15519.0,15161.0,16231.0,17028.0,Total Visitantes
Michoacán,Museo Casa de Morelos,30361.0,35100.0,31350.0,33987.0,35316.0,33110.0,30793.0,29459.0,19011.0,2924.0,19614.0,18506.0,14588.0,13411.0,12514.0,13730.0,15330.0,14771.0,15806.0,16626.0,    Visitantes Nacionales
Michoacán,Museo Casa de Morelos,1076.0,928.0,925.0,1192.0,1456.0,1290.0,1237.0,797.0,342.0,228.0,602.0,505.0,283.0,234.0,227.0,154.0,189.0,390.0,425.0,402.0,    Visitantes Internacionales
Michoacán,Museo de Artes y Oficios de Pátzcuaro,36293.0,38800.0,28786.0,35752.0,39206.0,61886.0,44130.0,26902.0,26287.0,22648.0,4888.0,18838.0,14492.0,15545.0,15068.0,20360.0,23595.0,25116.0,23870.0,23036.0,Total Visitantes
Michoacán,Museo de Artes y Oficios de Pátzcuaro,28703.0,31442.0,24932.0,32697.0,36260.0,57190.0,41171.0,23572.0,24182.0,20761.0,4482.0,18046.0,13806.0,14799.0,14481.0,19542.0,22441.0,23769.0,21904.0,21577.0,    Visitantes Nacionales
Michoacán,Museo de Artes y Oficios de Pátzcuaro,7590.0,7358.0,3854.0,3055.0,2946.0,4696.0,2959.0,3330.0,2105.0,1887.0,406.0,792.0,686.0,746.0,587.0,818.0,1154.0,1347.0,1966.0,1459.0,    Visitantes Internacionales
Michoacán,Museo de la Estampa Ex Convento de Santa María Magdalena,9608.0,9865.0,9496.0,9506.0,9699.0,10647.0,10924.0,7803.0,13878.0,15068.0,17914.0,15279.0,10157.0,12982.0,16843.0,21107.0,22848.0,25856.0,27283.0,28878.0,Total Visitantes
Michoacán,Museo de la Estampa Ex Convento de Santa María Magdalena,8855.0,9567.0,9327.0,9326.0,9484.0,10293.0,10432.0,7540.0,13176.0,14291.0,17061.0,14897.0,9918.0,12700.0,16640.0,20825.0,22446.0,25430.0,26833.0,28578.0,    Visitantes Nacionales
Michoacán,Museo de la Estampa Ex Convento de Santa María Magdalena,753.0,298.0,169.0,180.0,215.0,354.0,492.0,263.0,702.0,777.0,853.0,382.0,239.0,282.0,203.0,282.0,402.0,426.0,450.0,300.0,    Visitantes Internacionales
Michoacán,"Museo Regional Michoacano ""Dr. Nicolás León Calderón""",25536.0,23492.0,24352.0,29248.0,22062.0,23002.0,20498.0,29494.0,22860.0,14104.0,0.0,7333.0,12490.0,10441.0,9604.0,11012.0,13405.0,17572.0,9199.0,16931.0,Total Visitantes
Michoacán,"Museo Regional Michoacano ""Dr. Nicolás León Calderón""",23741.0,21932.0,22907.0,27431.0,20457.0,21565.0,19147.0,28256.0,21818.0,13080.0,0.0,7132.0,12197.0,10205.0,9417.0,10700.0,12925.0,17223.0,8807.0,16451.0,    Visitantes Nacionales
Michoacán,"Museo Regional Michoacano ""Dr. Nicolás León Calderón""",1795.0,1560.0,1445.0,1817.0,1605.0,1437.0,1351.0,1238.0,1042.0,1024.0,0.0,201.0,293.0,236.0,187.0,312.0,480.0,349.0,392.0,480.0,    Visitantes Internacionales
Michoacán,Templo de Tupátaro,13390.0,14730.0,15608.0,14616.0,20324.0,15820.0,24062.0,18540.0,19502.0,16403.0,13334.0,10399.0,12436.0,11561.0,12004.0,12695.0,15479.0,18533.0,19527.0,19117.0,Total Visitantes
Michoacán,Templo de Tupátaro,12166.0,13607.0,14335.0,12865.0,17318.0,13634.0,22424.0,17583.0,18150.0,15898.0,13054.0,10228.0,12188.0,11343.0,11831.0,12695.0,14623.0,17758.0,18581.0,16238.0,    Visitantes Nacionales
Michoacán,Templo de Tupátaro,1224.0,1123.0,1273.0,1751.0,3006.0,2186.0,1638.0,957.0,1352.0,505.0,280.0,171.0,248.0,218.0,173.0,0.0,856.0,775.0,946.0,2879.0,    Visitantes Internacionales
Morelos,Total Estado,284906.0,394046.0,523032.0,773105.0,792268.0,623498.0,424049.0,399798.0,396047.0,279974.0,268569.0,277979.0,258378.0,262768.0,260040.0,277549.0,287184.0,239935.0,68537.0,213346.0,Total Visitantes
Morelos,Total Estado,229365.0,325015.0,428839.0,627073.0,643263.0,504574.0,379126.0,368294.0,365725.0,259532.0,250195.0,260311.0,244087.0,253578.0,249038.0,263027.0,270379.0,226578.0,66084.0,195866.0,    Visitantes Nacionales
Morelos,Total Estado,55541.0,69031.0,94193.0,146032.0,149005.0,118924.0,44923.0,31504.0,30322.0,20442.0,18374.0,17668.0,14291.0,9190.0,11002.0,14522.0,16805.0,13357.0,2453.0,17480.0,    Visitantes Internacionales
Morelos,Jardín Etnobotánico y Museo de Medicina Tradicional y Herbolaria,12352.0,22892.0,25179.0,27813.0,23849.0,23385.0,20263.0,25320.0,20065.0,19967.0,17467.0,16885.0,16577.0,15195.0,17482.0,18891.0,16607.0,13146.0,1822.0,2316.0,Total Visitantes
Morelos,Jardín Etnobotánico y Museo de Medicina Tradicional y Herbolaria,8998.0,20289.0,23978.0,26493.0,22114.0,21863.0,18747.0,23864.0,18542.0,18722.0,16676.0,16288.0,16387.0,15195.0,17236.0,18529.0,16272.0,12960.0,1815.0,2285.0,    Visitantes Nacionales
Morelos,Jardín Etnobotánico y Museo de Medicina Tradicional y Herbolaria,3354.0,2603.0,1201.0,1320.0,1735.0,1522.0,1516.0,1456.0,1523.0,1245.0,791.0,597.0,190.0,0.0,246.0,362.0,335.0,186.0,7.0,31.0,    Visitantes Internacionales
Morelos,"Museo Histórico del Oriente de Morelos ""Casa de Morelos""",11171.0,12006.0,13577.0,14297.0,14519.0,13897.0,14152.0,16245.0,25145.0,11158.0,5022.0,10546.0,11918.0,11898.0,10577.0,9538.0,8676.0,8291.0,0.0,3025.0,Total Visitantes
Morelos,"Museo Histórico del Oriente de Morelos ""Casa de Morelos""",11107.0,11909.0,13519.0,14216.0,14371.0,13820.0,14079.0,16204.0,25115.0,11112.0,4986.0,10492.0,11856.0,11840.0,10529.0,9503.0,8599.0,8249.0,0.0,2973.0,    Visitantes Nacionales
Morelos,"Museo Histórico del Oriente de Morelos ""Casa de Morelos""",64.0,97.0,58.0,81.0,148.0,77.0,73.0,41.0,30.0,46.0,36.0,54.0,62.0,58.0,48.0,35.0,77.0,42.0,0.0,52.0,    Visitantes Internacionales
Morelos,Museo Regional Cuauhnáhuac,145021.0,237176.0,355638.0,605198.0,627980.0,458648.0,268928.0,235934.0,226770.0,141009.0,145690.0,140695.0,122563.0,131549.0,127203.0,140094.0,143471.0,107775.0,5064.0,101581.0,Total Visitantes
Morelos,Museo Regional Cuauhnáhuac,102996.0,180132.0,272302.0,471245.0,490989.0,352170.0,235633.0,210870.0,199207.0,122721.0,129659.0,127926.0,111374.0,122417.0,119227.0,131106.0,132554.0,99970.0,5064.0,90877.0,    Visitantes Nacionales
Morelos,Museo Regional Cuauhnáhuac,42025.0,57044.0,83336.0,133953.0,136991.0,106478.0,33295.0,25064.0,27563.0,18288.0,16031.0,12769.0,11189.0,9132.0,7976.0,8988.0,10917.0,7805.0,0.0,10704.0,    Visitantes Internacionales
Morelos,Museo y Centro de Documentación Histórica Ex Convento de Tepoztlán,116362.0,121972.0,128638.0,125797.0,125920.0,127568.0,120706.0,122299.0,124067.0,107840.0,100390.0,109853.0,107320.0,104126.0,104778.0,109026.0,118430.0,110723.0,61651.0,106424.0,Total Visitantes
Morelos,Museo y Centro de Documentación Histórica Ex Convento de Tepoztlán,106264.0,112685.0,119040.0,115119.0,115789.0,116721.0,110667.0,117356.0,122861.0,106977.0,98874.0,105605.0,104470.0,104126.0,102046.0,103889.0,112954.0,105399.0,59205.0,99731.0,    Visitantes Nacionales
Morelos,Museo y Centro de Documentación Histórica Ex Convento de Tepoztlán,10098.0,9287.0,9598.0,10678.0,10131.0,10847.0,10039.0,4943.0,1206.0,863.0,1516.0,4248.0,2850.0,0.0,2732.0,5137.0,5476.0,5324.0,2446.0,6693.0,    Visitantes Internacionales
Nayarit,Total Estado,28173.0,24762.0,49548.0,60312.0,50868.0,44938.0,37446.0,22106.0,22540.0,23546.0,24900.0,17346.0,8696.0,24476.0,16464.0,19838.0,20091.0,13988.0,16307.0,23963.0,Total Visitantes
Nayarit,Total Estado,26971.0,24043.0,48899.0,59465.0,50003.0,43287.0,35289.0,20893.0,21845.0,22696.0,24638.0,16830.0,8549.0,24293.0,15965.0,19358.0,19492.0,13381.0,15597.0,23482.0,    Visitantes Nacionales
Nayarit,Total Estado,1202.0,719.0,649.0,847.0,865.0,1651.0,2157.0,1213.0,695.0,850.0,262.0,516.0,147.0,183.0,499.0,480.0,599.0,607.0,710.0,481.0,    Visitantes Internacionales
Nayarit,Museo Local de Antropología e Historia de Compostela,7864.0,5842.0,7036.0,7502.0,7586.0,8492.0,8027.0,6432.0,6910.0,8799.0,9702.0,10101.0,7660.0,11083.0,7377.0,6863.0,8070.0,3978.0,5733.0,5534.0,Total Visitantes
Nayarit,Museo Local de Antropología e Historia de Compostela,7506.0,5672.0,6873.0,7231.0,7286.0,7203.0,6491.0,5663.0,6496.0,8221.0,9514.0,9638.0,7517.0,11027.0,7028.0,6521.0,7735.0,3645.0,5359.0,5311.0,    Visitantes Nacionales
Nayarit,Museo Local de Antropología e Historia de Compostela,358.0,170.0,163.0,271.0,300.0,1289.0,1536.0,769.0,414.0,578.0,188.0,463.0,143.0,56.0,349.0,342.0,335.0,333.0,374.0,223.0,    Visitantes Internacionales
Nayarit,Museo Regional de Nayarit,20309.0,18920.0,42512.0,52810.0,43282.0,36446.0,29419.0,15674.0,15630.0,14747.0,15198.0,7245.0,1036.0,13393.0,9087.0,12975.0,12021.0,10010.0,10574.0,18429.0,Total Visitantes
Nayarit,Museo Regional de Nayarit,19465.0,18371.0,42026.0,52234.0,42717.0,36084.0,28798.0,15230.0,15349.0,14475.0,15124.0,7192.0,1032.0,13266.0,8937.0,12837.0,11757.0,9736.0,10238.0,18171.0,    Visitantes Nacionales
Nayarit,Museo Regional de Nayarit,844.0,549.0,486.0,576.0,565.0,362.0,621.0,444.0,281.0,272.0,74.0,53.0,4.0,127.0,150.0,138.0,264.0,274.0,336.0,258.0,    Visitantes Internacionales
Nuevo León,Total Estado,40334.0,43251.0,56618.0,54573.0,60511.0,74792.0,65824.0,42685.0,37250.0,36763.0,32799.0,20663.0,28391.0,35141.0,45817.0,77486.0,51018.0,56222.0,38413.0,31895.0,Total Visitantes
Nuevo León,Total Estado,37703.0,40359.0,53178.0,51348.0,57914.0,72215.0,62954.0,41346.0,35966.0,35337.0,31974.0,20345.0,28167.0,34657.0,45300.0,77293.0,50456.0,55210.0,37665.0,31155.0,    Visitantes Nacionales
Nuevo León,Total Estado,2631.0,2892.0,3440.0,3225.0,2597.0,2577.0,2870.0,1339.0,1284.0,1426.0,825.0,318.0,224.0,484.0,517.0,193.0,562.0,1012.0,748.0,740.0,    Visitantes Internacionales
Nuevo León,"Museo Regional de Nuevo León ""Ex Obispado""",40334.0,43251.0,56618.0,54573.0,60511.0,74792.0,65824.0,42685.0,37250.0,36763.0,32799.0,20663.0,28391.0,35141.0,45817.0,77486.0,51018.0,56222.0,38413.0,31895.0,Total Visitantes
Nuevo León,"Museo Regional de Nuevo León ""Ex Obispado""",37703.0,40359.0,53178.0,51348.0,57914.0,72215.0,62954.0,41346.0,35966.0,35337.0,31974.0,20345.0,28167.0,34657.0,45300.0,77293.0,50456.0,55210.0,37665.0,31155.0,    Visitantes Nacionales
Nuevo León,"Museo Regional de Nuevo León ""Ex Obispado""",2631.0,2892.0,3440.0,3225.0,2597.0,2577.0,2870.0,1339.0,1284.0,1426.0,825.0,318.0,224.0,484.0,517.0,193.0,562.0,1012.0,748.0,740.0,    Visitantes Internacionales
Oaxaca,Total Estado,327478.0,332126.0,337651.0,327850.0,299599.0,292787.0,188922.0,192313.0,230966.0,240808.0,238747.0,227211.0,245025.0,249932.0,257344.0,243585.0,220066.0,277233.0,277406.0,326178.0,Total Visitantes
Oaxaca,Total Estado,246244.0,253148.0,258844.0,253430.0,231787.0,224909.0,146760.0,156308.0,182282.0,199504.0,199703.0,192543.0,213977.0,220294.0,227087.0,213579.0,189506.0,241478.0,234373.0,275827.0,    Visitantes Nacionales
Oaxaca,Total Estado,81234.0,78978.0,78807.0,74420.0,67812.0,67878.0,42162.0,36005.0,48684.0,41304.0,39044.0,34668.0,31048.0,29638.0,30257.0,30006.0,30560.0,35755.0,43033.0,50351.0,    Visitantes Internacionales
Oaxaca,Ex-Convento de Coixtlahuaca,2217.0,3063.0,2514.0,2857.0,2735.0,3873.0,2058.0,1909.0,3521.0,3241.0,3398.0,3809.0,3258.0,2530.0,3742.0,3391.0,3418.0,3633.0,3700.0,4121.0,Total Visitantes
Oaxaca,Ex-Convento de Coixtlahuaca,1935.0,2646.0,2224.0,2549.0,2640.0,3765.0,1970.0,1795.0,3291.0,3034.0,3204.0,3687.0,3223.0,2520.0,3730.0,3368.0,3355.0,3625.0,3690.0,4069.0,    Visitantes Nacionales
Oaxaca,Ex-Convento de Coixtlahuaca,282.0,417.0,290.0,308.0,95.0,108.0,88.0,114.0,230.0,207.0,194.0,122.0,35.0,10.0,12.0,23.0,63.0,8.0,10.0,52.0,    Visitantes Internacionales
Oaxaca,Ex-Convento de Cuilapan,23705.0,23021.0,21665.0,22147.0,14878.0,30442.0,26620.0,23163.0,29126.0,34419.0,29074.0,27369.0,36066.0,37283.0,29604.0,32085.0,33285.0,42254.0,37238.0,40975.0,Total Visitantes
Oaxaca,Ex-Convento de Cuilapan,19726.0,18828.0,18625.0,18989.0,12814.0,27160.0,24087.0,21430.0,26230.0,31720.0,26966.0,25991.0,34291.0,34882.0,29008.0,31416.0,32418.0,41251.0,36482.0,39943.0,    Visitantes Nacionales
Oaxaca,Ex-Convento de Cuilapan,3979.0,4193.0,3040.0,3158.0,2064.0,3282.0,2533.0,1733.0,2896.0,2699.0,2108.0,1378.0,1775.0,2401.0,596.0,669.0,867.0,1003.0,756.0,1032.0,    Visitantes Internacionales
Oaxaca,Ex-Convento de Santo Domingo Yanhuitlán,6209.0,5356.0,7171.0,5050.0,0.0,0.0,949.0,5606.0,7070.0,6409.0,9794.0,10967.0,12495.0,17442.0,15885.0,16583.0,15046.0,18532.0,20398.0,21584.0,Total Visitantes
Oaxaca,Ex-Convento de Santo Domingo Yanhuitlán,6134.0,5247.0,6724.0,4329.0,0.0,0.0,939.0,5411.0,6788.0,6257.0,9478.0,10598.0,11787.0,17142.0,15592.0,16297.0,14618.0,18050.0,19892.0,20996.0,    Visitantes Nacionales
Oaxaca,Ex-Convento de Santo Domingo Yanhuitlán,75.0,109.0,447.0,721.0,0.0,0.0,10.0,195.0,282.0,152.0,316.0,369.0,708.0,300.0,293.0,286.0,428.0,482.0,506.0,588.0,    Visitantes Internacionales
Oaxaca,Ex-Convento de Teposcolula,1848.0,2990.0,3675.0,4457.0,5539.0,5431.0,3801.0,3834.0,6376.0,8753.0,6520.0,5415.0,5173.0,6369.0,6052.0,4200.0,2844.0,5833.0,7837.0,9284.0,Total Visitantes
Oaxaca,Ex-Convento de Teposcolula,1477.0,2623.0,3220.0,4019.0,5280.0,5343.0,3680.0,3701.0,6186.0,8560.0,6348.0,5328.0,4993.0,6272.0,5922.0,4149.0,2794.0,5745.0,7669.0,9060.0,    Visitantes Nacionales
Oaxaca,Ex-Convento de Teposcolula,371.0,367.0,455.0,438.0,259.0,88.0,121.0,133.0,190.0,193.0,172.0,87.0,180.0,97.0,130.0,51.0,50.0,88.0,168.0,224.0,    Visitantes Internacionales
Oaxaca,Museo Casa de Juárez,16319.0,17983.0,15286.0,15393.0,15952.0,16197.0,11262.0,12270.0,15063.0,17272.0,14113.0,16666.0,17002.0,17964.0,18289.0,12489.0,12886.0,17949.0,19456.0,21935.0,Total Visitantes
Oaxaca,Museo Casa de Juárez,13308.0,14434.0,13256.0,12895.0,13318.0,14136.0,10474.0,10952.0,13321.0,14825.0,12365.0,14476.0,15649.0,16718.0,17321.0,11504.0,11912.0,16707.0,17991.0,19943.0,    Visitantes Nacionales
Oaxaca,Museo Casa de Juárez,3011.0,3549.0,2030.0,2498.0,2634.0,2061.0,788.0,1318.0,1742.0,2447.0,1748.0,2190.0,1353.0,1246.0,968.0,985.0,974.0,1242.0,1465.0,1992.0,    Visitantes Internacionales
Oaxaca,Museo de las Culturas de Oaxaca,264354.0,264538.0,272133.0,260783.0,243769.0,214714.0,127119.0,133978.0,157218.0,154739.0,158660.0,148063.0,158960.0,155875.0,168359.0,162463.0,137734.0,175980.0,176372.0,215099.0,Total Visitantes
Oaxaca,Museo de las Culturas de Oaxaca,192091.0,195184.0,200841.0,196039.0,182240.0,153785.0,89743.0,102374.0,115187.0,121139.0,126087.0,119412.0,132511.0,130291.0,140502.0,134678.0,110359.0,143357.0,136456.0,169145.0,    Visitantes Nacionales
Oaxaca,Museo de las Culturas de Oaxaca,72263.0,69354.0,71292.0,64744.0,61529.0,60929.0,37376.0,31604.0,42031.0,33600.0,32573.0,28651.0,26449.0,25584.0,27857.0,27785.0,27375.0,32623.0,39916.0,45954.0,    Visitantes Internacionales
Oaxaca,Sala Homenaje a Juárez,12826.0,15175.0,15207.0,17163.0,16726.0,22130.0,17113.0,11553.0,12592.0,15975.0,17188.0,14922.0,12071.0,12469.0,15413.0,12374.0,14853.0,13052.0,12405.0,13180.0,Total Visitantes
Oaxaca,Sala Homenaje a Juárez,11573.0,14186.0,13954.0,14610.0,15495.0,20720.0,15867.0,10645.0,11279.0,13969.0,15255.0,13051.0,11523.0,12469.0,15012.0,12167.0,14050.0,12743.0,12193.0,12671.0,    Visitantes Nacionales
Oaxaca,Sala Homenaje a Juárez,1253.0,989.0,1253.0,2553.0,1231.0,1410.0,1246.0,908.0,1313.0,2006.0,1933.0,1871.0,548.0,0.0,401.0,207.0,803.0,309.0,212.0,509.0,    Visitantes Internacionales
Puebla,Total Estado,333582.0,352803.0,365284.0,391308.0,360429.0,319150.0,340887.0,297512.0,284988.0,280231.0,247323.0,266978.0,306971.0,674652.0,619160.0,647661.0,526379.0,435047.0,333846.0,355877.0,Total Visitantes
Puebla,Total Estado,316973.0,345711.0,354649.0,378387.0,352401.0,309197.0,328828.0,290738.0,278571.0,274797.0,241401.0,259476.0,294279.0,666459.0,610689.0,638703.0,519897.0,428538.0,326879.0,348557.0,    Visitantes Nacionales
Puebla,Total Estado,16609.0,7092.0,10635.0,12921.0,8028.0,9953.0,12059.0,6774.0,6417.0,5434.0,5922.0,7502.0,12692.0,8193.0,8471.0,8958.0,6482.0,6509.0,6967.0,7320.0,    Visitantes Internacionales
Puebla,Casa de la Palestina,2088.0,1389.0,308.0,237.0,281.0,294.0,323.0,239.0,555.0,650.0,598.0,267.0,409.0,394.0,323.0,308.0,195.0,81.0,0.0,0.0,Total Visitantes
Puebla,Casa de la Palestina,1597.0,1233.0,308.0,237.0,281.0,294.0,323.0,239.0,555.0,641.0,598.0,267.0,409.0,394.0,323.0,308.0,195.0,81.0,0.0,0.0,    Visitantes Nacionales
Puebla,Casa de la Palestina,491.0,156.0,0.0,0.0,0.0,0.0,0.0,0.0,0.0,9.0,0.0,0.0,0.0,0.0,0.0,0.0,0.0,0.0,0.0,0.0,    Visitantes Internacionales
Puebla,Casa del Dean,0.0,6334.0,4980.0,6678.0,8202.0,8041.0,7830.0,5749.0,7439.0,8346.0,5419.0,12743.0,12471.0,23011.0,16970.0,23537.0,15162.0,9932.0,10867.0,16018.0,Total Visitantes
Puebla,Casa del Dean,0.0,5849.0,4420.0,6109.0,7754.0,7350.0,7087.0,3945.0,5869.0,6257.0,4313.0,10086.0,10866.0,19112.0,13709.0,21633.0,14118.0,9067.0,9981.0,14519.0,    Visitantes Nacionales
Puebla,Casa del Dean,0.0,485.0,560.0,569.0,448.0,691.0,743.0,1804.0,1570.0,2089.0,1106.0,2657.0,1605.0,3899.0,3261.0,1904.0,1044.0,865.0,886.0,1499.0,    Visitantes Internacionales
Puebla,Ex-Convento de san Franciso Huaquechula,8245.0,7329.0,7385.0,8162.0,7543.0,8429.0,7841.0,6154.0,3097.0,8072.0,7994.0,12417.0,10488.0,7994.0,17072.0,17555.0,10793.0,2987.0,0.0,0.0,Total Visitantes
Puebla,Ex-Convento de san Franciso Huaquechula,8096.0,7260.0,7324.0,8110.0,7494.0,8344.0,7660.0,6054.0,3048.0,7970.0,7925.0,12361.0,10485.0,7981.0,16908.0,17371.0,10689.0,2958.0,0.0,0.0,    Visitantes Nacionales
Puebla,Ex-Convento de san Franciso Huaquechula,149.0,69.0,61.0,52.0,49.0,85.0,181.0,100.0,49.0,102.0,69.0,56.0,3.0,13.0,164.0,184.0,104.0,29.0,0.0,0.0,    Visitantes Internacionales
Puebla,Ex-Convento de San Francisco Tecamachalco,0.0,7903.0,11668.0,8888.0,11137.0,10490.0,9047.0,3580.0,5134.0,9115.0,7369.0,6933.0,6221.0,13792.0,15025.0,21514.0,15134.0,5883.0,9677.0,10683.0,Total Visitantes
Puebla,Ex-Convento de San Francisco Tecamachalco,0.0,7903.0,11668.0,8888.0,11137.0,10490.0,9047.0,3580.0,5134.0,9109.0,7344.0,6929.0,6217.0,13774.0,15024.0,21462.0,15105.0,5883.0,9677.0,10683.0,    Visitantes Nacionales
Puebla,Ex-Convento de San Francisco Tecamachalco,0.0,0.0,0.0,0.0,0.0,0.0,0.0,0.0,0.0,6.0,25.0,4.0,4.0,18.0,1.0,52.0,29.0,0.0,0.0,0.0,    Visitantes Internacionales
Puebla,Ex-Convento Franciscano de Tecalli,18221.0,16875.0,24584.0,25165.0,29541.0,26330.0,27888.0,33691.0,33565.0,34422.0,40005.0,33283.0,31795.0,62145.0,62026.0,70415.0,64169.0,45254.0,43099.0,44475.0,Total Visitantes
Puebla,Ex-Convento Franciscano de Tecalli,17990.0,16722.0,24582.0,25014.0,29383.0,26240.0,27776.0,33047.0,32626.0,33350.0,37567.0,30717.0,30899.0,60697.0,60669.0,69937.0,63606.0,44693.0,42680.0,44001.0,    Visitantes Nacionales
Puebla,Ex-Convento Franciscano de Tecalli,231.0,153.0,2.0,151.0,158.0,90.0,112.0,644.0,939.0,1072.0,2438.0,2566.0,896.0,1448.0,1357.0,478.0,563.0,561.0,419.0,474.0,    Visitantes Internacionales
Puebla,Fuerte de Guadalupe,48101.0,45600.0,59340.0,68830.0,81317.0,79345.0,99893.0,70749.0,80258.0,72230.0,60266.0,60256.0,44999.0,129073.0,112295.0,107989.0,92655.0,64795.0,50060.0,59355.0,Total Visitantes
Puebla,Fuerte de Guadalupe,47204.0,45130.0,58655.0,68017.0,80662.0,78465.0,98215.0,69726.0,78443.0,70995.0,58650.0,58802.0,37505.0,128644.0,111730.0,107363.0,91910.0,63967.0,49217.0,58663.0,    Visitantes Nacionales
Puebla,Fuerte de Guadalupe,897.0,470.0,685.0,813.0,655.0,880.0,1678.0,1023.0,1815.0,1235.0,1616.0,1454.0,7494.0,429.0,565.0,626.0,745.0,828.0,843.0,692.0,    Visitantes Internacionales
Puebla,Museo de Arte Religioso de Santa Mónica,53009.0,50454.0,59465.0,47643.0,33734.0,37170.0,29333.0,16588.0,21333.0,21623.0,0.0,973.0,40792.0,62180.0,61609.0,54250.0,40499.0,25758.0,22042.0,24255.0,Total Visitantes
Puebla,Museo de Arte Religioso de Santa Mónica,45478.0,45361.0,53453.0,43317.0,30292.0,32065.0,27215.0,15549.0,20620.0,21416.0,0.0,951.0,38756.0,61729.0,60654.0,51124.0,39524.0,24966.0,20776.0,23681.0,    Visitantes Nacionales
Puebla,Museo de Arte Religioso de Santa Mónica,7531.0,5093.0,6012.0,4326.0,3442.0,5105.0,2118.0,1039.0,713.0,207.0,0.0,22.0,2036.0,451.0,955.0,3126.0,975.0,792.0,1266.0,574.0,    Visitantes Internacionales
Puebla,Museo de la Evangelización,24733.0,25506.0,22180.0,25651.0,24707.0,25011.0,28363.0,26616.0,26187.0,29153.0,24454.0,31988.0,33793.0,53623.0,55025.0,61883.0,37159.0,23465.0,22101.0,23680.0,Total Visitantes
Puebla,Museo de la Evangelización,24376.0,25111.0,21584.0,25021.0,24240.0,24613.0,27871.0,25908.0,25614.0,28905.0,24157.0,31639.0,33443.0,52656.0,53877.0,60617.0,35971.0,22380.0,21151.0,22945.0,    Visitantes Nacionales
Puebla,Museo de la Evangelización,357.0,395.0,596.0,630.0,467.0,398.0,492.0,708.0,573.0,248.0,297.0,349.0,350.0,967.0,1148.0,1266.0,1188.0,1085.0,950.0,735.0,    Visitantes Internacionales
Puebla,Museo de la No Intervención Fuerte de Loreto,99943.0,106375.0,108462.0,109323.0,76971.0,76678.0,91669.0,85934.0,59711.0,47210.0,54163.0,59204.0,70269.0,191764.0,152301.0,172302.0,143533.0,99916.0,81271.0,82779.0,Total Visitantes
Puebla,Museo de la No Intervención Fuerte de Loreto,93211.0,106375.0,106082.0,103344.0,74690.0,74367.0,85513.0,84933.0,59113.0,46946.0,54007.0,59043.0,70099.0,191089.0,151809.0,171613.0,142264.0,98329.0,79943.0,80751.0,    Visitantes Nacionales
Puebla,Museo de la No Intervención Fuerte de Loreto,6732.0,0.0,2380.0,5979.0,2281.0,2311.0,6156.0,1001.0,598.0,264.0,156.0,161.0,170.0,675.0,492.0,689.0,1269.0,1587.0,1328.0,2028.0,    Visitantes Internacionales
Puebla,Museo del Valle de Tehuacán,0.0,0.0,0.0,10166.0,7694.0,9089.0,5643.0,7555.0,12410.0,8766.0,15552.0,16414.0,19336.0,49575.0,39581.0,28951.0,18035.0,7635.0,10153.0,15044.0,Total Visitantes
Puebla,Museo del Valle de Tehuacán,0.0,0.0,0.0,10077.0,7632.0,9031.0,5602.0,7552.0,12360.0,8739.0,15503.0,16300.0,19237.0,49494.0,39472.0,28848.0,18005.0,7576.0,10123.0,15025.0,    Visitantes Nacionales
Puebla,Museo del Valle de Tehuacán,0.0,0.0,0.0,89.0,62.0,58.0,41.0,3.0,50.0,27.0,49.0,114.0,99.0,81.0,109.0,103.0,30.0,59.0,30.0,19.0,    Visitantes Internacionales
Puebla,Museo Regional de Puebla,79242.0,85038.0,66912.0,80565.0,79302.0,38273.0,33057.0,40657.0,35299.0,40644.0,31503.0,32500.0,36398.0,81101.0,86933.0,88957.0,89045.0,35320.0,35734.0,26032.0,Total Visitantes
Puebla,Museo Regional de Puebla,79021.0,84767.0,66573.0,80253.0,78836.0,37938.0,32519.0,40205.0,35189.0,40469.0,31337.0,32381.0,36363.0,80889.0,86514.0,88427.0,88510.0,34861.0,35306.0,25758.0,    Visitantes Nacionales
Puebla,Museo Regional de Puebla,221.0,271.0,339.0,312.0,466.0,335.0,538.0,452.0,110.0,175.0,166.0,119.0,35.0,212.0,419.0,530.0,535.0,459.0,428.0,274.0,    Visitantes Internacionales
Puebla,Museo de Tehuacán El Viejo,0.0,0.0,0.0,0.0,0.0,0.0,0.0,0.0,0.0,0.0,0.0,0.0,0.0,0.0,0.0,0.0,0.0,87009.0,34232.0,38911.0,Total Visitantes
Puebla,Museo de Tehuacán El Viejo,0.0,0.0,0.0,0.0,0.0,0.0,0.0,0.0,0.0,0.0,0.0,0.0,0.0,0.0,0.0,0.0,0.0,86837.0,33700.0,38003.0,    Visitantes Nacionales
Puebla,Museo de Tehuacán El Viejo,0.0,0.0,0.0,0.0,0.0,0.0,0.0,0.0,0.0,0.0,0.0,0.0,0.0,0.0,0.0,0.0,0.0,172.0,532.0,908.0,    Visitantes Internacionales
Puebla,Museo de Teteles del Santo Nombre,0.0,0.0,0.0,0.0,0.0,0.0,0.0,0.0,0.0,0.0,0.0,0.0,0.0,0.0,0.0,0.0,0.0,27012.0,14610.0,14645.0,Total Visitantes
Puebla,Museo de Teteles del Santo Nombre,0.0,0.0,0.0,0.0,0.0,0.0,0.0,0.0,0.0,0.0,0.0,0.0,0.0,0.0,0.0,0.0,0.0,26940.0,14325.0,14528.0,    Visitantes Nacionales
Puebla,Museo de Teteles del Santo Nombre,0.0,0.0,0.0,0.0,0.0,0.0,0.0,0.0,0.0,0.0,0.0,0.0,0.0,0.0,0.0,0.0,0.0,72.0,285.0,117.0,    Visitantes Internacionales
Querétaro,Total Estado,100209.0,109177.0,99341.0,131215.0,155799.0,157631.0,112221.0,97335.0,103452.0,108937.0,122929.0,110347.0,111167.0,130680.0,143715.0,108754.0,95400.0,99457.0,97295.0,97088.0,Total Visitantes
Querétaro,Total Estado,94424.0,103694.0,93155.0,125374.0,149208.0,150830.0,106815.0,93034.0,99451.0,105567.0,120091.0,108001.0,109507.0,129093.0,141989.0,106805.0,92800.0,96450.0,94502.0,93886.0,    Visitantes Nacionales
Querétaro,Total Estado,5785.0,5483.0,6186.0,5841.0,6591.0,6801.0,5406.0,4301.0,4001.0,3370.0,2838.0,2346.0,1660.0,1587.0,1726.0,1949.0,2600.0,3007.0,2793.0,3202.0,    Visitantes Internacionales
Querétaro,Museo Regional de Querétaro,100209.0,109177.0,99341.0,131215.0,155799.0,157631.0,112221.0,97335.0,103452.0,108937.0,122929.0,110347.0,111167.0,130680.0,143715.0,108754.0,95400.0,99457.0,97295.0,97088.0,Total Visitantes
Querétaro,Museo Regional de Querétaro,94424.0,103694.0,93155.0,125374.0,149208.0,150830.0,106815.0,93034.0,99451.0,105567.0,120091.0,108001.0,109507.0,129093.0,141989.0,106805.0,92800.0,96450.0,94502.0,93886.0,    Visitantes Nacionales
Querétaro,Museo Regional de Querétaro,5785.0,5483.0,6186.0,5841.0,6591.0,6801.0,5406.0,4301.0,4001.0,3370.0,2838.0,2346.0,1660.0,1587.0,1726.0,1949.0,2600.0,3007.0,2793.0,3202.0,    Visitantes Internacionales
Quintana Roo,Total Estado,13146.0,7298.0,9252.0,9109.0,6090.0,0.0,0.0,0.0,0.0,0.0,0.0,0.0,31584.0,107553.0,82491.0,78292.0,67768.0,53079.0,72302.0,88867.0,Total Visitantes
Quintana Roo,Total Estado,9639.0,4016.0,6233.0,7080.0,3155.0,0.0,0.0,0.0,0.0,0.0,0.0,0.0,25794.0,78095.0,55646.0,49934.0,43018.0,30409.0,38872.0,42129.0,    Visitantes Nacionales
Quintana Roo,Total Estado,3507.0,3282.0,3019.0,2029.0,2935.0,0.0,0.0,0.0,0.0,0.0,0.0,0.0,5790.0,29458.0,26845.0,28358.0,24750.0,22670.0,33430.0,46738.0,    Visitantes Internacionales
Quintana Roo,Museo Maya de Cancún con Z. A,13146.0,7298.0,9252.0,9109.0,6090.0,0.0,0.0,0.0,0.0,0.0,0.0,0.0,31584.0,107553.0,82491.0,78292.0,67768.0,53079.0,72302.0,88867.0,Total Visitantes
Quintana Roo,Museo Maya de Cancún con Z. A,9639.0,4016.0,6233.0,7080.0,3155.0,0.0,0.0,0.0,0.0,0.0,0.0,0.0,25794.0,78095.0,55646.0,49934.0,43018.0,30409.0,38872.0,42129.0,    Visitantes Nacionales
Quintana Roo,Museo Maya de Cancún con Z. A,3507.0,3282.0,3019.0,2029.0,2935.0,0.0,0.0,0.0,0.0,0.0,0.0,0.0,5790.0,29458.0,26845.0,28358.0,24750.0,22670.0,33430.0,46738.0,    Visitantes Internacionales
San Luis Potosí,Total Estado,42199.0,31902.0,32669.0,40011.0,36129.0,40986.0,38201.0,37419.0,43419.0,56313.0,35387.0,28962.0,30948.0,26207.0,31931.0,29775.0,38533.0,37266.0,29737.0,27388.0,Total Visitantes
San Luis Potosí,Total Estado,40966.0,31081.0,31660.0,38922.0,34933.0,39413.0,36786.0,37061.0,42953.0,55530.0,35361.0,28943.0,30871.0,26206.0,31931.0,29579.0,38090.0,36580.0,28801.0,26174.0,    Visitantes Nacionales
San Luis Potosí,Total Estado,1233.0,821.0,1009.0,1089.0,1196.0,1573.0,1415.0,358.0,466.0,783.0,26.0,19.0,77.0,1.0,0.0,196.0,443.0,686.0,936.0,1214.0,    Visitantes Internacionales
San Luis Potosí,Museo Regional Potosino,42199.0,31902.0,32669.0,40011.0,36129.0,40986.0,38201.0,37419.0,43419.0,56313.0,35387.0,28962.0,30948.0,26207.0,31931.0,29775.0,38533.0,37266.0,29737.0,27388.0,Total Visitantes
San Luis Potosí,Museo Regional Potosino,40966.0,31081.0,31660.0,38922.0,34933.0,39413.0,36786.0,37061.0,42953.0,55530.0,35361.0,28943.0,30871.0,26206.0,31931.0,29579.0,38090.0,36580.0,28801.0,26174.0,    Visitantes Nacionales
San Luis Potosí,Museo Regional Potosino,1233.0,821.0,1009.0,1089.0,1196.0,1573.0,1415.0,358.0,466.0,783.0,26.0,19.0,77.0,1.0,0.0,196.0,443.0,686.0,936.0,1214.0,    Visitantes Internacionales
Sinaloa,Total Estado,0.0,0.0,12901.0,8762.0,7864.0,4255.0,10977.0,5080.0,7235.0,4570.0,6747.0,4545.0,4911.0,6200.0,5978.0,7433.0,6926.0,6884.0,8635.0,21694.0,Total Visitantes
Sinaloa,Total Estado,0.0,0.0,4806.0,6021.0,7453.0,3492.0,8025.0,4322.0,6173.0,3439.0,4786.0,3719.0,4185.0,5592.0,5372.0,6535.0,6218.0,5957.0,7864.0,20508.0,    Visitantes Nacionales
Sinaloa,Total Estado,0.0,0.0,8095.0,2741.0,411.0,763.0,2952.0,758.0,1062.0,1131.0,1961.0,826.0,726.0,608.0,606.0,898.0,708.0,927.0,771.0,1186.0,    Visitantes Internacionales
Sinaloa,Museo Arqueológico de Mazatlán,0.0,0.0,12901.0,8762.0,7864.0,4255.0,10977.0,5080.0,7235.0,4570.0,6747.0,4545.0,4911.0,6200.0,5978.0,7433.0,6926.0,6884.0,8635.0,21694.0,Total Visitantes
Sinaloa,Museo Arqueológico de Mazatlán,0.0,0.0,4806.0,6021.0,7453.0,3492.0,8025.0,4322.0,6173.0,3439.0,4786.0,3719.0,4185.0,5592.0,5372.0,6535.0,6218.0,5957.0,7864.0,20508.0,    Visitantes Nacionales
Sinaloa,Museo Arqueológico de Mazatlán,0.0,0.0,8095.0,2741.0,411.0,763.0,2952.0,758.0,1062.0,1131.0,1961.0,826.0,726.0,608.0,606.0,898.0,708.0,927.0,771.0,1186.0,    Visitantes Internacionales
Sonora,Total Estado,22239.0,21595.0,23919.0,29025.0,27040.0,28385.0,30794.0,30725.0,32422.0,27207.0,29325.0,18816.0,0.0,0.0,0.0,0.0,0.0,0.0,0.0,0.0,Total Visitantes
Sonora,Total Estado,21600.0,21145.0,23511.0,28608.0,26578.0,27855.0,30174.0,29949.0,31971.0,26844.0,28986.0,18638.0,0.0,0.0,0.0,0.0,0.0,0.0,0.0,0.0,    Visitantes Nacionales
Sonora,Total Estado,639.0,450.0,408.0,417.0,462.0,530.0,620.0,776.0,451.0,363.0,339.0,178.0,0.0,0.0,0.0,0.0,0.0,0.0,0.0,0.0,    Visitantes Internacionales
Sonora,Museo Regional de Sonora,22239.0,21595.0,23919.0,29025.0,27040.0,28385.0,30794.0,30725.0,32422.0,27207.0,29325.0,18816.0,0.0,0.0,0.0,0.0,0.0,0.0,0.0,0.0,Total Visitantes
Sonora,Museo Regional de Sonora,21600.0,21145.0,23511.0,28608.0,26578.0,27855.0,30174.0,29949.0,31971.0,26844.0,28986.0,18638.0,0.0,0.0,0.0,0.0,0.0,0.0,0.0,0.0,    Visitantes Nacionales
Sonora,Museo Regional de Sonora,639.0,450.0,408.0,417.0,462.0,530.0,620.0,776.0,451.0,363.0,339.0,178.0,0.0,0.0,0.0,0.0,0.0,0.0,0.0,0.0,    Visitantes Internacionales
Tabasco,Total Estado,7919.0,8995.0,8258.0,8664.0,9892.0,9131.0,9365.0,7355.0,9235.0,9555.0,9093.0,5049.0,3833.0,4721.0,6360.0,5478.0,7295.0,4257.0,5435.0,6059.0,Total Visitantes
Tabasco,Total Estado,7912.0,8991.0,8256.0,8653.0,9850.0,9118.0,9347.0,7355.0,9204.0,9542.0,9066.0,4122.0,3798.0,4721.0,6360.0,5312.0,7295.0,4257.0,5407.0,6048.0,    Visitantes Nacionales
Tabasco,Total Estado,7.0,4.0,2.0,11.0,42.0,13.0,18.0,0.0,31.0,13.0,27.0,927.0,35.0,0.0,0.0,166.0,0.0,0.0,28.0,11.0,    Visitantes Internacionales
Tabasco,Museo de Oxolotán,7919.0,8995.0,8258.0,8664.0,9892.0,9131.0,9365.0,7355.0,9235.0,9555.0,9093.0,5049.0,3833.0,4721.0,6360.0,5478.0,7295.0,4257.0,5435.0,6059.0,Total Visitantes
Tabasco,Museo de Oxolotán,7912.0,8991.0,8256.0,8653.0,9850.0,9118.0,9347.0,7355.0,9204.0,9542.0,9066.0,4122.0,3798.0,4721.0,6360.0,5312.0,7295.0,4257.0,5407.0,6048.0,    Visitantes Nacionales
Tabasco,Museo de Oxolotán,7.0,4.0,2.0,11.0,42.0,13.0,18.0,0.0,31.0,13.0,27.0,927.0,35.0,0.0,0.0,166.0,0.0,0.0,28.0,11.0,    Visitantes Internacionales
Tamaulipas,Total Estado,8741.0,9084.0,7207.0,21952.0,59938.0,53140.0,34168.0,23469.0,15508.0,14920.0,9720.0,10201.0,17805.0,14083.0,11122.0,17948.0,13345.0,10095.0,10584.0,7371.0,Total Visitantes
Tamaulipas,Total Estado,8091.0,8166.0,6773.0,21444.0,58336.0,51403.0,32726.0,22968.0,15263.0,14673.0,9593.0,10112.0,17676.0,14008.0,11043.0,17863.0,13228.0,10028.0,10551.0,7300.0,    Visitantes Nacionales
Tamaulipas,Total Estado,650.0,918.0,434.0,508.0,1602.0,1737.0,1442.0,501.0,245.0,247.0,127.0,89.0,129.0,75.0,79.0,85.0,117.0,67.0,33.0,71.0,    Visitantes Internacionales
Tamaulipas,Museo de la Cultura Huasteca,8741.0,9084.0,7207.0,21952.0,59938.0,53140.0,34168.0,23469.0,15508.0,14920.0,9720.0,10201.0,17805.0,14083.0,11122.0,17948.0,13345.0,10095.0,10584.0,7371.0,Total Visitantes
Tamaulipas,Museo de la Cultura Huasteca,8091.0,8166.0,6773.0,21444.0,58336.0,51403.0,32726.0,22968.0,15263.0,14673.0,9593.0,10112.0,17676.0,14008.0,11043.0,17863.0,13228.0,10028.0,10551.0,7300.0,    Visitantes Nacionales
Tamaulipas,Museo de la Cultura Huasteca,650.0,918.0,434.0,508.0,1602.0,1737.0,1442.0,501.0,245.0,247.0,127.0,89.0,129.0,75.0,79.0,85.0,117.0,67.0,33.0,71.0,    Visitantes Internacionales
Tlaxcala,Total Estado,30844.0,29592.0,26608.0,24159.0,22359.0,28456.0,27956.0,26787.0,24218.0,22745.0,22209.0,24537.0,9673.0,0.0,6573.0,26155.0,24202.0,24794.0,24890.0,27198.0,Total Visitantes
Tlaxcala,Total Estado,30067.0,28601.0,25868.0,23412.0,21753.0,27488.0,26731.0,26479.0,24034.0,22517.0,21930.0,24338.0,9613.0,0.0,6518.0,26083.0,24070.0,24639.0,24659.0,27038.0,    Visitantes Nacionales
Tlaxcala,Total Estado,777.0,991.0,740.0,747.0,606.0,968.0,1225.0,308.0,184.0,228.0,279.0,199.0,60.0,0.0,55.0,72.0,132.0,155.0,231.0,160.0,    Visitantes Internacionales
Tlaxcala,Museo Regional de Tlaxcala,30844.0,29592.0,26608.0,24159.0,22359.0,28456.0,27956.0,26787.0,24218.0,22745.0,22209.0,24537.0,9673.0,0.0,6573.0,26155.0,24202.0,24794.0,24890.0,27198.0,Total Visitantes
Tlaxcala,Museo Regional de Tlaxcala,30067.0,28601.0,25868.0,23412.0,21753.0,27488.0,26731.0,26479.0,24034.0,22517.0,21930.0,24338.0,9613.0,0.0,6518.0,26083.0,24070.0,24639.0,24659.0,27038.0,    Visitantes Nacionales
Tlaxcala,Museo Regional de Tlaxcala,777.0,991.0,740.0,747.0,606.0,968.0,1225.0,308.0,184.0,228.0,279.0,199.0,60.0,0.0,55.0,72.0,132.0,155.0,231.0,160.0,    Visitantes Internacionales
Veracruz,Total Estado,207026.0,240906.0,195193.0,182310.0,205970.0,392268.0,310831.0,351078.0,274859.0,282770.0,248652.0,286509.0,244270.0,279285.0,285103.0,320337.0,295276.0,249630.0,276996.0,290122.0,Total Visitantes
Veracruz,Total Estado,198660.0,233671.0,188568.0,177509.0,197293.0,382617.0,300408.0,346278.0,270744.0,279708.0,247708.0,277021.0,243303.0,277524.0,283070.0,317761.0,292272.0,246811.0,273816.0,287237.0,    Visitantes Nacionales
Veracruz,Total Estado,8366.0,7235.0,6625.0,4801.0,8677.0,9651.0,10423.0,4800.0,4115.0,3062.0,944.0,9488.0,967.0,1761.0,2033.0,2576.0,3004.0,2819.0,3180.0,2885.0,    Visitantes Internacionales
Veracruz,Museo Baluarte de Santiago,33715.0,32530.0,23437.0,31573.0,20092.0,23076.0,24309.0,23548.0,23428.0,22939.0,22587.0,29698.0,18693.0,22730.0,27924.0,24637.0,16055.0,3808.0,0.0,0.0,Total Visitantes
Veracruz,Museo Baluarte de Santiago,31902.0,31116.0,22278.0,30210.0,18655.0,20305.0,22906.0,22734.0,22498.0,22259.0,21989.0,29523.0,18485.0,22356.0,27541.0,24472.0,15946.0,3792.0,0.0,0.0,    Visitantes Nacionales
Veracruz,Museo Baluarte de Santiago,1813.0,1414.0,1159.0,1363.0,1437.0,2771.0,1403.0,814.0,930.0,680.0,598.0,175.0,208.0,374.0,383.0,165.0,109.0,16.0,0.0,0.0,    Visitantes Internacionales
Veracruz,Museo de Sitio de El Zapotal,0.0,1409.0,1481.0,1424.0,1242.0,1858.0,0.0,2930.0,3009.0,2272.0,3211.0,2761.0,2539.0,2346.0,2057.0,1817.0,2351.0,2466.0,1689.0,1812.0,Total Visitantes
Veracruz,Museo de Sitio de El Zapotal,0.0,1273.0,1452.0,1316.0,1226.0,1816.0,0.0,2928.0,2900.0,2259.0,3174.0,2727.0,2512.0,2346.0,2057.0,1817.0,2351.0,2466.0,1689.0,1812.0,    Visitantes Nacionales
Veracruz,Museo de Sitio de El Zapotal,0.0,136.0,29.0,108.0,16.0,42.0,0.0,2.0,109.0,13.0,37.0,34.0,27.0,0.0,0.0,0.0,0.0,0.0,0.0,0.0,    Visitantes Internacionales
Veracruz,Museo de Sitio de Tres Zapotes con Z.A.,5279.0,4648.0,5942.0,5523.0,5644.0,4053.0,4239.0,2317.0,5319.0,4738.0,4637.0,5029.0,3839.0,3270.0,842.0,4037.0,3790.0,3455.0,4244.0,4233.0,Total Visitantes
Veracruz,Museo de Sitio de Tres Zapotes con Z.A.,4803.0,4282.0,5625.0,5220.0,5418.0,3834.0,4062.0,2240.0,5179.0,4619.0,4488.0,4887.0,3699.0,3206.0,831.0,3910.0,3705.0,3363.0,4136.0,4162.0,    Visitantes Nacionales
Veracruz,Museo de Sitio de Tres Zapotes con Z.A.,476.0,366.0,317.0,303.0,226.0,219.0,177.0,77.0,140.0,119.0,149.0,142.0,140.0,64.0,11.0,127.0,85.0,92.0,108.0,71.0,    Visitantes Internacionales
Veracruz,Museo del Fuerte de San Juan de Ulúa,158904.0,194956.0,156434.0,143790.0,177415.0,354508.0,272435.0,311703.0,234830.0,243363.0,209527.0,239665.0,209061.0,241761.0,245870.0,280735.0,265869.0,231692.0,264439.0,274583.0,Total Visitantes
Veracruz,Museo del Fuerte de San Juan de Ulúa,153492.0,190159.0,151791.0,140763.0,170478.0,348323.0,264105.0,308173.0,232231.0,241219.0,209473.0,230572.0,208490.0,240483.0,244263.0,278522.0,263129.0,229012.0,261471.0,271805.0,    Visitantes Nacionales
Veracruz,Museo del Fuerte de San Juan de Ulúa,5412.0,4797.0,4643.0,3027.0,6937.0,6185.0,8330.0,3530.0,2599.0,2144.0,54.0,9093.0,571.0,1278.0,1607.0,2213.0,2740.0,2680.0,2968.0,2778.0,    Visitantes Internacionales
Veracruz,Museo Local Tuxteco,9128.0,7363.0,7899.0,0.0,1577.0,8773.0,9848.0,7720.0,6258.0,6437.0,6164.0,5858.0,7229.0,6334.0,5441.0,5699.0,4059.0,4196.0,4158.0,6614.0,Total Visitantes
Veracruz,Museo Local Tuxteco,8463.0,6841.0,7422.0,0.0,1516.0,8339.0,9335.0,7394.0,6009.0,6399.0,6111.0,5845.0,7229.0,6289.0,5409.0,5628.0,3989.0,4165.0,4054.0,6578.0,    Visitantes Nacionales
Veracruz,Museo Local Tuxteco,665.0,522.0,477.0,0.0,61.0,434.0,513.0,326.0,249.0,38.0,53.0,13.0,0.0,45.0,32.0,71.0,70.0,31.0,104.0,36.0,    Visitantes Internacionales
Veracruz,Museo de Palmillas,0.0,0.0,0.0,0.0,0.0,0.0,0.0,2860.0,2015.0,3021.0,2526.0,3498.0,2909.0,2844.0,2969.0,3412.0,3152.0,4013.0,2466.0,2880.0,Total Visitantes
Veracruz,Museo de Palmillas,0.0,0.0,0.0,0.0,0.0,0.0,0.0,2809.0,1927.0,2953.0,2473.0,3467.0,2888.0,2844.0,2969.0,3412.0,3152.0,4013.0,2466.0,2880.0,    Visitantes Nacionales
Veracruz,Museo de Palmillas,0.0,0.0,0.0,0.0,0.0,0.0,0.0,51.0,88.0,68.0,53.0,31.0,21.0,0.0,0.0,0.0,0.0,0.0,0.0,0.0,    Visitantes Internacionales
Yucatán,Total Estado,108568.0,119541.0,53868.0,135589.0,160390.0,72616.0,74543.0,120211.0,136703.0,135478.0,148483.0,147746.0,101775.0,105310.0,68374.0,89138.0,112104.0,123292.0,109713.0,94006.0,Total Visitantes
Yucatán,Total Estado,84772.0,83228.0,40500.0,111174.0,128938.0,53681.0,57728.0,98481.0,111191.0,104697.0,119333.0,123083.0,84533.0,98256.0,61570.0,81990.0,104444.0,113230.0,99831.0,82202.0,    Visitantes Nacionales
Yucatán,Total Estado,23796.0,36313.0,13368.0,24415.0,31452.0,18935.0,16815.0,21730.0,25512.0,30781.0,29150.0,24663.0,17242.0,7054.0,6804.0,7148.0,7660.0,10062.0,9882.0,11804.0,    Visitantes Internacionales
Yucatán,"Museo Regional de Yucatán ""Palacio Cantón""",55206.0,64971.0,50555.0,52568.0,64860.0,68491.0,71463.0,116541.0,133463.0,130338.0,140592.0,140878.0,96238.0,98171.0,62795.0,86322.0,110734.0,120478.0,108640.0,90336.0,Total Visitantes
Yucatán,"Museo Regional de Yucatán ""Palacio Cantón""",40590.0,35789.0,37414.0,36884.0,47107.0,49783.0,54819.0,95156.0,108215.0,99772.0,112065.0,116702.0,79444.0,91775.0,56254.0,79279.0,103115.0,110646.0,98932.0,78770.0,    Visitantes Nacionales
Yucatán,"Museo Regional de Yucatán ""Palacio Cantón""",14616.0,29182.0,13141.0,15684.0,17753.0,18708.0,16644.0,21385.0,25248.0,30566.0,28527.0,24176.0,16794.0,6396.0,6541.0,7043.0,7619.0,9832.0,9708.0,11566.0,    Visitantes Internacionales
Yucatán,"Pinacoteca del Estado ""Juan Gamboa Guzmán""",53362.0,54570.0,3313.0,83021.0,95530.0,4125.0,3080.0,3670.0,3240.0,5140.0,7891.0,6868.0,5537.0,7139.0,5579.0,2816.0,1370.0,2814.0,1073.0,3670.0,Total Visitantes
Yucatán,"Pinacoteca del Estado ""Juan Gamboa Guzmán""",44182.0,47439.0,3086.0,74290.0,81831.0,3898.0,2909.0,3325.0,2976.0,4925.0,7268.0,6381.0,5089.0,6481.0,5316.0,2711.0,1329.0,2584.0,899.0,3432.0,    Visitantes Nacionales
Yucatán,"Pinacoteca del Estado ""Juan Gamboa Guzmán""",9180.0,7131.0,227.0,8731.0,13699.0,227.0,171.0,345.0,264.0,215.0,623.0,487.0,448.0,658.0,263.0,105.0,41.0,230.0,174.0,238.0,    Visitantes Internacionales
Zacatecas,Total Estado,123794.0,117698.0,97755.0,93219.0,80853.0,92607.0,73605.0,56928.0,53308.0,47767.0,46438.0,35179.0,44636.0,46335.0,37348.0,41476.0,44883.0,54253.0,43621.0,48240.0,Total Visitantes
Zacatecas,Total Estado,120700.0,114972.0,95462.0,90505.0,78570.0,87940.0,71390.0,55387.0,52231.0,47062.0,45928.0,34976.0,44294.0,46012.0,36866.0,41080.0,44291.0,53555.0,43014.0,47611.0,    Visitantes Nacionales
Zacatecas,Total Estado,3094.0,2726.0,2293.0,2714.0,2283.0,4667.0,2215.0,1541.0,1077.0,705.0,510.0,203.0,342.0,323.0,482.0,396.0,592.0,698.0,607.0,629.0,    Visitantes Internacionales
Zacatecas,Museo de Guadalupe,123794.0,117698.0,97755.0,93219.0,80853.0,92607.0,73605.0,56928.0,53308.0,47767.0,46438.0,35179.0,44636.0,46335.0,37348.0,41476.0,44883.0,54253.0,43621.0,48240.0,Total Visitantes
Zacatecas,Museo de Guadalupe,120700.0,114972.0,95462.0,90505.0,78570.0,87940.0,71390.0,55387.0,52231.0,47062.0,45928.0,34976.0,44294.0,46012.0,36866.0,41080.0,44291.0,53555.0,43014.0,47611.0,    Visitantes Nacionales
Zacatecas,Museo de Guadalupe,3094.0,2726.0,2293.0,2714.0,2283.0,4667.0,2215.0,1541.0,1077.0,705.0,510.0,203.0,342.0,323.0,482.0,396.0,592.0,698.0,607.0,629.0,    Visitantes Internacionales
