ciudad,museo_internacionales,museo_nacionales,zona_arqueologica_internacionales,zona_arqueologica_nacionales,vuelos_internacionales,vuelos_nacionales,cuartos_disponibles_promedio_E1,cuartos_disponibles_promedio_E2,cuartos_disponibles_promedio_E3,cuartos_disponibles_promedio_E4,cuartos_disponibles_promedio_E5,cuartos_disponibles_x_E1,cuartos_disponibles_x_E2,cuartos_disponibles_x_E3,cuartos_disponibles_x_E4,cuartos_disponibles_x_E5,cuartos_disponibles_y_E1,cuartos_disponibles_y_E2,cuartos_disponibles_y_E3,cuartos_disponibles_y_E4,cuartos_disponibles_y_E5,cuartos_ocupados_total_x_E1,cuartos_ocupados_total_x_E2,cuartos_ocupados_total_x_E3,cuartos_ocupados_total_x_E4,cuartos_ocupados_total_x_E5,porcentaje_de_ocupación_total_E1,porcentaje_de_ocupación_total_E2,porcentaje_de_ocupación_total_E3,porcentaje_de_ocupación_total_E4,porcentaje_de_ocupación_total_E5,llegada_de_turistas_total_E1,llegada_de_turistas_total_E2,llegada_de_turistas_total_E3,llegada_de_turistas_total_E4,llegada_de_turistas_total_E5,llegada_de_turistas_nacionales_E1,llegada_de_turistas_nacionales_E2,llegada_de_turistas_nacionales_E3,llegada_de_turistas_nacionales_E4,llegada_de_turistas_nacionales_E5,llegada_de_turistas_extranjeros_E1,llegada_de_turistas_extranjeros_E2,llegada_de_turistas_extranjeros_E3,llegada_de_turistas_extranjeros_E4,llegada_de_turistas_extranjeros_E5,turistas_noche_total_x_E1,turistas_noche_total_x_E2,turistas_noche_total_x_E3,turistas_noche_total_x_E4,turistas_noche_total_x_E5,turistas_noche_nacionales_x_E1,turistas_noche_nacionales_x_E2,turistas_noche_nacionales_x_E3,turistas_noche_nacionales_x_E4,turistas_noche_nacionales_x_E5,turistas_noche_extranjeros_x_E1,turistas_noche_extranjeros_x_E2,turistas_noche_extranjeros_x_E3,turistas_noche_extranjeros_x_E4,turistas_noche_extranjeros_x_E5,estadía_total_E1,estadía_total_E2,estadía_total_E3,estadía_total_E4,estadía_total_E5,estadía_nacionales_E1,estadía_nacionales_E2,estadía_nacionales_E3,estadía_nacionales_E4,estadía_nacionales_E5,estadía_extranjeros_E1,estadía_extranjeros_E2,estadía_extranjeros_E3,estadía_extranjeros_E4,estadía_extranjeros_E5,turistas_noche_total_y_E1,turistas_noche_total_y_E2,turistas_noche_total_y_E3,turistas_noche_total_y_E4,turistas_noche_total_y_E5,turistas_noche_nacionales_y_E1,turistas_noche_nacionales_y_E2,turistas_noche_nacionales_y_E3,turistas_noche_nacionales_y_E4,turistas_noche_nacionales_y_E5,turistas_noche_extranjeros_y_E1,turistas_noche_extranjeros_y_E2,turistas_noche_extranjeros_y_E3,turistas_noche_extranjeros_y_E4,turistas_noche_extranjeros_y_E5,cuartos_ocupados_total_y_E1,cuartos_ocupados_total_y_E2,cuartos_ocupados_total_y_E3,cuartos_ocupados_total_y_E4,cuartos_ocupados_total_y_E5,densidad_total_E1,densidad_total_E2,densidad_total_E3,densidad_total_E4,densidad_total_E5
Acapulco,6756.0,58397.0,37.0,2618.0,189.0,5703.0,12604.361643835615,54116.28767123288,85538.71780821918,147466.65479452055,142248.43561643836,4600592.0,19752445.0,31221632.0,53825329.0,51920679.0,4600592.0,19752445.0,31221632.0,53825329.0,51920679.0,907081.142857143,4704680.977267527,9204710.403254788,23979070.09365488,27819795.211927235,0.1971661783651197,0.2381822086970766,0.2948183619374794,0.4454978824867913,0.535813393579218,1569756.9957142856,8088803.657991944,14661785.900990803,37388405.78962368,36405622.24936792,1526979.4271428569,7993564.175812882,14418089.083072605,36100445.67827317,32673275.541381724,42777.56857142857,95239.4821790618,243696.81791819198,1287960.111350515,3732346.707986199,2020901.71,11285874.635319648,21769059.96623984,60189090.1487141,63927718.99755264,1914589.0014285715,10990676.70732059,20246715.444579054,54550195.19416021,52940483.88893762,106312.70857142858,295197.92799905885,1522344.5216607838,5638894.954553895,10987235.108615018,1.2873978045757524,1.395246455780753,1.4847481823321909,1.6098330184866625,1.7559847915705535,1.2538407311819346,1.3749406979900711,1.404257896308151,1.5110670843321723,1.6202992510465273,2.48524430260479,3.09953310586098,6.246878948463858,4.378159622227062,2.943787372460696,2020901.71,11285874.635319648,21769059.96623984,60189090.1487141,63927718.99755264,1914589.0014285715,10990676.70732059,20246715.444579054,54550195.19416021,52940483.88893762,106312.70857142858,295197.92799905885,1522344.5216607838,5638894.954553895,10987235.108615018,907081.142857143,4704680.977267527,9204710.403254788,23979070.09365488,27819795.211927235,2.2279172331094017,2.398860770762499,2.3649912938643123,2.5100677346383327,2.2979219836292972
Aguascalientes,440.0,28751.0,0.0,0.0,1680.0,3872.0,8271.753424657534,15731.898630136984,25074.534246575342,29830.178082191782,14542.0,3019190.0,5742143.0,9152205.0,10888015.0,5307830.0,3019190.0,5742143.0,9152205.0,10888015.0,5307830.0,724093.0,2097930.0,4550841.0,5748830.0,2958887.0,0.2398302193634716,0.3653566273079579,0.4972398454798598,0.527996149895091,0.5574570022024067,604999.0,2051196.0,3861655.0,4154491.0,1940136.0,604555.0,2041481.0,3621306.0,3806577.0,1663719.0,444.0,9715.0,240349.0,347914.0,276417.0,1182012.0,3501392.0,7292177.0,8830205.0,3980756.0,1181499.0,3486768.0,6805689.0,7785596.0,3193155.0,513.0,14624.0,486488.0,1044609.0,787601.0,1.9537420723009462,1.7070002086587532,1.8883553813067195,2.125460134586884,2.0517922454920687,1.9543283903036117,1.7079600544898532,1.8793465672329264,2.045301067074172,1.919287451787231,1.1554054054054057,1.5053010808028822,2.0240899691698324,3.002491995148226,2.8493218579175665,1182012.0,3501392.0,7292177.0,8830205.0,3980756.0,1181499.0,3486768.0,6805689.0,7785596.0,3193155.0,513.0,14624.0,486488.0,1044609.0,787601.0,724093.0,2097930.0,4550841.0,5748830.0,2958887.0,1.6324035724692822,1.6689746559704088,1.6023800875486531,1.5360003687706891,1.3453558719883525
Cancún,46738.0,42129.0,13786.0,23527.0,49529.0,31075.0,7896.205214317278,12149.686522315511,61273.98471056121,114385.1301369863,475935.27964648686,2882114.903225806,4434635.580645162,22365004.41935484,41750572.5,173716377.07096773,2882114.903225806,4434635.580645162,22365004.41935484,41750572.5,173716377.07096773,1375189.0,2437659.0,13904840.76,30949229.7184,126283877.0,0.47714579264720497,0.5496864298476052,0.6217231393867576,0.7412887504333024,0.7269543558832665,1221342.0,1816457.0,9191004.0,18745742.0,76714719.0,943340.0,1368429.0,4831992.0,6965981.0,20164064.0,278002.0,448028.0,4359012.0,11779761.0,56550655.0,2734664.0,4707213.0,29859936.2,69833965.0,316222645.0,2033885.0,3539788.0,13403246.6,21799467.0,71690906.0,700779.0,1167425.0,16456689.6,48034498.0,244531739.0,2.2390648974652474,2.591425505806083,3.24882202205548,3.725324129607673,4.122059614140019,2.1560466003773824,2.5867531307798943,2.77385529611804,3.1294180963169436,3.555379808356093,2.5207696347508293,2.6056965189675645,3.7753256013059837,4.077714140380268,4.324118597742149,2734664.0,4707213.0,29859936.2,69833965.0,316222645.0,2033885.0,3539788.0,13403246.6,21799467.0,71690906.0,700779.0,1167425.0,16456689.6,48034498.0,244531739.0,1375189.0,2437659.0,13904840.76,30949229.7184,126283877.0,1.9885732070282705,1.9310383445756767,2.14744898667937,2.2564039762993566,2.5040619001584816
Celaya,0.0,0.0,0.0,0.0,0.0,0.0,1578.2191780821918,5119.342465753424,5308.219178082191,13438.534246575342,1932.8383561643839,576050.0,1868560.0,1937500.0,4905065.0,705486.0,576050.0,1868560.0,1937500.0,4905065.0,705486.0,217513.0,750676.0,798129.0,2202052.0,417798.0,0.377593958857738,0.4017403776169885,0.4119375483870968,0.4489343158551416,0.5922130276150058,376319.0,981199.0,1074006.0,2660263.0,189720.0,376129.0,978839.0,1048160.0,2584812.0,142842.0,190.0,2360.0,25846.0,75451.0,46878.0,445698.0,1274000.0,1256094.0,3456810.0,504136.0,444967.0,1270934.0,1227897.0,3298635.0,339048.0,731.0,3066.0,28197.0,158175.0,165088.0,1.18436220334344,1.2984114333585746,1.1695409522851827,1.2994241546794434,2.657263335441704,1.1830169968282158,1.2984096465302262,1.1714785910548011,1.2761605099326372,2.3735876002856298,3.8473684210526318,1.2991525423728814,1.0909618509633985,2.0963936859683767,3.5216519476086865,445698.0,1274000.0,1256094.0,3456810.0,504136.0,444967.0,1270934.0,1227897.0,3298635.0,339048.0,731.0,3066.0,28197.0,158175.0,165088.0,217513.0,750676.0,798129.0,2202052.0,417798.0,2.0490637341216393,1.6971369805348782,1.5737982205884011,1.5698130652682134,1.2066501036386004
Chihuahua,0.0,0.0,0.0,0.0,0.0,1335.0,2770.495890410959,4909.983561643836,16587.720547945206,16607.67671232877,31760.504109589037,1011231.0,1792144.0,6054518.0,6061802.0,11592584.0,1011231.0,1792144.0,6054518.0,6061802.0,11592584.0,627836.0,1234439.0,1907950.0,3326996.0,5955792.0,0.6208630866735692,0.6888056986492157,0.3151283058370625,0.5488460362116744,0.5137587961407051,706652.0,1134485.0,1811307.0,3339247.0,4462190.0,677698.0,1101935.0,1666749.0,3115310.0,3224023.0,28954.0,32550.0,144558.0,223937.0,1238167.0,1028912.0,1846442.0,3136154.0,5575630.0,8636628.0,996744.0,1802551.0,2910973.0,5235621.0,6290271.0,32168.0,43891.0,225181.0,340009.0,2346357.0,1.4560377668215756,1.6275596415994922,1.7314315022246367,1.6697267377944789,1.93551327935386,1.4707790195632864,1.6358051972212515,1.7464975230223627,1.6806099553495482,1.951062694031649,1.1110036609794849,1.3484178187403997,1.5577207764357557,1.5183243501520516,1.8950246614551995,1028912.0,1846442.0,3136154.0,5575630.0,8636628.0,996744.0,1802551.0,2910973.0,5235621.0,6290271.0,32168.0,43891.0,225181.0,340009.0,2346357.0,627836.0,1234439.0,1907950.0,3326996.0,5955792.0,1.6388228773119096,1.4957741937835731,1.6437296574857831,1.6758751738805815,1.4501225025991504
Ciudad Juárez,8790.0,92409.0,0.0,0.0,1.0,2030.0,6921.3068493150695,6056.117808219178,42603.86849315069,29363.654794520553,15543.967123287672,2526277.0,2210483.0,15550412.0,10717734.0,5673548.0,2526277.0,2210483.0,15550412.0,10717734.0,5673548.0,1220539.2133958829,854640.0,7291681.12343305,6251347.860013926,3289967.190226876,0.4831375234765955,0.3866304332582517,0.4689059764740027,0.5832714135295695,0.579878268453334,1922865.376153173,1322363.0,8871656.428781385,6402106.506492727,3262904.1465968583,1818263.513097349,1207318.0,7982052.521632332,5468002.595184847,2737792.623036649,104601.86305582368,115045.0,889603.9071490519,934103.9113078802,525111.5235602094,2730310.8170299204,1903548.0,13107705.465039827,9816230.615325714,4960049.84816754,2582662.163026644,1749715.0,11814675.594822073,8137993.462006394,4092870.5410122164,147648.65400327713,153833.0,1293029.8702177536,1678237.1533193204,867179.307155323,1.4199178220641209,1.4395048863284892,1.4774811863223054,1.5332813669017435,1.5201334839519478,1.4204003679462105,1.4492577763273635,1.4801550807643606,1.4882936356271586,1.4949527245319878,1.4115298684926898,1.3371550262940588,1.4534894235813067,1.7966279051005647,1.651419304752492,2730310.8170299204,1903548.0,13107705.465039827,9816230.615325714,4960049.84816754,2582662.163026644,1749715.0,11814675.594822073,8137993.462006394,4092870.5410122164,147648.65400327713,153833.0,1293029.8702177536,1678237.1533193204,867179.307155323,1220539.2133958829,854640.0,7291681.12343305,6251347.860013926,3289967.190226876,2.236970993691737,2.2273097444538053,1.7976246140161012,1.5702582603208144,1.5076289705568444
Ciudad de México,677320.0,7299108.0,54362.0,197499.0,1393.0,8717.0,145754.5743419249,170188.97155529898,252336.0442455564,254306.84211268372,364114.7869226182,53200419.63480259,62118974.61768413,92102656.14962807,92821997.37112956,132901897.22675563,53200419.63480259,62118974.61768413,92102656.14962807,92821997.37112956,132901897.22675563,29254576.99474118,35508650.670910195,50431596.42616914,57110960.21941978,84221479.09155971,0.5498937263194716,0.5716232582628873,0.547558545371797,0.6152739850132012,0.6337116388027328,42189008.27423263,41527487.09600999,49536615.84104377,51850373.82870626,72589627.96000735,39306360.76709962,37407585.69783658,41136916.47714886,37879727.41645186,44819885.32488182,2882647.507133011,4119901.398173416,8399699.363894913,13970646.4122544,27769742.63512553,56900240.5810885,72349652.31668769,103735159.72456166,120762139.38471828,161440938.27294388,51717910.50626466,65171964.41345871,84365377.21981663,87760793.91688319,96173850.94659951,5182330.074823838,7177687.903228976,19369782.50474503,33001345.46783508,65267087.32634439,1.3486982251687796,1.7422111804987863,2.0941107494592206,2.3290505056659776,2.2240221201008006,1.3157644080230853,1.7422125271567006,2.050843486693533,2.3168274932930766,2.145785297072335,1.7977675251657872,1.7421989532106883,2.3060090207518242,2.3621917335827667,2.350295002150616,56900240.5810885,72349652.31668769,103735159.72456166,120762139.38471828,161440938.27294388,51717910.50626466,65171964.41345871,84365377.21981663,87760793.91688319,96173850.94659951,5182330.074823838,7177687.903228976,19369782.50474503,33001345.46783508,65267087.32634439,29254576.99474118,35508650.670910195,50431596.42616914,57110960.21941978,84221479.09155971,1.9450030192306973,2.0375218700145883,2.05694776837826,2.1145177549239453,1.9168618268676643
Cuautla de Morelos,52.0,2973.0,0.0,0.0,0.0,0.0,5491.616438356165,3516.249315068493,4799.172602739726,5301.797260273973,7076.183561643836,2004440.0,1283431.0,1751698.0,1935156.0,2582807.0,2004440.0,1283431.0,1751698.0,1935156.0,2582807.0,797555.0,530015.0,972969.0227272,839831.5263158001,1135160.8221687,0.3978941749316517,0.4129672728802717,0.5554433599440086,0.433986472571617,0.4395066383855626,1702505.0,862585.0,1446135.0,1294546.0,1258321.0,1699565.0,853193.0,1436885.0,1236265.0,1154105.0,2940.0,9392.0,9250.0,58281.0,104216.0,2998162.0,1195953.0,2717498.0,1872332.0,2330027.0,2989862.0,1182746.0,2694000.0,1762417.0,2108679.0,8300.0,13207.0,23498.0,109915.0,221348.0,1.7610297767113754,1.3864755357443037,1.8791454463103376,1.4463232669986237,1.851695235158596,1.7591924992571628,1.3862584432830556,1.8748890829815887,1.4255980716108603,1.8271119178930861,2.82312925170068,1.4061967632027257,2.5403243243243243,1.885949108628884,2.1239349044292624,2998162.0,1195953.0,2717498.0,1872332.0,2330027.0,2989862.0,1182746.0,2694000.0,1762417.0,2108679.0,8300.0,13207.0,23498.0,109915.0,221348.0,797555.0,530015.0,972969.0227272,839831.5263158001,1135160.8221687,3.7591915291108453,2.2564512325122874,2.792995395046538,2.2294138066161993,2.052596385020172
Cuernavaca,10735.0,93162.0,0.0,0.0,1362.0,1568.0,7769.202739726026,13556.00821917808,14019.449315068494,24045.065753424657,21388.03561643836,2835759.0,4947943.0,5117099.0,8776449.0,7806633.0,2835759.0,4947943.0,5117099.0,8776449.0,7806633.0,1191795.45000001,1484106.45092996,1719128.45755127,3985055.56496845,3836719.38208496,0.4202738843463108,0.2999441284853039,0.3359576309841318,0.4540624078107729,0.4914691624526169,1973751.24166666,2074122.81596671,2433540.67457665,4665195.9936870895,3788630.48878646,1804126.24166666,1983059.94587974,1966061.7706263,4375810.1536900485,3539948.09794525,169625.0,91062.87008697,467478.90395035,289385.83999704,248682.39084121,2440354.76785714,2801687.54288836,3096149.0287412107,7351173.96197431,6329570.69830723,2243168.76785714,2630371.96929231,2421711.74616836,6938910.78156864,5825698.47722147,197186.0,171315.57359605,674437.28257285,412263.18040567,503872.22108576,1.2364044243977141,1.350781892625074,1.2722816023117554,1.575748151186331,1.6706751204799235,1.2433546589205922,1.326420804755554,1.2317577109476627,1.5857431053577975,1.6457016645534932,1.1624819454679443,1.8812889757640439,1.4427116964501154,1.4246142119804026,2.0261676726740783,2440354.76785714,2801687.54288836,3096149.0287412107,7351173.96197431,6329570.69830723,2243168.76785714,2630371.96929231,2421711.74616836,6938910.78156864,5825698.47722147,197186.0,171315.57359605,674437.28257285,412263.18040567,503872.22108576,1191795.45000001,1484106.45092996,1719128.45755127,3985055.56496845,3836719.38208496,2.0476288677365897,1.8877941950409198,1.8009992302444755,1.8446854359062141,1.6497351168976029
Culiacán,0.0,0.0,0.0,0.0,0.0,5.0,2173.5424657534245,2106.1753424657536,9674.693150684932,6609.9424657534255,10101.068493150686,793343.0,768754.0,3531263.0,2412629.0,3686890.0,793343.0,768754.0,3531263.0,2412629.0,3686890.0,247088.0,314840.0,1798099.0,1277560.0,1645078.0,0.3114516671855679,0.4095458365094686,0.5091943024351344,0.529530234445495,0.4461966589727385,451274.0,488725.0,2780754.0,1586591.0,1696099.0,451198.0,488725.0,2738239.0,1581904.0,1582466.0,76.0,0.0,42515.0,4687.0,113633.0,451731.0,568872.0,3056262.0,2170367.0,2934655.0,451638.0,568872.0,2995932.0,2161917.0,2678420.0,93.0,0.0,60330.0,8450.0,256235.0,1.0010126885218291,1.1639920200521765,1.0990767252335158,1.367943597310208,1.7302380344543566,1.000975181627578,1.1639920200521765,1.094109024084457,1.3666549929704963,1.6925608512283992,1.2236842105263157,0.0,1.4190285781488887,1.8028589716236398,2.2549347460684834,451731.0,568872.0,3056262.0,2170367.0,2934655.0,451638.0,568872.0,2995932.0,2161917.0,2678420.0,93.0,0.0,60330.0,8450.0,256235.0,247088.0,314840.0,1798099.0,1277560.0,1645078.0,1.828219096030564,1.8068606276203787,1.6997184248475752,1.6988376279783337,1.783900216281538
Durango,0.0,0.0,0.0,0.0,505.0,3193.0,4197.597260273973,6675.487671232877,13317.520547945205,13891.4,4526.865753424659,1532123.0,2436553.0,4860895.0,5070361.0,1652306.0,1532123.0,2436553.0,4860895.0,5070361.0,1652306.0,664042.0,1216437.0,2213360.0,2603906.0,896138.0,0.4334129831612736,0.4992450400217028,0.4553400145446466,0.5135543603305563,0.5423559558580553,777788.0,1532289.0,2411521.0,2191086.0,760294.0,774595.0,1527878.0,2386321.0,2097481.0,692014.0,3193.0,4411.0,25200.0,93605.0,68280.0,1106750.0,2124544.0,3634004.0,3941111.0,1083971.0,1103401.0,2118017.0,3600143.0,3802490.0,987320.0,3349.0,6527.0,33861.0,138621.0,96651.0,1.4229455841437513,1.3865165122245215,1.5069344202269024,1.798702104800998,1.4257261006926267,1.4244876354740221,1.386247462166482,1.5086583070760389,1.812884121477144,1.4267341412167962,1.048856874412778,1.4797098163681706,1.3436904761904762,1.4809144810640458,1.4155096660808435,1106750.0,2124544.0,3634004.0,3941111.0,1083971.0,1103401.0,2118017.0,3600143.0,3802490.0,987320.0,3349.0,6527.0,33861.0,138621.0,96651.0,664042.0,1216437.0,2213360.0,2603906.0,896138.0,1.6666867457178909,1.7465302354334833,1.6418494957892074,1.5135381231119711,1.2096027620745913
Guadalajara,4325.0,114801.0,312.0,13983.0,15826.0,41161.0,93223.45205479453,27684.610958904108,71273.98630136986,135064.14520547946,87094.01917808219,34026560.0,10104883.0,26015005.0,49298413.0,31789317.0,34026560.0,10104883.0,26015005.0,49298413.0,31789317.0,12600816.0,4225316.0,9880882.0,27160009.0,20069073.0,0.3703229477208392,0.41814595973055796,0.3798147261551554,0.5509306962883369,0.631315010637064,14694962.0,4441942.0,10991402.0,22914889.0,15690313.0,14601613.0,4356333.0,10653850.0,20032904.0,12005102.0,93349.0,85609.0,337552.0,2881985.0,3685211.0,23940057.0,8281775.0,20757839.0,48570288.0,28420950.0,23747122.0,8100779.0,19987424.0,41434105.0,21574330.0,192935.0,180996.0,770415.0,7136183.0,6846620.0,1.6291336445783255,1.8644491530956504,1.8885524339843087,2.119595168014997,1.8113692187020105,1.6263355288213706,1.8595408110445184,1.8760752216334942,2.068302478761941,1.7970967676909368,2.0668137848289754,2.1142169631697603,2.282359458690809,2.4761346780083864,1.8578637695372124,23940057.0,8281775.0,20757839.0,48570288.0,28420950.0,23747122.0,8100779.0,19987424.0,41434105.0,21574330.0,192935.0,180996.0,770415.0,7136183.0,6846620.0,12600816.0,4225316.0,9880882.0,27160009.0,20069073.0,1.8998814838658067,1.9600368351148167,2.1008083084080957,1.7883016165421741,1.4161565907902174
Guanajuato,13511.0,215587.0,0.0,0.0,0.0,0.0,,,,,,,,,,,,,,,,,,,,,,,,,,,,,,,,,,,,,,,,,,,,,,,,,,,,,,,,,,,,,,,,,,,,,,,,,,,,,,,,,,,,,,,,,,,,,,,
Hermosillo,0.0,0.0,0.0,0.0,383.0,8542.0,767.068493150685,2635.520547945205,14483.3698630137,34308.28493150685,13256.682191780821,279980.0,961965.0,5286430.0,12522524.0,4838689.0,279980.0,961965.0,5286430.0,12522524.0,4838689.0,152891.0,507256.0,3031976.0,6375415.0,2874902.0,0.5460782913065219,0.5273123242529614,0.5735394207432993,0.5091158140323788,0.5941489523298563,209678.0,491994.0,2796373.0,6913675.0,2490885.0,201431.0,484399.0,2626158.0,6453945.0,1982681.0,8247.0,7595.0,170215.0,459730.0,508204.0,263892.0,862780.0,5360579.0,11554828.0,4302162.0,253766.0,853608.0,5115366.0,10859888.0,3408758.0,10126.0,9172.0,245213.0,694940.0,893404.0,1.258558360915308,1.753639272023643,1.9169756681243884,1.6713004299450005,1.7271620327714847,1.259816016402639,1.7622001696948175,1.947851576333184,1.6826743952729688,1.719266992521742,1.2278404268218746,1.2076366030283079,1.4406074670269953,1.5116263894024753,1.7579633375573591,263892.0,862780.0,5360579.0,11554828.0,4302162.0,253766.0,853608.0,5115366.0,10859888.0,3408758.0,10126.0,9172.0,245213.0,694940.0,893404.0,152891.0,507256.0,3031976.0,6375415.0,2874902.0,1.7260139576561082,1.700876874793004,1.7680149842874746,1.812404055265422,1.4964551835158206
Heroica Matamoros,0.0,0.0,0.0,0.0,0.0,371.0,423.14246575342463,814.0,1739.5205479452054,882.5342465753424,621.4301369863014,154447.0,297110.0,634925.0,322125.0,226822.0,154447.0,297110.0,634925.0,322125.0,226822.0,52227.0,76360.0,118411.0,138662.0,124509.0,0.3381548362868816,0.2570091885160378,0.1864960428397054,0.4304602250679084,0.54892823447461,67163.0,130611.0,177410.0,143267.0,115659.0,65739.0,130168.0,173587.0,131817.0,93978.0,1424.0,443.0,3823.0,11450.0,21681.0,99346.0,176922.0,246460.0,269493.0,227271.0,96036.0,176479.0,241058.0,226435.0,197017.0,3310.0,443.0,5402.0,43058.0,30254.0,1.4791775233387432,1.3545719732641202,1.3892114311481878,1.881054255341425,1.9650092081031307,1.4608679779126543,1.3557786860057772,1.388686940842344,1.7177981595697065,2.0964161825108003,2.3244382022471908,1.0,1.4130264190426367,3.7605240174672487,1.3954153406208198,99346.0,176922.0,246460.0,269493.0,227271.0,96036.0,176479.0,241058.0,226435.0,197017.0,3310.0,443.0,5402.0,43058.0,30254.0,52227.0,76360.0,118411.0,138662.0,124509.0,1.9021961820514293,2.316946045049764,2.081394465041255,1.9435245416913067,1.8253379273787442
León,0.0,0.0,0.0,0.0,4451.0,9349.0,10544.180821917807,13304.375342465752,28701.63287671233,28446.531506849315,25136.424657534248,3848626.0,4856097.0,10476096.0,10382984.0,9174795.0,3848626.0,4856097.0,10476096.0,10382984.0,9174795.0,1862700.0,1641473.0,4211189.0,5491178.0,5211043.0,0.4839909100026867,0.3380231078580185,0.4019807569537354,0.5288631861514955,0.5679737803405962,3597734.0,2385523.0,7070003.0,7175826.0,4710498.0,3597190.0,2379136.0,7060744.0,6946039.0,4239401.0,544.0,6387.0,9259.0,229787.0,471097.0,3639255.0,3258459.0,8565899.0,9744243.0,7672566.0,3638711.0,3250288.0,8552415.0,9431290.0,6842642.0,544.0,8171.0,13484.0,312953.0,829924.0,1.0115408754510478,1.3659306575539198,1.211583502864143,1.357926320955943,1.6288226849899947,1.011542620767877,1.3661631785656645,1.2112625808271762,1.3577939887754733,1.6140586842339284,1.0,1.2793173633943948,1.4563127767577493,1.3619264797399326,1.7616838994941593,3639255.0,3258459.0,8565899.0,9744243.0,7672566.0,3638711.0,3250288.0,8552415.0,9431290.0,6842642.0,544.0,8171.0,13484.0,312953.0,829924.0,1862700.0,1641473.0,4211189.0,5491178.0,5211043.0,1.953752617168626,1.985082301079579,2.0340808735965066,1.7745268865806207,1.4723666644086415
Mazatlán,1186.0,20508.0,0.0,0.0,1433.0,4488.0,23426.59726027397,20641.02739726028,28189.038356164383,72950.39726027398,80941.92876712329,8550708.0,7533975.0,10288999.0,26626895.0,29543804.0,8550708.0,7533975.0,10288999.0,26626895.0,29543804.0,2720469.0,2354918.0,4965793.0,13522785.0,18416320.0,0.3181571631261411,0.3125731104762094,0.4826313035893967,0.5078618817552704,0.6233564235668501,2786569.0,2494637.0,5596615.0,12556747.0,14070236.0,2665078.0,2409226.0,5073325.0,10383326.0,8886513.0,121491.0,85411.0,523290.0,2173421.0,5183723.0,5189896.0,4932783.0,10955274.0,32784899.0,54801625.0,4913186.0,4774319.0,8778392.0,24893115.0,30913001.0,276710.0,158464.0,2176882.0,7891784.0,23888624.0,1.8624681463118264,1.97735502199318,1.957482156625032,2.6109388840915564,3.8948618203703202,1.8435430407665367,1.9816816687185013,1.7303034991844601,2.397412447610717,3.4786424101331983,2.2776172720613053,1.8553113767547509,4.159991591660456,3.6310424901572222,4.608391304859461,5189896.0,4932783.0,10955274.0,32784899.0,54801625.0,4913186.0,4774319.0,8778392.0,24893115.0,30913001.0,276710.0,158464.0,2176882.0,7891784.0,23888624.0,2720469.0,2354918.0,4965793.0,13522785.0,18416320.0,1.907721058391035,2.094672935533212,2.2061479405202755,2.4244191562610813,2.9757098595159075
Mexicali,0.0,0.0,0.0,0.0,0.0,4029.0,772.745205479452,5555.186301369863,5212.208219178082,9359.057534246576,6140.246575342466,282052.0,2027643.0,1902456.0,3416056.0,2241190.0,282052.0,2027643.0,1902456.0,3416056.0,2241190.0,126769.0,1066756.0,1097412.0,2097700.0,1374108.0,0.4494525832116063,0.526106420114389,0.5768396220464495,0.6140707295196566,0.6131153538968137,252594.0,1287865.0,1084691.0,2257807.0,1246667.0,220434.0,1038430.0,836358.0,1881034.0,854173.0,32160.0,249435.0,248333.0,376773.0,392494.0,253458.0,1645634.0,1593036.0,3155411.0,1875969.0,221170.0,1321518.0,1230611.0,2623026.0,1298984.0,32288.0,324116.0,362425.0,532385.0,576985.0,1.003420508800684,1.2778000799773268,1.4686542065897108,1.3975556812429049,1.5047875655648217,1.003338867869748,1.2726115385726529,1.4713926332981808,1.3944596429410632,1.5207504802891219,1.0039800995024877,1.2994006454587368,1.4594314891697842,1.4130126097146027,1.4700479497775762,253458.0,1645634.0,1593036.0,3155411.0,1875969.0,221170.0,1321518.0,1230611.0,2623026.0,1298984.0,32288.0,324116.0,362425.0,532385.0,576985.0,126769.0,1066756.0,1097412.0,2097700.0,1374108.0,1.999368930890044,1.542652677838231,1.4516298345562104,1.5042241502598084,1.3652267507357498
Monterrey,740.0,31155.0,0.0,0.0,10263.0,41890.0,5584.945205479452,16040.638356164385,32595.4,101599.12876712329,113930.07945205481,2038505.0,5854833.0,11897321.0,37083682.0,41584479.0,2038505.0,5854833.0,11897321.0,37083682.0,41584479.0,1007688.0,2783290.0,6782742.0,23158002.0,24082532.0,0.4943269700098847,0.4753833286107392,0.5701066651895834,0.6244795756796749,0.5791230906127259,1007181.0,3538310.0,6346374.0,16520550.0,16693580.0,985273.0,3468627.0,5704822.0,14433243.0,12368115.0,21908.0,69683.0,641552.0,2087307.0,4325465.0,1847801.0,4901450.0,11131823.0,34135647.0,34580529.0,1822212.0,4816071.0,10324816.0,29777742.0,25906308.0,25589.0,85379.0,807007.0,4357905.0,8674221.0,1.8346265467676608,1.3852517162148028,1.7540445930227244,2.066253665888848,2.0714867032715567,1.8494488329630467,1.3884660991222175,1.8098401667922333,2.0631359147767414,2.0946043920193174,1.1680208143144055,1.2252486259202389,1.2578980347656932,2.0878121905402507,2.0053846233873123,1847801.0,4901450.0,11131823.0,34135647.0,34580529.0,1822212.0,4816071.0,10324816.0,29777742.0,25906308.0,25589.0,85379.0,807007.0,4357905.0,8674221.0,1007688.0,2783290.0,6782742.0,23158002.0,24082532.0,1.833703487587428,1.7610274171933216,1.6411980582484194,1.4740324748223097,1.4359174940575186
Morelia,480.0,16451.0,0.0,0.0,1998.0,2049.0,9347.345205479452,11832.098630136987,18204.09315068493,37287.19178082192,13924.753424657534,3411781.0,4318716.0,6644494.0,13609825.0,5082535.0,3411781.0,4318716.0,6644494.0,13609825.0,5082535.0,1312417.0,1786701.0,2603187.65810084,7496081.72461361,2436799.12118423,0.3846721111349175,0.41371115859436,0.3917811737208039,0.5507845783919786,0.479445615462408,1802552.0,2723166.0,3973976.64841201,8389300.04275676,2451717.0602853303,1721200.0,2700131.0,3888390.2813555,7966357.82288693,2246423.71882191,81352.0,23035.0,85586.36705651,422942.21986983,205293.34146342,2490771.0,3405000.0,5173749.484234129,12913971.88083996,4204009.37475073,2377639.0,3367973.0,5018484.46957616,12260710.59242586,3807605.52385335,113132.0,37027.0,155265.01465797,653261.2884141,396403.85089738,1.3818025776787577,1.2503828264600836,1.3019073693604981,1.5393384209675225,1.7147204474979132,1.3813844991866142,1.247336888469485,1.2906329114233632,1.539060994373298,1.694963195033468,1.3906480479889862,1.607423485999566,1.8141325540252613,1.5445639090255776,1.9309143105745241,2490771.0,3405000.0,5173749.484234129,12913971.88083996,4204009.37475073,2377639.0,3367973.0,5018484.46957616,12260710.59242586,3807605.52385335,113132.0,37027.0,155265.01465797,653261.2884141,396403.85089738,1312417.0,1786701.0,2603187.65810084,7496081.72461361,2436799.12118423,1.8978503021524409,1.9057469604595283,1.987466968865644,1.722762952068218,1.7252178639606843
Mérida,11804.0,82202.0,1582714.0,1016794.0,850.0,10626.0,13148.32602739726,11612.775342465751,21590.764383561644,31468.254794520548,37523.336986301365,4799139.0,4238663.0,7880629.0,11485913.0,13696018.0,4799139.0,4238663.0,7880629.0,11485913.0,13696018.0,2030121.0,1705770.0,4394694.0,6688154.0,8572553.0,0.4230177538095896,0.4024311439715778,0.5576577707185556,0.5822918909450211,0.625915722365435,2647447.0,2248936.0,4217600.0,6525742.0,6709213.0,2192871.0,1949734.0,3525178.0,4714080.0,4598877.0,454576.0,299202.0,692422.0,1811662.0,2110336.0,4083771.0,3332333.0,7771276.0,12980623.0,12819108.0,3514814.0,2729347.0,6369057.0,10004506.0,9197002.0,568957.0,602986.0,1402219.0,2976117.0,3622106.0,1.542531729624805,1.4817375861296187,1.8425825113808798,1.98914131144014,1.9106723843765283,1.6028366465697252,1.3998560829323383,1.806733447218836,2.122260547126905,1.999836481819366,1.2516212910492417,2.0153140687562248,2.025093079076054,1.6427551055329306,1.7163645978649846,4083771.0,3332333.0,7771276.0,12980623.0,12819108.0,3514814.0,2729347.0,6369057.0,10004506.0,9197002.0,568957.0,602986.0,1402219.0,2976117.0,3622106.0,2030121.0,1705770.0,4394694.0,6688154.0,8572553.0,2.011589949564583,1.9535652520562559,1.7683315379864901,1.9408379352508929,1.4953664328467844
Oaxaca de Juárez,47946.0,189088.0,0.0,0.0,766.0,7275.0,21118.070310094965,28321.582727170742,31491.27215113431,37745.44241060878,9374.435140717223,7708095.663184662,10337377.69541732,11494314.335164025,13777086.479872204,3421668.8263617875,7708095.663184662,10337377.69541732,11494314.335164025,13777086.479872204,3421668.8263617875,2503730.7685479843,3853224.602331357,5030940.901533862,7016048.727226999,1802491.0003597988,0.3248183310057088,0.3727468141209096,0.4376895180378821,0.5092548948921223,0.5267871006313496,3802410.0,4903272.0,5423752.0,6708643.0,1332100.0,3482264.0,4585666.0,4553195.0,5140990.0,923601.0,320146.0,317606.0,870557.0,1567653.0,408499.0,4753536.0,7272386.0,9558085.0,13882466.0,3279793.0,4137343.0,6616300.0,7708925.0,10709218.0,2231195.0,616193.0,656086.0,1849160.0,3173248.0,1048598.0,1.2501376758424263,1.4831700138193435,1.7622643881947404,2.0693404016281685,2.4621222130470684,1.1881187066804817,1.4428220459143777,1.6930803534660823,2.0831042270068605,2.4157563709870393,1.924724969232788,2.065722939742952,2.124111344805682,2.0242030602435617,2.5669536522733227,4753536.0,7272386.0,9558085.0,13882466.0,3279793.0,4137343.0,6616300.0,7708925.0,10709218.0,2231195.0,616193.0,656086.0,1849160.0,3173248.0,1048598.0,2503730.7685479843,3853224.602331357,5030940.901533862,7016048.727226999,1802491.0003597988,1.8985811332888516,1.8873506609502888,1.8998603217711976,1.9786729738815343,1.8195891127030948
Orizaba,0.0,0.0,0.0,0.0,0.0,0.0,,,,,,,,,,,,,,,,,,,,,,,,,,,,,,,,,,,,,,,,,,,,,,,,,,,,,,,,,,,,,,,,,,,,,,,,,,,,,,,,,,,,,,,,,,,,,,,
Pachuca de Soto,653.0,32932.0,0.0,0.0,0.0,0.0,859.1616438356165,4850.578082191781,15747.531506849316,5139.33698630137,8387.887671232877,313594.0,1770461.0,5747849.0,1875858.0,3061579.0,313594.0,1770461.0,5747849.0,1875858.0,3061579.0,123744.0,833951.0,2684274.0,1024452.0,1571955.0,0.3945993864678533,0.4710360747850418,0.4670049613342313,0.5461244934318056,0.513445839548808,170811.0,1369672.0,3703949.0,1448384.0,1670709.0,170657.0,1365329.0,3674408.0,1322606.0,1589475.0,154.0,4343.0,29541.0,125778.0,81234.0,217116.0,1811163.0,4772601.0,1860279.0,2457738.0,216692.0,1806339.0,4721625.0,1722505.0,2300345.0,424.0,4824.0,50976.0,137774.0,157393.0,1.2710890984772645,1.3223333761659726,1.2885169315236251,1.2843824565860986,1.47107485504657,1.2697516070246166,1.323006396260535,1.2850029174767743,1.3023568621343016,1.4472357224869847,2.7532467532467533,1.1107529357586923,1.7256017061033817,1.0953743897978978,1.9375261589974642,217116.0,1811163.0,4772601.0,1860279.0,2457738.0,216692.0,1806339.0,4721625.0,1722505.0,2300345.0,424.0,4824.0,50976.0,137774.0,157393.0,123744.0,833951.0,2684274.0,1024452.0,1571955.0,1.75455779674166,2.171785872311443,1.777985779395099,1.8158771714048096,1.5634913213164499
Puebla de Zaragoza,5184.0,217900.0,519.0,33290.0,352.0,3157.0,15157.646575342464,9922.720547945206,38639.994520547945,42395.945205479446,37906.706849315065,5532541.0,3621793.0,14103598.0,15474520.0,13835948.0,5532541.0,3621793.0,14103598.0,15474520.0,13835948.0,3209357.0,1673738.0,7998090.0,9851282.0,8147465.0,0.580087341422323,0.4621296689236519,0.5670957155755574,0.6366130904221908,0.5888620714677447,5162035.0,2877841.0,12558874.0,10118528.0,8285747.0,4863505.0,2621416.0,10816357.0,9030329.0,6548946.0,298530.0,256425.0,1742517.0,1088199.0,1736801.0,8279840.0,4795207.0,20313623.0,18345438.0,14380574.0,7810414.0,4398418.0,17367382.0,16217969.0,11011230.0,469426.0,396789.0,2946241.0,2127469.0,3369344.0,1.6039875746677426,1.6662515406514815,1.6174716777953182,1.8130540331558107,1.7355796646940824,1.6059228889453183,1.6778786732056263,1.6056590957565473,1.7959444224014431,1.6813743768844636,1.5724583793923559,1.5473881251828019,1.6907961299660204,1.9550367166299547,1.9399712459861551,8279840.0,4795207.0,20313623.0,18345438.0,14380574.0,7810414.0,4398418.0,17367382.0,16217969.0,11011230.0,469426.0,396789.0,2946241.0,2127469.0,3369344.0,3209357.0,1673738.0,7998090.0,9851282.0,8147465.0,2.5799061930473925,2.8649687107540127,2.5398092544595023,1.8622386406155056,1.7650366095466503
Puerto Vallarta,6312.0,13848.0,0.0,0.0,11127.0,9276.0,10969.945205479451,8908.715068493151,43078.00273972603,79693.72602739726,144686.73698630134,4004030.0,3251681.0,15723471.0,29088210.0,52810659.0,4004030.0,3251681.0,15723471.0,29088210.0,52810659.0,1780470.0,1580889.0,8073284.0,19503037.0,34642217.0,0.4446694954833006,0.4861759194705753,0.5134543129821654,0.670479104764439,0.6559701707187559,1349900.0,1263045.0,5645073.0,10953055.0,17993751.0,1112291.0,983611.0,4173626.0,7495443.0,9080189.0,237609.0,279434.0,1471447.0,3457612.0,8913562.0,3178437.0,3256000.0,16612402.0,41938276.0,74275906.0,2298434.0,2293280.0,10798433.0,21999944.0,29771880.0,880003.0,962720.0,5813969.0,19938332.0,44504026.0,2.354572190532632,2.57789706621696,2.9428143799026163,3.8289112946114123,4.127872281882748,2.0663962937756395,2.331490802766541,2.5873025038659434,2.935109239040308,3.2787731621004803,3.703576042995005,3.44525004115462,3.95119158216368,5.766503586868625,4.992844162636667,3178437.0,3256000.0,16612402.0,41938276.0,74275906.0,2298434.0,2293280.0,10798433.0,21999944.0,29771880.0,880003.0,962720.0,5813969.0,19938332.0,44504026.0,1780470.0,1580889.0,8073284.0,19503037.0,34642217.0,1.7851673996192017,2.0596006424233453,2.0577006828943465,2.150345917920373,2.1440863903138765
Reynosa,0.0,0.0,0.0,0.0,1.0,1997.0,2846.194520547945,3453.504109589041,2830.646575342466,4582.12602739726,0.0,1038861.0,1260529.0,1033186.0,1672476.0,0.0,1038861.0,1260529.0,1033186.0,1672476.0,0.0,565205.0,547146.0,503125.0,761656.0,0.0,0.5440621988889756,0.4340606205807244,0.4869645930161655,0.4554062360237157,0.0,432192.0,607647.0,451378.0,708006.0,0.0,410019.0,562664.0,399515.0,649222.0,0.0,22173.0,44983.0,51863.0,58784.0,0.0,915304.0,992366.0,941877.0,1415933.0,0.0,877430.0,923131.0,861235.0,1311804.0,0.0,37874.0,69235.0,80642.0,104129.0,0.0,2.1178180068117882,1.6331291029166606,2.086670152289212,1.9998884190246973,0.0,2.1399740012048216,1.6406434390684317,2.1557012878114707,2.0205784770078647,0.0,1.7081134713390158,1.5391370073138742,1.5549042670111641,1.7713833696243877,0.0,915304.0,992366.0,941877.0,1415933.0,0.0,877430.0,923131.0,861235.0,1311804.0,0.0,37874.0,69235.0,80642.0,104129.0,0.0,565205.0,547146.0,503125.0,761656.0,0.0,1.6194195026583276,1.8137133415943825,1.8720536645962733,1.8590190322140177,0.0
Salamanca,0.0,4058.0,0.0,0.0,0.0,0.0,1460.9534246575342,0.0,4130.8410958904105,2124.9013698630138,1439.9068493150683,533248.0,0.0,1507757.0,775589.0,525566.0,533248.0,0.0,1507757.0,775589.0,525566.0,239657.0,0.0,624621.0,397043.0,226010.0,0.4494287836053768,0.0,0.41427166313935204,0.5119244857779056,0.4300316230501973,280381.0,0.0,739136.0,331467.0,105900.0,280381.0,0.0,734877.0,326927.0,86428.0,0.0,0.0,4259.0,4540.0,19472.0,410409.0,0.0,1073711.0,528460.0,281540.0,410409.0,0.0,1068743.0,458250.0,176244.0,0.0,0.0,4968.0,70210.0,105296.0,1.4637546766720997,0.0,1.4526568858775653,1.594306522217898,2.6585457979225686,1.4637546766720997,0.0,1.4543154840878134,1.4016890620841962,2.0392002591752667,0.0,0.0,1.1664710025827658,15.4647577092511,5.407559572719803,410409.0,0.0,1073711.0,528460.0,281540.0,410409.0,0.0,1068743.0,458250.0,176244.0,0.0,0.0,4968.0,70210.0,105296.0,239657.0,0.0,624621.0,397043.0,226010.0,1.7124849263739428,0.0,1.718979989465612,1.3309893386862381,1.24569709304898
Saltillo,0.0,0.0,0.0,0.0,0.0,0.0,310.4,1849.7534246575344,10854.205479452055,21813.26301369863,15523.465753424658,113296.0,675160.0,3961785.0,7961841.0,5666065.0,113296.0,675160.0,3961785.0,7961841.0,5666065.0,29147.0,304911.71157774003,1447036.4168559897,4040937.828052143,2764151.0435141283,0.25726415760485805,0.4516140049436282,0.3652485980072087,0.507538121905743,0.4878431580848663,51071.0,358335.0,1569009.0,3343416.0,1618856.0,51040.0,344363.0,1515953.0,2902812.0,1121709.0,31.0,13972.0,53056.0,440604.0,497147.0,54893.0,571632.0,2420609.0,5864394.0,3867386.0,54859.0,553388.0,2344266.0,4976415.0,2485910.0,34.0,18244.0,76343.0,887979.0,1381476.0,1.0748369916390907,1.5952446732805894,1.5427629796897278,1.7540126624984749,2.3889623289532858,1.0748236677115988,1.6069902980285338,1.5463975466257858,1.7143428510010297,2.2161808454777487,1.0967741935483872,1.3057543658746062,1.4389136007237635,2.0153675409211003,2.778807877750444,54893.0,571632.0,2420609.0,5864394.0,3867386.0,54859.0,553388.0,2344266.0,4976415.0,2485910.0,34.0,18244.0,76343.0,887979.0,1381476.0,29147.0,304911.71157774003,1447036.4168559897,4040937.828052143,2764151.0435141283,1.8833156070950696,1.8747459618462607,1.672804479419609,1.451245787373774,1.399122529528381
San Luis Potosí,1214.0,26174.0,0.0,0.0,1551.0,4838.0,4821.863013698629,11019.065753424658,23679.049315068492,31502.049315068485,25387.747945205483,1759980.0,4021959.0,8642853.0,11498248.0,9266528.0,1759980.0,4021959.0,8642853.0,11498248.0,9266528.0,874519.0,1692629.0,3682052.0,7791842.0,5054696.0,0.4968914419482039,0.4208469056994365,0.4260227496637974,0.6776547174839158,0.5454789539296703,1297480.6773544832,1987151.8400497586,4178647.493544523,5636615.0796340015,4089904.909417234,1291919.760639416,1959081.270265197,4115753.3901744965,5172630.129948042,3566617.448972849,5560.916715067198,28070.569784561358,62894.10337002768,463984.9496859594,523287.4604443844,1573645.0,2897188.0,6577068.0,11824624.0,8179903.0,1564908.0,2855907.0,6472764.0,10734769.0,6908637.0,8737.0,41281.0,104304.0,1089855.0,1271266.0,1.2128465783464353,1.4579600519744151,1.5739705275835616,2.0978235754866907,2.000022783210758,1.2113043299418786,1.4577787268689484,1.5726802328468894,2.0753018735766107,1.9370277577679709,1.5711438325136688,1.4706149649553708,1.6584066615330155,2.3489016200582595,2.429383648750956,1573645.0,2897188.0,6577068.0,11824624.0,8179903.0,1564908.0,2855907.0,6472764.0,10734769.0,6908637.0,8737.0,41281.0,104304.0,1089855.0,1271266.0,874519.0,1692629.0,3682052.0,7791842.0,5054696.0,1.7994406067792694,1.7116497472275378,1.7862507102018117,1.5175646528766882,1.6182779340241231
Santiago de Querétaro,3202.0,93886.0,0.0,0.0,2971.0,7667.0,4455.046575342466,10614.87397260274,14887.123287671233,32079.22191780822,49298.12328767123,1626092.0,3874429.0,5433800.0,11708916.0,17993815.0,1626092.0,3874429.0,5433800.0,11708916.0,17993815.0,974919.0,2213257.0,3252286.0,7245400.0,10486613.0,0.5995472580887182,0.5712472728239438,0.5985288380139129,0.6187934049573847,0.5827898641838877,1382368.0,2500940.0,3342354.0,6731212.0,8382263.0,1357872.0,2409026.0,3246607.0,6520302.0,7448129.0,24496.0,91914.0,95747.0,210910.0,934134.0,1899924.0,4196897.0,5881007.0,11724937.0,16250524.0,1873329.0,4075014.0,5695666.0,11198535.0,14288233.0,26595.0,121883.0,185341.0,526402.0,1962291.0,1.3743981342160698,1.6781278239381991,1.7595404316837773,1.7418760544163518,1.9386798052029623,1.3796064724804695,1.6915608216764784,1.7543441506779232,1.7174871654717834,1.9183654042511884,1.0856874591770085,1.3260547903474988,1.9357368899286664,2.4958607937034762,2.1006525830341256,1899924.0,4196897.0,5881007.0,11724937.0,16250524.0,1873329.0,4075014.0,5695666.0,11198535.0,14288233.0,26595.0,121883.0,185341.0,526402.0,1962291.0,974919.0,2213257.0,3252286.0,7245400.0,10486613.0,1.9488019004655768,1.896253801524179,1.8082687069956327,1.618259447373506,1.5496446755496749
Tampico,71.0,7300.0,48.0,2636.0,367.0,4299.0,0.0,3914.446575342465,10002.180821917807,19361.4,13026.589041095891,0.0,1428773.0,3650796.0,7066911.0,4754705.0,0.0,1428773.0,3650796.0,7066911.0,4754705.0,0.0,572673.0,1849173.0,3191538.0,2457980.0,0.0,0.4008145450676909,0.506512278418186,0.451617120974072,0.5169574137617371,0.0,871886.0,2528361.0,4041767.0,2986545.0,0.0,847499.0,2489942.0,3832781.0,2842133.0,0.0,24387.0,38419.0,208986.0,144412.0,0.0,1161197.0,3283604.0,6455259.0,4795864.0,0.0,1130951.0,3239562.0,6143017.0,4563077.0,0.0,30246.0,44042.0,312242.0,232787.0,0.0,1.331822050130407,1.2987085309415862,1.5971378360009372,1.6058234515133707,0.0,1.3344570318077071,1.3010592214597771,1.6027571103071112,1.6055114239903616,0.0,1.2402509533767991,1.1463598740206669,1.494080943221077,1.6119643796914385,0.0,1161197.0,3283604.0,6455259.0,4795864.0,0.0,1130951.0,3239562.0,6143017.0,4563077.0,0.0,30246.0,44042.0,312242.0,232787.0,0.0,572673.0,1849173.0,3191538.0,2457980.0,0.0,2.0276789721184687,1.775714873621884,2.0226169953169912,1.9511403672934688
Tepic,258.0,18171.0,0.0,0.0,0.0,1208.0,4595.434640765653,4801.997359678051,4052.4354262290253,6720.146418002178,236.85738820180455,1677333.6438794634,1752729.0362824888,1479138.9305735943,2452853.442570795,86452.94669365867,1677333.6438794634,1752729.0362824888,1479138.9305735943,2452853.442570795,86452.94669365867,545587.4146052664,519669.8786350585,513564.3379346733,1154004.931986061,24205.43683894084,0.3252706559581019,0.2964918523500189,0.3472049361418122,0.4704744735081145,0.2799839423022964,473536.13633341674,430162.09813834814,548010.8412513495,1031209.2389481878,7791.685328697926,467610.13633341674,425961.8979207202,540626.8412513495,996633.3858469907,7338.738647522736,5926.0,4200.2002176278575,7384.0,34575.853101196946,452.94668117519035,838872.9703075085,900219.9859010433,917069.9051734841,1881360.625035423,16366.513582541453,830715.9703075085,894721.322828267,907304.9051734841,1818354.115601461,15649.686089279998,8157.0,5498.6630727762795,9765.0,63006.509433962274,716.8274932614555,1.7715078236750617,2.0927459434408746,1.6734521220043939,1.8244218088604127,2.1005100812094097,1.776514035433973,2.1004726647987466,1.6782461319778563,1.8244964913112247,2.132476279770871,1.3764765440431994,1.309143085536469,1.322453954496208,1.8222691208675081,1.5825869203889842,838872.9703075085,900219.9859010433,917069.9051734841,1881360.625035423,16366.513582541453,830715.9703075085,894721.322828267,907304.9051734841,1818354.115601461,15649.686089279998,8157.0,5498.6630727762795,9765.0,63006.509433962274,716.8274932614555,545587.4146052664,519669.8786350585,513564.3379346733,1154004.931986061,24205.43683894084,1.5375592395481386,1.7322920240548103,1.7856962359604838,1.6302882014529794,0.6761503083559971
Tijuana,0.0,0.0,106.0,17515.0,128.0,28711.0,9563.495890410959,23528.67671232877,31375.545205479448,36304.901369863015,31964.701369863014,3490676.0,8587967.0,11452074.0,13251289.0,11667116.0,3490676.0,8587967.0,11452074.0,13251289.0,11667116.0,1909274.0,2998146.0,4990054.0,8065868.0,6623397.0,0.5469639691566905,0.3491100978846332,0.4357336496428507,0.6086855399501135,0.5676978783788555,2737603.0,4966486.0,7060852.0,7154806.0,5814695.0,2274807.0,3528474.0,5479116.0,5243345.0,4136647.0,462796.0,1438012.0,1581736.0,1911461.0,1678048.0,3474855.0,5622785.0,8640166.0,11618678.0,8570945.0,2918371.0,4003851.0,6734703.0,8723171.0,6318341.0,556484.0,1618934.0,1905463.0,2895507.0,2252604.0,1.26930566630735,1.132145545160099,1.2236718741590955,1.6238983978042172,1.4740145441850347,1.2829092753802849,1.1347259466840343,1.2291586818019549,1.6636652747435081,1.5274063752599634,1.202439087632564,1.125813970954345,1.2046656332030123,1.5148135379168082,1.3423954499513722,3474855.0,5622785.0,8640166.0,11618678.0,8570945.0,2918371.0,4003851.0,6734703.0,8723171.0,6318341.0,556484.0,1618934.0,1905463.0,2895507.0,2252604.0,1909274.0,2998146.0,4990054.0,8065868.0,6623397.0,1.8199875973799464,1.8754206766448327,1.7314774549533931,1.4404746023614567,1.2940406561768834
Tlaxcala de Xicohténcatl,160.0,27038.0,0.0,0.0,0.0,0.0,1485.3945205479451,2616.641095890411,5217.7780821917795,4012.2109589041097,1016.9671232876713,542169.0,955074.0,1904489.0,1464457.0,371193.0,542169.0,955074.0,1904489.0,1464457.0,371193.0,152741.0,282184.0035519126,697736.0,581981.0,202573.0,0.2817221198556169,0.2954577378840934,0.3663638907864524,0.3974039524547323,0.5457349680624365,292935.0,522323.1885245902,1008330.0,693908.0,262970.0,287170.0,511910.0081967213,970566.0,660977.0,167028.0,5765.0,10413.180327868853,37764.0,32931.0,95942.0,321634.0,576943.3161202185,1268047.0,1104120.0,339819.0,315646.0,566074.2997267757,1222060.0,1038054.0,223273.0,5988.0,10869.016393442624,45987.0,66066.0,116546.0,1.0979705395394883,1.1045715158653289,1.2575714299881984,1.5911619407760107,1.2922348556869605,1.0991607758470592,1.1058082293035376,1.259120966528809,1.5704842982433582,1.3367399477931845,1.0386816999132698,1.0437749132562135,1.2177470606927232,2.006194770884577,1.2147547476600449,321634.0,576943.3161202185,1268047.0,1104120.0,339819.0,315646.0,566074.2997267757,1222060.0,1038054.0,223273.0,5988.0,10869.016393442624,45987.0,66066.0,116546.0,152741.0,282184.0035519126,697736.0,581981.0,202573.0,2.1057476381587135,2.044564216461972,1.8173736198218238,1.8971753373391915,1.6775137851539943
Toluca de Lerdo,7473.0,23114.0,88.0,58164.0,33.0,3244.0,3740.876712328767,6138.246575342466,10450.465753424658,24856.33150684932,19077.926027397258,1365420.0,2240460.0,3814420.0,9072561.0,6963443.0,1365420.0,2240460.0,3814420.0,9072561.0,6963443.0,562002.0,832452.0,1634899.0,4114010.0,2986302.0,0.4115964318671178,0.37155405586352797,0.4286101163479637,0.4534563063284997,0.4288542320228657,971210.0,1452169.0,2046515.0,4748678.0,2309960.0,970441.0,1451320.0,2037189.0,3932505.0,1839949.0,769.0,849.0,9326.0,816173.0,470011.0,1104263.0,1660280.0,2803114.0,6958586.0,4497439.0,1103353.0,1658784.0,2789364.0,5807784.0,3470770.0,910.0,1496.0,13750.0,1150802.0,1026669.0,1.1369971478876866,1.143310454912617,1.3697011749242003,1.4653733102139164,1.9469770039308039,1.1369604128432331,1.1429484882727448,1.3692220014932341,1.4768662722615735,1.8863403279112627,1.1833550065019507,1.7620730270906952,1.474372721423976,1.4099976353052601,2.1843510045509573,1104263.0,1660280.0,2803114.0,6958586.0,4497439.0,1103353.0,1658784.0,2789364.0,5807784.0,3470770.0,910.0,1496.0,13750.0,1150802.0,1026669.0,562002.0,832452.0,1634899.0,4114010.0,2986302.0,1.9648737904847315,1.9944453253761176,1.7145487274749085,1.6914363358377835,1.5060228335915122
Torreón,44.0,25695.0,0.0,0.0,731.0,3918.0,,,,,,,,,,,,,,,,,,,,,,,,,,,,,,,,,,,,,,,,,,,,,,,,,,,,,,,,,,,,,,,,,,,,,,,,,,,,,,,,,,,,,,,,,,,,,,,
Tuxtla Gutiérrez,0.0,0.0,4116.0,23157.0,1.0,5896.0,16118.049306849314,22417.161643835614,15610.572602739729,11938.273972602741,12398.09589041096,5883087.997,8182264.0,5697859.0,4357470.0,4525305.0,5883087.997,8182264.0,5697859.0,4357470.0,4525305.0,2163993.0,3169639.0,2109729.0,2477894.0,2490485.0,0.3678328457951842,0.3873792143592531,0.37026697220833293,0.5686542879239559,0.5503463302473535,3272451.0,4085407.0,2466962.0,2480933.0,2372143.0,3264162.0,4007209.0,2428387.0,2286843.0,2124694.0,8289.0,78198.0,38575.0,194090.0,247449.0,3834702.0,5750028.0,3680855.0,4193173.0,4152631.0,3825370.0,5659736.0,3634548.0,3924977.0,3737398.0,9332.0,90292.0,46307.0,268196.0,415233.0,1.171813420582921,1.4074553649122352,1.4920598695885872,1.6901597100768138,1.7505820686189657,1.1719301921902159,1.412388522784811,1.4966922488054828,1.7163298923450363,1.7590288295632217,1.1258294124743635,1.1546586869229392,1.2004406999351909,1.3818125611829564,1.6780548719130002,3834702.0,5750028.0,3680855.0,4193173.0,4152631.0,3825370.0,5659736.0,3634548.0,3924977.0,3737398.0,9332.0,90292.0,46307.0,268196.0,415233.0,2163993.0,3169639.0,2109729.0,2477894.0,2490485.0,1.7720491702145065,1.8140955484204984,1.744705125634619,1.6922325975203136,1.6673985187624096
Veracruz,2778.0,271805.0,0.0,0.0,372.0,8330.0,37514.81095890411,36410.49863013698,47052.04657534247,52386.43561643836,36643.76712328768,13692906.0,13289832.0,17173997.0,19121049.0,13374975.0,13692906.0,13289832.0,17173997.0,19121049.0,13374975.0,4478377.0,6136354.0,7087474.0,10781508.0,7669498.0,0.3270581861877968,0.4617330000860808,0.4126863420320849,0.5638554662979003,0.5734214830308094,8509939.0,9147942.0,10578596.0,13459213.0,9280895.0,8503151.0,9046665.0,10395907.0,12996683.0,8844656.0,6788.0,101277.0,182689.0,462530.0,436239.0,8994584.0,12259236.0,14959927.0,22705442.0,14292892.0,8985750.0,12054930.0,14626059.0,21869202.0,13436700.0,8834.0,204306.0,333868.0,836240.0,856192.0,1.0569504669774954,1.3401086277110197,1.4141694228610302,1.6869814007698667,1.5400338006194445,1.0567553134126395,1.3325275115194384,1.4069055254149545,1.6826756488559431,1.5191885359928077,1.3014142604596346,2.0172990906128736,1.8275210877502204,1.807969212807818,1.9626672535009482,8994584.0,12259236.0,14959927.0,22705442.0,14292892.0,8985750.0,12054930.0,14626059.0,21869202.0,13436700.0,8834.0,204306.0,333868.0,836240.0,856192.0,4478377.0,6136354.0,7087474.0,10781508.0,7669498.0,2.008447256673567,1.9978045595153082,2.110755820762094,2.10596161501712,1.8636020245392853
Villahermosa,0.0,0.0,0.0,0.0,0.0,5326.0,5654.131506849315,4721.005479452055,29396.260273972603,27507.61369863013,18455.358904109587,2063758.0,1723167.0,10729635.0,10040279.0,6736206.0,2063758.0,1723167.0,10729635.0,10040279.0,6736206.0,850879.0,616009.0,5611217.0,5959127.0,4022107.0,0.4122959184167911,0.3574865349673015,0.5229643878845832,0.593522052524636,0.5970878859702331,950403.0,907264.0,5565701.0,5416232.0,2663658.0,941843.0,880479.0,5318167.0,5106616.0,2200799.0,8560.0,26785.0,247534.0,309616.0,462859.0,1188742.0,1034115.0,9704770.0,9309570.0,5846978.0,1178426.0,1005441.0,9353256.0,8822764.0,4931493.0,10316.0,28674.0,351514.0,486806.0,915485.0,1.2507767757467096,1.1398170763967268,1.7436743367996232,1.7188277754719516,2.195093364088032,1.2511915467864605,1.1419250203582367,1.75873679784783,1.727712442055561,2.2407739189267173,1.2051401869158878,1.0705245473212621,1.4200635064273999,1.572289545759909,1.9778917553725863,1188742.0,1034115.0,9704770.0,9309570.0,5846978.0,1178426.0,1005441.0,9353256.0,8822764.0,4931493.0,10316.0,28674.0,351514.0,486806.0,915485.0,850879.0,616009.0,5611217.0,5959127.0,4022107.0,1.3970752598195513,1.6787335899313158,1.7295303318335398,1.562237220317674,1.4537102071128392
Xalapa-Enríquez,0.0,0.0,0.0,0.0,0.0,0.0,1144.2904109589042,5055.794520547946,11573.728767123288,8277.931506849314,3983.372602739726,417666.0,1845365.0,4224411.0,3021445.0,1453931.0,417666.0,1845365.0,4224411.0,3021445.0,1453931.0,215432.0,1067560.0,1699644.0,1426634.0,494124.0,0.5157997059851652,0.5785088586810739,0.4023386928970689,0.4721694421046883,0.3398538169968176,386097.0,756081.0,2757818.0,2038168.0,525773.0,377573.0,698691.0,2739604.0,1928285.0,500689.0,8524.0,57390.0,18214.0,109883.0,25084.0,439902.0,1592007.0,3199916.0,2583310.0,780019.0,420594.0,1480998.0,3161423.0,2452616.0,739271.0,19308.0,111009.0,38493.0,130694.0,40748.0,1.1393561721536298,2.105603764676007,1.160307170378901,1.2674666661433212,1.4835661017207045,1.1139408803065898,2.119675221235138,1.1539707928591139,1.2719157178529108,1.4765073728402265,2.2651337400281557,1.9342916884474648,2.1133743274404297,1.1893923536852835,1.6244618083240312,439902.0,1592007.0,3199916.0,2583310.0,780019.0,420594.0,1480998.0,3161423.0,2452616.0,739271.0,19308.0,111009.0,38493.0,130694.0,40748.0,215432.0,1067560.0,1699644.0,1426634.0,494124.0,2.041952913216236,1.4912576342313313,1.8826977884780576,1.8107727700307157,1.5785895848005764
