"Estado","Museos ",2000,2001,2002,2003,2004,2005,2006,2007,2008,2009,2010,2011,"2012 1/",2013,2014,2015,2016,"2017 2/",2018,2019
"Aguascalientes",,38107,35867,31441,27849,28160,32849,30417,38146,35574,40234,29890,29403,34981,34177,27438,25813,25553,28064,26205,29191
,"    Visitantes Nacionales",37254,35116,30867,27130,27565,32079,29453,37254,34783,39505,29410,28934,34789,33962,27158,25533,25214,27689,25876,28751
,"    Visitantes Internacionales",853,751,574,719,595,770,964,892,791,729,480,469,192,215,280,280,339,375,329,440
,"Museo Regional de Historia de Aguascalientes",38107,35867,31441,27849,28160,32849,30417,38146,35574,40234,29890,29403,34981,34177,27438,25813,25553,28064,26205,29191
,"    Visitantes Nacionales",37254,35116,30867,27130,27565,32079,29453,37254,34783,39505,29410,28934,34789,33962,27158,25533,25214,27689,25876,28751
,"    Visitantes Internacionales",853,751,574,719,595,770,964,892,791,729,480,469,192,215,280,280,339,375,329,440
,,,,,,,,,,,,,,,,,,,,,
"Baja California",,2603,3394,4821,5803,3385,5460,5864,6858,10343,6766,9140,12316,9716,11985,11364,13130,7842,9792,13491,7963
,"    Visitantes Nacionales",2281,3013,4498,5201,2939,4642,4819,5817,9850,6655,9018,12300,9304,11165,10103,11403,7135,8570,11832,6684
,"    Visitantes Internacionales",322,381,323,602,446,818,1045,1041,493,111,122,16,412,820,1261,1727,707,1222,1659,1279
,"Museo Histórico Regional, Ex Cuartel de la Compañía Fija",2603,3394,4821,5803,3385,5460,5864,6858,10343,6766,9140,12316,9716,11985,11364,13130,7842,9792,13491,7963
,"    Visitantes Nacionales",2281,3013,4498,5201,2939,4642,4819,5817,9850,6655,9018,12300,9716,11165,10103,11403,7135,8570,11832,6684
,"    Visitantes Internacionales",322,381,323,602,446,818,1045,1041,493,111,122,16,9304,820,1261,1727,707,1222,1659,1279
,,,,,,,,,,,,,,,,,,,,,
"Baja California Sur",,31705,30534,41863,46097,46578,49730,45948,55511,55136,43990,41410,39880,42169,43523,33406,37736,43600,47654,44398,56816
,"    Visitantes Nacionales",19706,17716,27655,28911,31935,33415,29796,37627,39537,35136,34884,33350,35091,34770,25061,28156,34916,39331,35945,47926
,"    Visitantes Internacionales",11999,12818,14208,17186,14643,16315,16152,17884,15599,8854,6526,6530,7078,8753,8345,9580,8684,8323,8453,8890
,"Museo de Las Misiones Jesuíticas",11661,11466,13872,8886,16628,16623,14388,13399,14036,9990,9442,9780,11765,11677,10520,8957,11870,13405,10771,18636
,"    Visitantes Nacionales",6321,6354,8478,8886,10508,10941,9452,7830,8806,6639,7446,7942,10430,9914,7889,5435,8464,10933,8526,16016
,"    Visitantes Internacionales",5340,5112,5394,7002,6120,5682,4936,5569,5230,3351,1996,1838,1335,1763,2631,3522,3406,2472,2245,2620
,"Museo de las Pinturas Rupestres de San Ignacio",0,0,647,2513,2625,3256,3648,3790,3558,3396,2214,2678,2740,2081,1726,1343,13,0,1175,1727
,"    Visitantes Nacionales",0,0,477,1675,1737,2199,2568,2534,2696,2742,1521,2045,2064,1428,1171,605,13,0,915,1407
,"    Visitantes Internacionales",0,0,170,838,888,1057,1080,1256,862,654,693,633,676,653,555,738,0,0,260,320
,"Museo Regional de Antropología e Historia de Baja California Sur",20044,19068,24313,22706,22136,22126,20641,24007,24439,23195,23792,21845,16939,17870,14418,14017,16905,16758,14501,18672
,"    Visitantes Nacionales",13385,11362,16718,15166,16694,15251,13010,16468,19588,19855,21362,19252,13697,13790,11925,11867,14497,14766,12560,16227
,"    Visitantes Internacionales",6659,7706,7595,7540,5442,6875,7631,7539,4851,3340,2430,2593,3242,4080,2493,2150,2408,1992,1941,2445
,"Misión de San Francisco Javier",0,0,3031,4990,5189,7725,7271,14315,13103,7409,5962,5577,10725,11895,6742,13419,14812,17491,17951,17781
,"    Visitantes Nacionales",0,0,1982,3184,2996,5024,4766,10795,8447,5900,4555,4111,8900,9638,4076,10249,11942,13632,13944,14276
,"    Visitantes Internacionales",0,0,1049,1806,2193,2701,2505,3520,4656,1509,1407,1466,1825,2257,2666,3170,2870,3859,4007,3505
,,,,,,,,,,,,,,,,,,,,,
"Campeche",,82543,137038,147131,167627,160872,150370,152255,128671,143568,132307,145195,108167,101456,95902,64009,98190,109115,115582,148528,108041
,"    Visitantes Nacionales",77451,128390,138492,156365,145744,139235,136641,117555,132931,124265,134832,98691,93166,88198,57696,88077,97915,104665,133998,97126
,"    Visitantes Internacionales",5092,8648,8639,11262,15128,11135,15614,11116,10637,8042,10363,9476,8290,7704,6313,10113,11200,10917,14530,10915
,"Museo Arqueológico de Campeche, Fuerte de San Miguel",6787,71055,79142,88599,91158,75596,76421,65868,71501,66512,74695,52733,46375,42322,45154,40725,49632,61730,65812,5103
,"    Visitantes Nacionales",6396,65482,73378,81823,81096,67404,66860,58771,63809,60742,69208,46309,41444,38258,39530,35648,43772,56032,58755,4713
,"    Visitantes Internacionales",391,5573,5764,6776,10062,8192,9561,7097,7692,5770,5487,6424,4931,4064,5624,5077,5860,5698,7057,390
,"Museo de las Estelas Mayas, Baluarte de la Soledad",22007,15503,18196,32302,25797,14203,35462,23656,33149,32857,30094,23572,26881,30309,4948,27040,26055,31532,40431,51569
,"    Visitantes Nacionales",18595,13228,16162,28641,23075,12879,31255,20928,31368,31460,26462,21233,24380,27501,4454,23113,22119,27085,34091,43011
,"    Visitantes Internacionales",3412,2275,2034,3661,2722,1324,4207,2728,1781,1397,3632,2339,2501,2808,494,3927,3936,4447,6340,8558
,"Museo del Camino Real de Hecelchakán",4298,2877,2985,3189,4378,16659,3886,2135,3107,4163,4781,3870,0,4695,3222,2565,2619,2348,2641,3604
,"    Visitantes Nacionales",4225,2810,2912,3128,4177,15794,3502,1929,2962,4034,4633,3816,0,4646,3150,2479,2487,2301,2605,3517
,"    Visitantes Internacionales",73,67,73,61,201,865,384,206,145,129,148,54,0,49,72,86,132,47,36,87
,"Museo Histórico Reducto San José el Alto ""Armas y Marinería""",49451,47603,46808,43537,39539,43912,36486,37012,35811,28775,35625,27992,28200,18576,10685,27860,30809,19972,39644,47765
,"    Visitantes Nacionales",48235,46870,46040,42773,37396,43158,35024,35927,34792,28029,34529,27333,27342,17793,10562,26837,29537,19247,38547,45885
,"    Visitantes Internacionales",1216,733,768,764,2143,754,1462,1085,1019,746,1096,659,858,783,123,1023,1272,725,1097,1880
,,,,,,,,,,,,,,,,,,,,,
"Chiapas",,61850,78705,96493,95401,113585,132233,103508,70345,76859,69803,48661,37822,50300,74357,62526,67956,61845,56409,66372,63163
,"    Visitantes Nacionales",52265,70040,87077,85985,107353,126203,97977,65248,70566,63482,40222,33689,45103,65163,53697,63288,57350,49627,58741,55708
,"    Visitantes Internacionales",9585,8665,9416,9416,6232,6030,5531,5097,6293,6321,8439,4133,5197,9194,8829,4668,4495,6782,7631,7455
,"Museo Arqueológico de Comitán",7735,7679,7862,6669,6186,7029,9370,7343,7353,7387,9870,10003,9270,10776,11785,19782,18763,10853,9970,10259
,"    Visitantes Nacionales",7408,7314,7499,6318,5804,6710,9039,7037,6968,7025,8383,9549,8687,10441,11465,19259,18218,10365,9490,9585
,"    Visitantes Internacionales",327,365,363,351,382,319,331,306,385,362,1487,454,583,335,320,523,545,488,480,674
,"Museo Arqueológico del Soconusco",12077,9769,10897,0,0,13347,10503,12428,12044,8553,15664,11111,14556,13435,8043,0,0,0,0,0
,"    Visitantes Nacionales",8882,8340,10048,0,0,12507,9615,10445,9352,5052,9562,7620,10520,7728,2790,0,0,0,0,0
,"    Visitantes Internacionales",3195,1429,849,0,0,840,888,1983,2692,3501,6102,3491,4036,5707,5253,0,0,0,0,0
,"Museo de los Altos de Chiapas",22676,30113,30564,36755,36013,25761,27229,26961,36357,35734,5472,0,4955,30608,26558,34408,30764,29652,38558,41429
,"    Visitantes Nacionales",17261,24182,23347,28958,31275,22124,24038,24580,33588,33618,4903,0,4812,27914,23573,30509,26936,23771,31705,34873
,"    Visitantes Internacionales",5415,5931,7217,7797,4738,3637,3191,2381,2769,2116,569,0,143,2694,2985,3899,3828,5881,6853,6556
,"Museo Regional de Chiapas",19362,31144,47170,51977,71386,86096,56406,23613,21105,18129,17655,16708,21519,19538,16140,13766,12318,15904,17844,11475
,"    Visitantes Nacionales",18714,30204,46183,50709,70274,84862,55285,23186,20658,17787,17374,16520,21084,19080,15869,13520,12196,15491,17546,11250
,"    Visitantes Internacionales",648,940,987,1268,1112,1234,1121,427,447,342,281,188,435,458,271,246,122,413,298,225
,,,,,,,,,,,,,,,,,,,,,
"Chihuahua",,33279,0,10571,61484,60613,80440,91158,89592,74503,60828,17471,48498,62345,48016,58413,91894,123985,119793,137464,101199
,"    Visitantes Nacionales",31191,0,10204,55245,57315,76902,84304,88654,74056,60828,17461,48453,62338,47841,57687,86714,114398,109838,129567,92409
,"    Visitantes Internacionales",2088,0,367,6239,3298,3538,6854,938,447,0,10,45,7,175,726,5180,9587,9955,7897,8790
,"Museo de la Revolución en la Frontera",33279,0,10571,61484,60613,80440,91158,89592,74503,60828,17471,48498,62345,48016,58413,91894,123985,119793,137464,101199
,"    Visitantes Nacionales",31191,0,10204,55245,57315,76902,84304,88654,74056,60828,17461,48453,62338,47841,57687,86714,114398,109838,129567,92409
,"    Visitantes Internacionales",2088,0,367,6239,3298,3538,6854,938,447,0,10,45,7,175,726,5180,9587,9955,7897,8790
,,,,,,,,,,,,,,,,,,,,,
"Coahuila",,64864,117910,75362,54369,55362,49921,41556,73268,102262,111866,104142,130057,114651,322659,58110,102697,57074,69702,62634,25739
,"    Visitantes Nacionales",64506,117876,75340,54367,55301,49425,41241,72986,102106,111782,104071,129936,114574,322617,58050,102569,56918,69520,62550,25695
,"    Visitantes Internacionales",358,34,22,2,61,496,315,282,156,84,71,121,77,42,60,128,156,182,84,44
,"Museo Regional de la Laguna",64864,117910,75362,54369,55362,49921,41556,73268,102262,111866,104142,130057,114651,322659,58110,102697,57074,69702,62634,25739
,"    Visitantes Nacionales",64506,117876,75340,54367,55301,49425,41241,72986,102106,111782,104071,129936,114574,322617,58050,102569,56918,69520,62550,25695
,"    Visitantes Internacionales",358,34,22,2,61,496,315,282,156,84,71,121,77,42,60,128,156,182,84,44
,,,,,,,,,,,,,,,,,,,,,
"Colima",,12817,17654,28027,27826,33477,27859,18680,17052,19475,15941,20458,17370,17244,15320,13641,12424,16569,13248,15412,21344
,"    Visitantes Nacionales",11278,15714,26215,25855,29501,23039,13876,14096,16047,13436,18379,16435,16191,14840,13136,11302,14956,11955,14797,20812
,"    Visitantes Internacionales",1539,1940,1812,1971,3976,4820,4804,2956,3428,2505,2079,935,1053,480,505,1122,1613,1293,615,532
,"Museo Regional de Historia de Colima",12817,17654,28027,27826,33477,27859,18680,17052,19475,15941,20458,17370,17244,15320,13641,12424,16569,13248,15412,21344
,"    Visitantes Nacionales",11278,15714,26215,25855,29501,23039,13876,14096,16047,13436,18379,16435,16191,14840,13136,11302,14956,11955,14797,20812
,"    Visitantes Internacionales",1539,1940,1812,1971,3976,4820,4804,2956,3428,2505,2079,935,1053,480,505,1122,1613,1293,615,532
,,,,,,,,,,,,,,,,,,,,,
"Ciudad de México",,3310800,3410684,3322964,3646270,3985986,4909183,3969214,4361367,4397628,3866079,4237243,4355363,4924346,5205009,5369799,5735355,5071444,6247205,7232707,7976428
,"    Visitantes Nacionales",2705138,2931753,2911911,3248144,3543223,4461381,3541074,3996391,4034557,3633398,3941829,4026449,4598884,4845926,4932948,5276994,4617088,5782401,6596962,7299108
,"    Visitantes Internacionales",605662,478931,411053,398126,442763,447802,428140,364976,363071,232681,295414,328914,325462,359083,436851,458361,454356,464804,635745,677320
,"Centro Comunitario Culhuacán, Ex Convento de San Juan Evangelista",4340,4380,26598,12000,18632,19320,36782,63257,62942,67537,78131,109900,156681,162340,143027,141193,153885,83167,142392,161843
,"    Visitantes Nacionales",4330,4379,26513,11988,18610,19314,36773,63223,62941,67535,78131,109900,156679,162337,143027,140906,152806,82639,141744,161721
,"    Visitantes Internacionales",10,1,85,12,22,6,9,34,1,2,0,0,2,3,0,287,1079,528,648,122
,"Galería de Historia",192465,0,7535,284258,246070,290475,254917,238943,266392,258777,367139,252244,267436,273970,345854,430400,262679,296470,184796,187672
,"    Visitantes Nacionales",191702,0,7359,283395,245889,290292,254898,238943,266372,258195,366509,251822,267255,273654,345704,429536,262396,295796,183655,186702
,"    Visitantes Internacionales",763,0,176,863,181,183,19,0,20,582,630,422,181,316,150,864,283,674,1141,970
,"Museo Casa Carranza",17156,14876,16288,17315,14408,13142,22195,39768,27059,26353,31131,23384,24439,28557,25725,25557,23676,26852,25738,23543
,"    Visitantes Nacionales",17039,14744,16211,17222,14175,13030,22041,39623,26853,26046,30946,23232,24271,28283,25505,25353,23449,26664,25614,23429
,"    Visitantes Internacionales",117,132,77,93,233,112,154,145,206,307,185,152,168,274,220,204,227,188,124,114
,"Museo de El Carmen",87249,177705,60083,27445,25335,27391,48217,52113,48489,51149,63011,62869,47368,55808,48559,59261,55633,61654,63266,81156
,"    Visitantes Nacionales",82992,169006,57698,26229,23996,25773,46451,50808,46987,49308,60832,61274,46893,53986,47631,58423,54513,60397,61702,79628
,"    Visitantes Internacionales",4257,8699,2385,1216,1339,1618,1766,1305,1502,1841,2179,1595,475,1822,928,838,1120,1257,1564,1528
,"Museo del Templo Mayor",517672,558061,539165,507909,495120,502239,532588,598204,863628,630917,728888,584513,584155,642265,646367,711290,653513,801942,977275,912673
,"    Visitantes Nacionales",409390,450105,446531,445390,426515,424829,443506,543244,800633,586320,663027,522233,530784,581565,570364,638010,585990,726438,885863,791102
,"    Visitantes Internacionales",108282,107956,92634,62519,68605,77410,89082,54960,62995,44597,65861,62280,53371,60700,76003,73280,67523,75504,91412,121571
,"Museo Nacional de Antropología",1544162,1170948,1243487,1391842,1506229,2328404,1403231,1793584,1641457,1562873,1446506,1767092,2117303,2002133,2379747,1963021,1712645,2336115,2596725,3086555
,"    Visitantes Nacionales",1103003,864795,963801,1092342,1180586,2011244,1117311,1536558,1387548,1393131,1253273,1569002,1897144,1741611,2086636,1674611,1437750,2063340,2212588,2719373
,"    Visitantes Internacionales",441159,306153,279686,299500,325643,317160,285920,257026,253909,169742,193233,198090,220159,260522,293111,288410,274895,272775,384137,367182
,"Museo Nacional de Historia",545463,1003067,960979,1010099,1317697,1351951,1362886,1260619,1173015,1183785,1379047,1272534,1403647,1677915,1479382,2006072,1703992,2135465,2661615,2811646
,"    Visitantes Nacionales",501478,950231,928536,979266,1292267,1327186,1331889,1215022,1135627,1168339,1348234,1212995,1353597,1642701,1413223,1928436,1622573,2050800,2537181,2661374
,"    Visitantes Internacionales",43985,52836,32443,30833,25430,24765,30997,45597,37388,15446,30813,59539,50050,35214,66159,77636,81419,84665,124434,150272
,"Museo Nacional de las Culturas",290897,360322,345597,281504,251647,260997,194681,188675,198930,0,39774,183499,215637,219624,172708,262741,366735,369865,438913,567997
,"    Visitantes Nacionales",284985,357861,343020,279140,231089,235103,175212,183149,192164,0,37480,176820,214717,219624,172708,246307,339551,341675,407685,533558
,"    Visitantes Internacionales",5912,2461,2577,2364,20558,25894,19469,5526,6766,0,2294,6679,920,0,0,16434,27184,28190,31228,34439
,"Museo Nacional de las Intervenciones",111396,121325,123232,113898,110848,115264,113717,126204,115716,84688,103616,99328,107680,142397,128430,135820,138686,135675,141987,143343
,"    Visitantes Nacionales",110219,120632,122242,113172,110096,114610,112993,125821,115432,84524,103397,99171,107544,142165,128150,135412,138060,134652,140930,142221
,"    Visitantes Internacionales",1177,693,990,726,752,654,724,383,284,164,219,157,136,232,280,408,626,1023,1057,1122
,,,,,,,,,,,,,,,,,,,,,
"Estado de México",,440988,454194,450447,449132,531011,444683,404774,426806,416192,394078,377382,396646,532399,476967,426073,482061,490739,405006,364806,447985
,"    Visitantes Nacionales",419829,439969,433956,431577,510821,432984,394050,407090,402506,383635,364971,386248,499555,452368,415598,465592,459832,393518,350886,436522
,"    Visitantes Internacionales",21159,14225,16491,17555,20190,11699,10724,19716,13686,10443,12411,10398,32844,24599,10475,16469,30907,11488,13920,11463
,"Capilla Abierta de Tlalmanalco",1854,4878,4379,4328,9068,10448,5683,4432,2190,5181,3886,6673,12249,7647,9548,6052,6782,5862,5716,14461
,"    Visitantes Nacionales",1798,4878,4335,4202,9068,10444,5680,4425,2190,5097,3886,6663,12249,7620,9548,6041,6782,5862,5716,14461
,"    Visitantes Internacionales",56,0,44,126,0,4,3,7,0,84,0,10,0,27,0,11,0,0,0,0
,"Capilla Abierta del Templo de Calimaya",738,609,1304,1443,1387,2355,1964,2715,12910,2583,3579,4605,5150,2776,5760,7027,6247,9227,4091,8168
,"    Visitantes Nacionales",738,609,1291,1424,1386,2354,1964,2698,12862,2579,3579,4601,5148,2773,5752,7015,6247,9220,4089,8164
,"    Visitantes Internacionales",0,0,13,19,1,1,0,17,48,4,0,4,2,3,8,12,0,7,2,4
,"Centro Comunitario Ecatepec Casa de Morelos",35009,28335,27182,34127,39002,36352,36111,66908,56338,48276,27069,50258,50037,61055,37204,65191,65439,37492,13817,19702
,"    Visitantes Nacionales",35009,28335,27182,34127,39002,36352,36111,66908,56338,48276,27069,50258,50037,61055,37204,65191,65439,37492,13817,19702
,"    Visitantes Internacionales",0,0,0,0,0,0,0,0,0,0,0,0,0,0,0,0,0,0,0,0
,"Ex-Convento de Oxtotipac",3558,3281,5302,2858,3567,2972,2764,3181,2296,1471,2305,4084,4253,6050,10998,12594,16654,12442,8914,12179
,"    Visitantes Nacionales",3404,3208,5161,2835,3462,2884,2615,3146,2296,1416,2268,4040,4228,6050,10998,12594,16654,12442,8914,12179
,"    Visitantes Internacionales",154,73,141,23,105,88,149,35,0,55,37,44,25,0,0,0,0,0,0,0
,"Museo de los Murales Teotihuacanos ""Beatriz de la Fuente""",110920,0,27682,29847,28760,0,0,23127,14810,18174,16441,20779,159980,81668,20683,50783,47039,20185,25798,30587
,"    Visitantes Nacionales",104651,0,24387,25279,23638,0,0,18997,11633,14730,13036,17316,133509,64412,17567,42620,23609,15475,18910,23114
,"    Visitantes Internacionales",6269,0,3295,4568,5122,0,0,4130,3177,3444,3405,3463,26471,17256,3116,8163,23430,4710,6888,7473
,"Museo Nacional del Virreinato",230151,244144,209279,212569,276248,230508,222993,225742,225520,228006,249748,252325,231435,223527,249387,254214,281808,261457,255134,276665
,"    Visitantes Nacionales",215758,236131,201987,205330,267604,223556,216406,218048,219514,223544,245412,248724,227543,219780,245732,250064,276363,256181,249662,273547
,"    Visitantes Internacionales",14393,8013,7292,7239,8644,6952,6587,7694,6006,4462,4336,3601,3892,3747,3655,4150,5445,5276,5472,3118
,"Museo Prehistórico de Tepexpan",58758,49908,47454,41044,55090,44918,33709,20058,19570,21132,13637,15488,11892,13368,12630,17514,15055,13833,9754,5309
,"    Visitantes Nacionales",58471,49726,47355,40884,54973,44815,33577,20054,19557,21109,13581,15441,11890,13353,12603,17487,15032,13824,9686,5309
,"    Visitantes Internacionales",287,182,99,160,117,103,132,4,13,23,56,47,2,15,27,27,23,9,68,0
,"Museo Virreinal de Acolman",0,123039,127865,122916,117889,117130,101550,80643,82558,69255,60717,42434,57403,80876,79863,68686,51715,44508,41582,80914
,"    Visitantes Nacionales",0,117082,122258,117496,111688,112579,97697,72814,78116,66884,56140,39205,54951,77325,76194,64580,49706,43022,40092,80046
,"    Visitantes Internacionales",0,5957,5607,5420,6201,4551,3853,7829,4442,2371,4577,3229,2452,3551,3669,4106,2009,1486,1490,868
,,,,,,,,,,,,,,,,,,,,,
"Guanajuato",,415390,388756,454261,413058,352961,425354,411317,384128,272267,327618,458431,406019,428413,444666,442998,493504,554941,567535,557436,472583
,"    Visitantes Nacionales",400487,376639,440716,399573,339558,409289,395218,374312,264979,318021,448713,396360,417362,430952,429681,480115,539961,549015,536741,451447
,"    Visitantes Internacionales",14903,12117,13545,13485,13403,16065,16099,9816,7288,9597,9718,9659,11051,13714,13317,13389,14980,18520,20695,21136
,"Casa de Hidalgo",85815,80631,81802,82974,79574,83954,81656,82753,76059,79592,113534,85850,74917,80113,83970,92434,101734,101932,101031,78951
,"    Visitantes Nacionales",84603,79494,80471,82075,78482,82736,79564,81330,74846,78449,112686,84988,73816,79002,82542,91136,100451,99781,98451,76602
,"    Visitantes Internacionales",1212,1137,1331,899,1092,1218,2092,1423,1213,1143,848,862,1101,1111,1428,1298,1283,2151,2580,2349
,"Ex-Convento Agustino de Fray Juan de Sahagún",3326,2414,3644,3445,3715,3889,4498,35,1973,3566,4860,2595,9456,7987,6667,8706,5972,5359,4677,4058
,"    Visitantes Nacionales",3108,2390,3590,3415,3692,3828,4391,35,1962,3547,4850,2595,9443,7897,6610,8659,5948,5347,4677,4058
,"    Visitantes Internacionales",218,24,54,30,23,61,107,0,11,19,10,0,13,90,57,47,24,12,0,0
,"Museo Casa de Hidalgo ""La Francia Chiquita""",6174,5603,5691,7226,3661,7052,6986,5423,0,390,442,5384,4903,4986,4004,4109,4242,4537,3553,3749
,"    Visitantes Nacionales",6108,5562,5633,7181,3636,6924,6823,5316,0,390,442,5363,4839,4882,3902,3961,4091,4390,3450,3674
,"    Visitantes Internacionales",66,41,58,45,25,128,163,107,0,0,0,21,64,104,102,148,151,147,103,75
,"Museo Casa del Dr. José María Luis Mora",5454,5588,7090,7223,4916,8888,9211,11235,8711,13646,14396,23266,23920,16806,24174,24551,29051,27550,26441,19025
,"    Visitantes Nacionales",5144,5588,7090,7223,4916,8818,9135,11233,8711,13646,14396,23266,23920,16806,24174,24551,29051,27550,26441,19025
,"    Visitantes Internacionales",310,0,0,0,0,70,76,2,0,0,0,0,0,0,0,0,0,0,0,0
,"Museo Ex Convento Agustino de San Pablo",9937,9296,11457,10794,10534,11640,12744,12698,9441,10153,11069,11005,10204,8740,12481,14710,22786,24885,23202,16429
,"    Visitantes Nacionales",9343,8817,10812,10339,9867,11233,12047,12523,9206,10019,10802,10885,10172,8688,12459,14636,22114,24014,22670,16025
,"    Visitantes Internacionales",594,479,645,455,667,407,697,175,235,134,267,120,32,52,22,74,672,871,532,404
,"Museo Histórico de San Miguel de Allende",44216,44384,50445,51510,57273,47967,49529,49526,0,58435,109751,99912,101784,104182,95657,103938,111464,133020,131094,121273
,"    Visitantes Nacionales",42255,42307,47941,46663,50052,40947,43558,47627,0,55893,105822,96111,97035,97690,90495,99962,108913,128408,125624,116476
,"    Visitantes Internacionales",1961,2077,2504,4847,7221,7020,5971,1899,0,2542,3929,3801,4749,6492,5162,3976,2551,4612,5470,4797
,"Museo Local de Valle de Santiago",7694,8047,7589,7090,6918,8531,7797,12025,0,0,0,0,0,0,0,0,0,0,0,0
,"    Visitantes Nacionales",7661,7988,7499,7005,6806,8379,7596,11511,0,0,0,0,0,0,0,0,0,0,0,0
,"    Visitantes Internacionales",33,59,90,85,112,152,201,514,0,0,0,0,0,0,0,0,0,0,0,0
,"Museo Regional de Guanajuato Alhóndiga de Granaditas",252774,232793,286543,242796,186370,253433,238896,210433,176083,161836,204379,178007,203229,221852,216045,245056,279692,270252,267438,229098
,"    Visitantes Nacionales",242265,224493,277680,235672,182107,246424,232104,204737,170254,156077,199715,173152,198137,215987,209499,237210,269393,259525,255428,215587
,"    Visitantes Internacionales",10509,8300,8863,7124,4263,7009,6792,5696,5829,5759,4664,4855,5092,5865,6546,7846,10299,10727,12010,13511
,,,,,,,,,,,,,,,,,,,,,
"Guerrero",,74016,82290,120129,151619,163273,153365,167168,210783,191099,195561,193301,159298,102377,85155,133208,109738,101675,145669,138473,137000
,"    Visitantes Nacionales",68541,72822,103472,127368,138838,126706,129749,194652,178182,186352,182096,150026,99699,81821,128875,104308,94441,134938,130427,127252
,"    Visitantes Internacionales",5475,9468,16657,24251,24435,26659,37419,16131,12917,9209,11205,9272,2678,3334,4333,5430,7234,10731,8046,9748
,"Museo Guillermo Spratling",10214,14273,11526,10043,11106,9647,12264,15139,25040,18722,16205,16417,14596,14696,15896,15989,18004,16551,18099,19059
,"    Visitantes Nacionales",8189,12023,9589,8096,9122,7955,9207,13236,23748,17837,15163,15085,13422,12367,13445,13275,15082,13881,15725,16435
,"    Visitantes Internacionales",2025,2250,1937,1947,1984,1692,3057,1903,1292,885,1042,1332,1174,2329,2451,2714,2922,2670,2374,2624
,"Museo Histórico de Acapulco, Fuerte de San Diego",8223,32305,60190,83799,87945,86672,87269,82069,69817,90529,107517,88038,87781,70459,117312,93749,83301,82118,69612,65153
,"    Visitantes Nacionales",5129,25212,45652,61749,65610,61897,53167,68041,58434,82338,97429,81226,86277,69454,115430,91033,79004,74402,64082,58397
,"    Visitantes Internacionales",3094,7093,14538,22050,22335,24775,34102,14028,11383,8191,10088,6812,1504,1005,1882,2716,4297,7716,5530,6756
,"Museo Regional de Guerrero",55579,35712,48413,57777,64222,57046,67635,113575,96242,86310,69579,54843,0,0,0,0,370,47000,50762,52788
,"    Visitantes Nacionales",55223,35587,48231,57523,64106,56854,67375,113375,96000,86177,69504,53715,0,0,0,0,355,46655,50620,52420
,"    Visitantes Internacionales",356,125,182,254,116,192,260,200,242,133,75,1128,0,0,0,0,15,345,142,368
,,,,,,,,,,,,,,,,,,,,,
"Hidalgo",,62754,59128,90649,92441,80095,71370,83849,91708,92412,109772,89620,85958,74165,86648,84789,79343,91798,82605,91514,86667
,"    Visitantes Nacionales",60827,57886,88195,89576,79420,69745,82739,90834,91134,108515,88191,84938,73521,85946,81468,77995,90197,81309,90084,85477
,"    Visitantes Internacionales",1927,1242,2454,2865,675,1625,1110,874,1278,1257,1429,1020,644,702,3321,1348,1601,1296,1430,1190
,"Ex - convento de San Andrés Epazoyucan",4899,5010,8782,12023,14999,15176,20190,22668,25371,45261,24786,20864,16151,18318,18376,17990,20161,18447,22340,15249
,"    Visitantes Nacionales",4474,4944,8619,11841,14831,15000,19958,22619,25326,45205,24705,20826,16121,18297,18355,17984,20118,18439,22319,15220
,"    Visitantes Internacionales",425,66,163,182,168,176,232,49,45,56,81,38,30,21,21,6,43,8,21,29
,"Ex - convento de San Miguel Arcángel, Ixmiquilpan",10325,10819,3663,0,0,0,0,0,0,0,0,0,0,0,0,0,0,0,0,0
,"    Visitantes Nacionales",10176,10454,3642,0,0,0,0,0,0,0,0,0,0,0,0,0,0,0,0,0
,"    Visitantes Internacionales",149,365,21,0,0,0,0,0,0,0,0,0,0,0,0,0,0,0,0,0
,"Museo de Actopan",16277,15902,17090,18299,18745,19183,22091,20805,19935,18217,19795,21948,17919,16217,18527,17590,18846,20223,21844,22569
,"    Visitantes Nacionales",15590,15852,17032,18264,18745,19180,21945,20672,19767,18107,19630,21840,17829,16078,16595,17537,18744,20139,21792,22446
,"    Visitantes Internacionales",687,50,58,35,0,3,146,133,168,110,165,108,90,139,1932,53,102,84,52,123
,"Museo de la Fotografía",31253,27397,44409,47437,32570,24153,26258,30164,29314,27429,27749,27407,22972,35142,30607,29043,33224,31381,32964,33585
,"    Visitantes Nacionales",30587,26636,42333,45432,32119,22790,25693,29601,28437,26888,27253,26972,22577,34733,29810,28246,32481,30693,32137,32932
,"    Visitantes Internacionales",666,761,2076,2005,451,1363,565,563,877,541,496,435,395,409,797,797,743,688,827,653
,"Museo Regional de Hidalgo",0,0,0,0,0,24153,0,3660,463,0,0,0,0,0,0,0,0,0,0,0
,"    Visitantes Nacionales",0,0,0,0,0,0,0,3623,460,0,0,0,0,0,0,0,0,0,0,0
,"    Visitantes Internacionales",0,0,0,0,0,0,0,37,3,0,0,0,0,0,0,0,0,0,0,0
,"Museo Tepeapulco",0,0,16705,14682,13781,12858,15310,14411,17329,18865,17290,15739,17123,16971,17279,14720,19567,12554,14366,15264
,"    Visitantes Nacionales",0,0,16569,14039,13725,12775,15143,14319,17144,18315,16603,15300,16994,16838,16708,14228,18854,12038,13836,14879
,"    Visitantes Internacionales",0,0,136,643,56,83,167,92,185,550,687,439,129,133,571,492,713,516,530,385
,,,,,,,,,,,,,,,,,,,,,
"Jalisco",,125326,131518,168640,217401,238288,266801,286140,349281,260502,187593,242196,217004,207339,211087,198333,174766,178839,198452,188950,152592
,"    Visitantes Nacionales",99207,98960,140771,200429,224544,230215,245245,294209,211674,166961,223378,195657,186509,198381,184049,165392,172915,195508,181810,141920
,"    Visitantes Internacionales",26119,32558,27869,16972,13744,36586,40895,55072,48828,20632,18818,21347,20830,12706,14284,9374,5924,2944,7140,10672
,"Museo ""Casa Agustín Rivera""",6560,5801,6787,7278,6449,5499,4732,4164,5483,7390,8024,5510,6462,3498,6544,6913,10815,9347,12147,10019
,"    Visitantes Nacionales",6557,5774,6783,7278,6419,5112,4725,4164,5464,7329,8005,5433,6409,3492,6533,6859,9947,9305,12080,9990
,"    Visitantes Internacionales",3,27,4,0,30,387,7,0,19,61,19,77,53,6,11,54,868,42,67,29
,"Museo Arqueológico de Ciudad Guzmán",10221,10404,12328,9708,10485,6187,7007,4426,196,2087,688,2483,2545,2419,2295,2881,2070,2762,4256,3287
,"    Visitantes Nacionales",10146,10345,12311,9690,10287,6169,7007,4412,196,2053,676,2453,2525,2407,2282,2872,2064,2760,4246,3281
,"    Visitantes Internacionales",75,59,17,18,198,18,0,14,0,34,12,30,20,12,13,9,6,2,10,6
,"Museo del Cuale",37272,42769,33024,14221,1314,23315,22637,34161,19962,19452,21450,18928,30790,10192,15816,7396,0,0,11347,20160
,"    Visitantes Nacionales",19661,22108,15763,9415,570,9766,10531,11369,9998,9947,12119,11835,17533,5840,8544,2797,0,0,8029,13848
,"    Visitantes Internacionales",17611,20661,17261,4806,744,13549,12106,22792,9964,9505,9331,7093,13257,4352,7272,4599,0,0,3318,6312
,"Museo Regional de Guadalajara",71273,72544,116501,186194,220040,231800,251764,306530,234861,158664,212034,190083,167542,194978,173678,157576,165954,186343,161200,119126
,"    Visitantes Nacionales",62843,60733,105914,174046,207268,209168,222982,274264,196016,147632,202578,175936,160042,186642,166690,152864,160904,183443,157455,114801
,"    Visitantes Internacionales",8430,11811,10587,12148,12772,22632,28782,32266,38845,11032,9456,14147,7500,8336,6988,4712,5050,2900,3745,4325
,,,,,,,,,,,,,,,,,,,,,
"Michoacán",,116264,122915,110517,124301,128063,145755,131644,112995,101880,71375,56352,70860,64446,64174,66260,79058,90846,102238,96110,104990
,"    Visitantes Nacionales",103826,111648,102851,116306,118835,135792,123967,106410,96337,66954,54211,68809,62697,62458,64883,77492,87765,98951,91931,99470
,"    Visitantes Internacionales",12438,11267,7666,7995,9228,9963,7677,6585,5543,4421,2141,2051,1749,1716,1377,1566,3081,3287,4179,5520
,"Museo Casa de Morelos",31437,36028,32275,35179,36772,34400,32030,30256,19353,3152,20216,19011,14871,13645,12741,13884,15519,15161,16231,17028
,"    Visitantes Nacionales",30361,35100,31350,33987,35316,33110,30793,29459,19011,2924,19614,18506,14588,13411,12514,13730,15330,14771,15806,16626
,"    Visitantes Internacionales",1076,928,925,1192,1456,1290,1237,797,342,228,602,505,283,234,227,154,189,390,425,402
,"Museo de Artes y Oficios de Pátzcuaro",36293,38800,28786,35752,39206,61886,44130,26902,26287,22648,4888,18838,14492,15545,15068,20360,23595,25116,23870,23036
,"    Visitantes Nacionales",28703,31442,24932,32697,36260,57190,41171,23572,24182,20761,4482,18046,13806,14799,14481,19542,22441,23769,21904,21577
,"    Visitantes Internacionales",7590,7358,3854,3055,2946,4696,2959,3330,2105,1887,406,792,686,746,587,818,1154,1347,1966,1459
,"Museo de la Estampa Ex Convento de Santa María Magdalena",9608,9865,9496,9506,9699,10647,10924,7803,13878,15068,17914,15279,10157,12982,16843,21107,22848,25856,27283,28878
,"    Visitantes Nacionales",8855,9567,9327,9326,9484,10293,10432,7540,13176,14291,17061,14897,9918,12700,16640,20825,22446,25430,26833,28578
,"    Visitantes Internacionales",753,298,169,180,215,354,492,263,702,777,853,382,239,282,203,282,402,426,450,300
,"Museo Regional Michoacano ""Dr. Nicolás León Calderón""",25536,23492,24352,29248,22062,23002,20498,29494,22860,14104,0,7333,12490,10441,9604,11012,13405,17572,9199,16931
,"    Visitantes Nacionales",23741,21932,22907,27431,20457,21565,19147,28256,21818,13080,0,7132,12197,10205,9417,10700,12925,17223,8807,16451
,"    Visitantes Internacionales",1795,1560,1445,1817,1605,1437,1351,1238,1042,1024,0,201,293,236,187,312,480,349,392,480
,"Templo de Tupátaro",13390,14730,15608,14616,20324,15820,24062,18540,19502,16403,13334,10399,12436,11561,12004,12695,15479,18533,19527,19117
,"    Visitantes Nacionales",12166,13607,14335,12865,17318,13634,22424,17583,18150,15898,13054,10228,12188,11343,11831,12695,14623,17758,18581,16238
,"    Visitantes Internacionales",1224,1123,1273,1751,3006,2186,1638,957,1352,505,280,171,248,218,173,0,856,775,946,2879
,,,,,,,,,,,,,,,,,,,,,
"Morelos",,284906,394046,523032,773105,792268,623498,424049,399798,396047,279974,268569,277979,258378,262768,260040,277549,287184,239935,68537,213346
,"    Visitantes Nacionales",229365,325015,428839,627073,643263,504574,379126,368294,365725,259532,250195,260311,244087,253578,249038,263027,270379,226578,66084,195866
,"    Visitantes Internacionales",55541,69031,94193,146032,149005,118924,44923,31504,30322,20442,18374,17668,14291,9190,11002,14522,16805,13357,2453,17480
,"Jardín Etnobotánico y Museo de Medicina Tradicional y Herbolaria",12352,22892,25179,27813,23849,23385,20263,25320,20065,19967,17467,16885,16577,15195,17482,18891,16607,13146,1822,2316
,"    Visitantes Nacionales",8998,20289,23978,26493,22114,21863,18747,23864,18542,18722,16676,16288,16387,15195,17236,18529,16272,12960,1815,2285
,"    Visitantes Internacionales",3354,2603,1201,1320,1735,1522,1516,1456,1523,1245,791,597,190,0,246,362,335,186,7,31
,"Museo Histórico del Oriente de Morelos ""Casa de Morelos""",11171,12006,13577,14297,14519,13897,14152,16245,25145,11158,5022,10546,11918,11898,10577,9538,8676,8291,0,3025
,"    Visitantes Nacionales",11107,11909,13519,14216,14371,13820,14079,16204,25115,11112,4986,10492,11856,11840,10529,9503,8599,8249,0,2973
,"    Visitantes Internacionales",64,97,58,81,148,77,73,41,30,46,36,54,62,58,48,35,77,42,0,52
,"Museo Regional Cuauhnáhuac",145021,237176,355638,605198,627980,458648,268928,235934,226770,141009,145690,140695,122563,131549,127203,140094,143471,107775,5064,101581
,"    Visitantes Nacionales",102996,180132,272302,471245,490989,352170,235633,210870,199207,122721,129659,127926,111374,122417,119227,131106,132554,99970,5064,90877
,"    Visitantes Internacionales",42025,57044,83336,133953,136991,106478,33295,25064,27563,18288,16031,12769,11189,9132,7976,8988,10917,7805,0,10704
,"Museo y Centro de Documentación Histórica Ex Convento de Tepoztlán",116362,121972,128638,125797,125920,127568,120706,122299,124067,107840,100390,109853,107320,104126,104778,109026,118430,110723,61651,106424
,"    Visitantes Nacionales",106264,112685,119040,115119,115789,116721,110667,117356,122861,106977,98874,105605,104470,104126,102046,103889,112954,105399,59205,99731
,"    Visitantes Internacionales",10098,9287,9598,10678,10131,10847,10039,4943,1206,863,1516,4248,2850,0,2732,5137,5476,5324,2446,6693
,,,,,,,,,,,,,,,,,,,,,
"Nayarit",,28173,24762,49548,60312,50868,44938,37446,22106,22540,23546,24900,17346,8696,24476,16464,19838,20091,13988,16307,23963
,"    Visitantes Nacionales",26971,24043,48899,59465,50003,43287,35289,20893,21845,22696,24638,16830,8549,24293,15965,19358,19492,13381,15597,23482
,"    Visitantes Internacionales",1202,719,649,847,865,1651,2157,1213,695,850,262,516,147,183,499,480,599,607,710,481
,"Museo Local de Antropología e Historia de Compostela",7864,5842,7036,7502,7586,8492,8027,6432,6910,8799,9702,10101,7660,11083,7377,6863,8070,3978,5733,5534
,"    Visitantes Nacionales",7506,5672,6873,7231,7286,7203,6491,5663,6496,8221,9514,9638,7517,11027,7028,6521,7735,3645,5359,5311
,"    Visitantes Internacionales",358,170,163,271,300,1289,1536,769,414,578,188,463,143,56,349,342,335,333,374,223
,"Museo Regional de Nayarit",20309,18920,42512,52810,43282,36446,29419,15674,15630,14747,15198,7245,1036,13393,9087,12975,12021,10010,10574,18429
,"    Visitantes Nacionales",19465,18371,42026,52234,42717,36084,28798,15230,15349,14475,15124,7192,1032,13266,8937,12837,11757,9736,10238,18171
,"    Visitantes Internacionales",844,549,486,576,565,362,621,444,281,272,74,53,4,127,150,138,264,274,336,258
,,,,,,,,,,,,,,,,,,,,,
"Nuevo León",,40334,43251,56618,54573,60511,74792,65824,42685,37250,36763,32799,20663,28391,35141,45817,77486,51018,56222,38413,31895
,"    Visitantes Nacionales",37703,40359,53178,51348,57914,72215,62954,41346,35966,35337,31974,20345,28167,34657,45300,77293,50456,55210,37665,31155
,"    Visitantes Internacionales",2631,2892,3440,3225,2597,2577,2870,1339,1284,1426,825,318,224,484,517,193,562,1012,748,740
,"Museo Regional de Nuevo León ""Ex Obispado""",40334,43251,56618,54573,60511,74792,65824,42685,37250,36763,32799,20663,28391,35141,45817,77486,51018,56222,38413,31895
,"    Visitantes Nacionales",37703,40359,53178,51348,57914,72215,62954,41346,35966,35337,31974,20345,28167,34657,45300,77293,50456,55210,37665,31155
,"    Visitantes Internacionales",2631,2892,3440,3225,2597,2577,2870,1339,1284,1426,825,318,224,484,517,193,562,1012,748,740
,,,,,,,,,,,,,,,,,,,,,
"Oaxaca",,327478,332126,337651,327850,299599,292787,188922,192313,230966,240808,238747,227211,245025,249932,257344,243585,220066,277233,277406,326178
,"    Visitantes Nacionales",246244,253148,258844,253430,231787,224909,146760,156308,182282,199504,199703,192543,213977,220294,227087,213579,189506,241478,234373,275827
,"    Visitantes Internacionales",81234,78978,78807,74420,67812,67878,42162,36005,48684,41304,39044,34668,31048,29638,30257,30006,30560,35755,43033,50351
,"Ex-Convento de Coixtlahuaca",2217,3063,2514,2857,2735,3873,2058,1909,3521,3241,3398,3809,3258,2530,3742,3391,3418,3633,3700,4121
,"    Visitantes Nacionales",1935,2646,2224,2549,2640,3765,1970,1795,3291,3034,3204,3687,3223,2520,3730,3368,3355,3625,3690,4069
,"    Visitantes Internacionales",282,417,290,308,95,108,88,114,230,207,194,122,35,10,12,23,63,8,10,52
,"Ex-Convento de Cuilapan",23705,23021,21665,22147,14878,30442,26620,23163,29126,34419,29074,27369,36066,37283,29604,32085,33285,42254,37238,40975
,"    Visitantes Nacionales",19726,18828,18625,18989,12814,27160,24087,21430,26230,31720,26966,25991,34291,34882,29008,31416,32418,41251,36482,39943
,"    Visitantes Internacionales",3979,4193,3040,3158,2064,3282,2533,1733,2896,2699,2108,1378,1775,2401,596,669,867,1003,756,1032
,"Ex-Convento de Santo Domingo Yanhuitlán",6209,5356,7171,5050,0,0,949,5606,7070,6409,9794,10967,12495,17442,15885,16583,15046,18532,20398,21584
,"    Visitantes Nacionales",6134,5247,6724,4329,0,0,939,5411,6788,6257,9478,10598,11787,17142,15592,16297,14618,18050,19892,20996
,"    Visitantes Internacionales",75,109,447,721,0,0,10,195,282,152,316,369,708,300,293,286,428,482,506,588
,"Ex-Convento de Teposcolula",1848,2990,3675,4457,5539,5431,3801,3834,6376,8753,6520,5415,5173,6369,6052,4200,2844,5833,7837,9284
,"    Visitantes Nacionales",1477,2623,3220,4019,5280,5343,3680,3701,6186,8560,6348,5328,4993,6272,5922,4149,2794,5745,7669,9060
,"    Visitantes Internacionales",371,367,455,438,259,88,121,133,190,193,172,87,180,97,130,51,50,88,168,224
,"Museo Casa de Juárez",16319,17983,15286,15393,15952,16197,11262,12270,15063,17272,14113,16666,17002,17964,18289,12489,12886,17949,19456,21935
,"    Visitantes Nacionales",13308,14434,13256,12895,13318,14136,10474,10952,13321,14825,12365,14476,15649,16718,17321,11504,11912,16707,17991,19943
,"    Visitantes Internacionales",3011,3549,2030,2498,2634,2061,788,1318,1742,2447,1748,2190,1353,1246,968,985,974,1242,1465,1992
,"Museo de las Culturas de Oaxaca",264354,264538,272133,260783,243769,214714,127119,133978,157218,154739,158660,148063,158960,155875,168359,162463,137734,175980,176372,215099
,"    Visitantes Nacionales",192091,195184,200841,196039,182240,153785,89743,102374,115187,121139,126087,119412,132511,130291,140502,134678,110359,143357,136456,169145
,"    Visitantes Internacionales",72263,69354,71292,64744,61529,60929,37376,31604,42031,33600,32573,28651,26449,25584,27857,27785,27375,32623,39916,45954
,"Sala Homenaje a Juárez",12826,15175,15207,17163,16726,22130,17113,11553,12592,15975,17188,14922,12071,12469,15413,12374,14853,13052,12405,13180
,"    Visitantes Nacionales",11573,14186,13954,14610,15495,20720,15867,10645,11279,13969,15255,13051,11523,12469,15012,12167,14050,12743,12193,12671
,"    Visitantes Internacionales",1253,989,1253,2553,1231,1410,1246,908,1313,2006,1933,1871,548,0,401,207,803,309,212,509
,,,,,,,,,,,,,,,,,,,,,
"Puebla",,333582,352803,365284,391308,360429,319150,340887,297512,284988,280231,247323,266978,306971,674652,619160,647661,526379,435047,333846,355877
,"    Visitantes Nacionales",316973,345711,354649,378387,352401,309197,328828,290738,278571,274797,241401,259476,294279,666459,610689,638703,519897,428538,326879,348557
,"    Visitantes Internacionales",16609,7092,10635,12921,8028,9953,12059,6774,6417,5434,5922,7502,12692,8193,8471,8958,6482,6509,6967,7320
,"Casa de la Palestina",2088,1389,308,237,281,294,323,239,555,650,598,267,409,394,323,308,195,81,0,0
,"    Visitantes Nacionales",1597,1233,308,237,281,294,323,239,555,641,598,267,409,394,323,308,195,81,0,0
,"    Visitantes Internacionales",491,156,0,0,0,0,0,0,0,9,0,0,0,0,0,0,0,0,0,0
,"Casa del Dean",0,6334,4980,6678,8202,8041,7830,5749,7439,8346,5419,12743,12471,23011,16970,23537,15162,9932,10867,16018
,"    Visitantes Nacionales",0,5849,4420,6109,7754,7350,7087,3945,5869,6257,4313,10086,10866,19112,13709,21633,14118,9067,9981,14519
,"    Visitantes Internacionales",0,485,560,569,448,691,743,1804,1570,2089,1106,2657,1605,3899,3261,1904,1044,865,886,1499
,"Ex-Convento de san Franciso Huaquechula",8245,7329,7385,8162,7543,8429,7841,6154,3097,8072,7994,12417,10488,7994,17072,17555,10793,2987,0,0
,"    Visitantes Nacionales",8096,7260,7324,8110,7494,8344,7660,6054,3048,7970,7925,12361,10485,7981,16908,17371,10689,2958,0,0
,"    Visitantes Internacionales",149,69,61,52,49,85,181,100,49,102,69,56,3,13,164,184,104,29,0,0
,"Ex-Convento de San Francisco Tecamachalco",0,7903,11668,8888,11137,10490,9047,3580,5134,9115,7369,6933,6221,13792,15025,21514,15134,5883,9677,10683
,"    Visitantes Nacionales",0,7903,11668,8888,11137,10490,9047,3580,5134,9109,7344,6929,6217,13774,15024,21462,15105,5883,9677,10683
,"    Visitantes Internacionales",0,0,0,0,0,0,0,0,0,6,25,4,4,18,1,52,29,0,0,0
,"Ex-Convento Franciscano de Tecalli",18221,16875,24584,25165,29541,26330,27888,33691,33565,34422,40005,33283,31795,62145,62026,70415,64169,45254,43099,44475
,"    Visitantes Nacionales",17990,16722,24582,25014,29383,26240,27776,33047,32626,33350,37567,30717,30899,60697,60669,69937,63606,44693,42680,44001
,"    Visitantes Internacionales",231,153,2,151,158,90,112,644,939,1072,2438,2566,896,1448,1357,478,563,561,419,474
,"Fuerte de Guadalupe",48101,45600,59340,68830,81317,79345,99893,70749,80258,72230,60266,60256,44999,129073,112295,107989,92655,64795,50060,59355
,"    Visitantes Nacionales",47204,45130,58655,68017,80662,78465,98215,69726,78443,70995,58650,58802,37505,128644,111730,107363,91910,63967,49217,58663
,"    Visitantes Internacionales",897,470,685,813,655,880,1678,1023,1815,1235,1616,1454,7494,429,565,626,745,828,843,692
,"Museo de Arte Religioso de Santa Mónica",53009,50454,59465,47643,33734,37170,29333,16588,21333,21623,0,973,40792,62180,61609,54250,40499,25758,22042,24255
,"    Visitantes Nacionales",45478,45361,53453,43317,30292,32065,27215,15549,20620,21416,0,951,38756,61729,60654,51124,39524,24966,20776,23681
,"    Visitantes Internacionales",7531,5093,6012,4326,3442,5105,2118,1039,713,207,0,22,2036,451,955,3126,975,792,1266,574
,"Museo de la Evangelización",24733,25506,22180,25651,24707,25011,28363,26616,26187,29153,24454,31988,33793,53623,55025,61883,37159,23465,22101,23680
,"    Visitantes Nacionales",24376,25111,21584,25021,24240,24613,27871,25908,25614,28905,24157,31639,33443,52656,53877,60617,35971,22380,21151,22945
,"    Visitantes Internacionales",357,395,596,630,467,398,492,708,573,248,297,349,350,967,1148,1266,1188,1085,950,735
,"Museo de la No Intervención Fuerte de Loreto",99943,106375,108462,109323,76971,76678,91669,85934,59711,47210,54163,59204,70269,191764,152301,172302,143533,99916,81271,82779
,"    Visitantes Nacionales",93211,106375,106082,103344,74690,74367,85513,84933,59113,46946,54007,59043,70099,191089,151809,171613,142264,98329,79943,80751
,"    Visitantes Internacionales",6732,0,2380,5979,2281,2311,6156,1001,598,264,156,161,170,675,492,689,1269,1587,1328,2028
,"Museo del Valle de Tehuacán",0,0,0,10166,7694,9089,5643,7555,12410,8766,15552,16414,19336,49575,39581,28951,18035,7635,10153,15044
,"    Visitantes Nacionales",0,0,0,10077,7632,9031,5602,7552,12360,8739,15503,16300,19237,49494,39472,28848,18005,7576,10123,15025
,"    Visitantes Internacionales",0,0,0,89,62,58,41,3,50,27,49,114,99,81,109,103,30,59,30,19
,"Museo Regional de Puebla",79242,85038,66912,80565,79302,38273,33057,40657,35299,40644,31503,32500,36398,81101,86933,88957,89045,35320,35734,26032
,"    Visitantes Nacionales",79021,84767,66573,80253,78836,37938,32519,40205,35189,40469,31337,32381,36363,80889,86514,88427,88510,34861,35306,25758
,"    Visitantes Internacionales",221,271,339,312,466,335,538,452,110,175,166,119,35,212,419,530,535,459,428,274
,"Museo de Tehuacán El Viejo",0,0,0,0,0,0,0,0,0,0,0,0,0,0,0,0,0,87009,34232,38911
,"    Visitantes Nacionales",0,0,0,0,0,0,0,0,0,0,0,0,0,0,0,0,0,86837,33700,38003
,"    Visitantes Internacionales",0,0,0,0,0,0,0,0,0,0,0,0,0,0,0,0,0,172,532,908
,"Museo de Teteles del Santo Nombre",0,0,0,0,0,0,0,0,0,0,0,0,0,0,0,0,0,27012,14610,14645
,"    Visitantes Nacionales",0,0,0,0,0,0,0,0,0,0,0,0,0,0,0,0,0,26940,14325,14528
,"    Visitantes Internacionales",0,0,0,0,0,0,0,0,0,0,0,0,0,0,0,0,0,72,285,117
,,,,,,,,,,,,,,,,,,,,,
"Querétaro",,100209,109177,99341,131215,155799,157631,112221,97335,103452,108937,122929,110347,111167,130680,143715,108754,95400,99457,97295,97088
,"    Visitantes Nacionales",94424,103694,93155,125374,149208,150830,106815,93034,99451,105567,120091,108001,109507,129093,141989,106805,92800,96450,94502,93886
,"    Visitantes Internacionales",5785,5483,6186,5841,6591,6801,5406,4301,4001,3370,2838,2346,1660,1587,1726,1949,2600,3007,2793,3202
,"Museo Regional de Querétaro",100209,109177,99341,131215,155799,157631,112221,97335,103452,108937,122929,110347,111167,130680,143715,108754,95400,99457,97295,97088
,"    Visitantes Nacionales",94424,103694,93155,125374,149208,150830,106815,93034,99451,105567,120091,108001,109507,129093,141989,106805,92800,96450,94502,93886
,"    Visitantes Internacionales",5785,5483,6186,5841,6591,6801,5406,4301,4001,3370,2838,2346,1660,1587,1726,1949,2600,3007,2793,3202
,,,,,,,,,,,,,,,,,,,,,
"Quintana Roo",,13146,7298,9252,9109,6090,0,0,0,0,0,0,0,31584,107553,82491,78292,67768,53079,72302,88867
,"    Visitantes Nacionales",9639,4016,6233,7080,3155,0,0,0,0,0,0,0,25794,78095,55646,49934,43018,30409,38872,42129
,"    Visitantes Internacionales",3507,3282,3019,2029,2935,0,0,0,0,0,0,0,5790,29458,26845,28358,24750,22670,33430,46738
,"Museo Maya de Cancún con Z. A",13146,7298,9252,9109,6090,0,0,0,0,0,0,0,31584,107553,82491,78292,67768,53079,72302,88867
,"    Visitantes Nacionales",9639,4016,6233,7080,3155,0,0,0,0,0,0,0,25794,78095,55646,49934,43018,30409,38872,42129
,"    Visitantes Internacionales",3507,3282,3019,2029,2935,0,0,0,0,0,0,0,5790,29458,26845,28358,24750,22670,33430,46738
,,,,,,,,,,,,,,,,,,,,,
"San Luis Potosí",,42199,31902,32669,40011,36129,40986,38201,37419,43419,56313,35387,28962,30948,26207,31931,29775,38533,37266,29737,27388
,"    Visitantes Nacionales",40966,31081,31660,38922,34933,39413,36786,37061,42953,55530,35361,28943,30871,26206,31931,29579,38090,36580,28801,26174
,"    Visitantes Internacionales",1233,821,1009,1089,1196,1573,1415,358,466,783,26,19,77,1,0,196,443,686,936,1214
,"Museo Regional Potosino",42199,31902,32669,40011,36129,40986,38201,37419,43419,56313,35387,28962,30948,26207,31931,29775,38533,37266,29737,27388
,"    Visitantes Nacionales",40966,31081,31660,38922,34933,39413,36786,37061,42953,55530,35361,28943,30871,26206,31931,29579,38090,36580,28801,26174
,"    Visitantes Internacionales",1233,821,1009,1089,1196,1573,1415,358,466,783,26,19,77,1,0,196,443,686,936,1214
,,,,,,,,,,,,,,,,,,,,,
"Sinaloa",,0,0,12901,8762,7864,4255,10977,5080,7235,4570,6747,4545,4911,6200,5978,7433,6926,6884,8635,21694
,"    Visitantes Nacionales",0,0,4806,6021,7453,3492,8025,4322,6173,3439,4786,3719,4185,5592,5372,6535,6218,5957,7864,20508
,"    Visitantes Internacionales",0,0,8095,2741,411,763,2952,758,1062,1131,1961,826,726,608,606,898,708,927,771,1186
,"Museo Arqueológico de Mazatlán",0,0,12901,8762,7864,4255,10977,5080,7235,4570,6747,4545,4911,6200,5978,7433,6926,6884,8635,21694
,"    Visitantes Nacionales",0,0,4806,6021,7453,3492,8025,4322,6173,3439,4786,3719,4185,5592,5372,6535,6218,5957,7864,20508
,"    Visitantes Internacionales",0,0,8095,2741,411,763,2952,758,1062,1131,1961,826,726,608,606,898,708,927,771,1186
,,,,,,,,,,,,,,,,,,,,,
"Sonora",,22239,21595,23919,29025,27040,28385,30794,30725,32422,27207,29325,18816,0,0,0,0,0,0,0,0
,"    Visitantes Nacionales",21600,21145,23511,28608,26578,27855,30174,29949,31971,26844,28986,18638,0,0,0,0,0,0,0,0
,"    Visitantes Internacionales",639,450,408,417,462,530,620,776,451,363,339,178,0,0,0,0,0,0,0,0
,"Museo Regional de Sonora",22239,21595,23919,29025,27040,28385,30794,30725,32422,27207,29325,18816,0,0,0,0,0,0,0,0
,"    Visitantes Nacionales",21600,21145,23511,28608,26578,27855,30174,29949,31971,26844,28986,18638,0,0,0,0,0,0,0,0
,"    Visitantes Internacionales",639,450,408,417,462,530,620,776,451,363,339,178,0,0,0,0,0,0,0,0
,,,,,,,,,,,,,,,,,,,,,
"Tabasco",,7919,8995,8258,8664,9892,9131,9365,7355,9235,9555,9093,5049,3833,4721,6360,5478,7295,4257,5435,6059
,"    Visitantes Nacionales",7912,8991,8256,8653,9850,9118,9347,7355,9204,9542,9066,4122,3798,4721,6360,5312,7295,4257,5407,6048
,"    Visitantes Internacionales",7,4,2,11,42,13,18,0,31,13,27,927,35,0,0,166,0,0,28,11
,"Museo de Oxolotán",7919,8995,8258,8664,9892,9131,9365,7355,9235,9555,9093,5049,3833,4721,6360,5478,7295,4257,5435,6059
,"    Visitantes Nacionales",7912,8991,8256,8653,9850,9118,9347,7355,9204,9542,9066,4122,3798,4721,6360,5312,7295,4257,5407,6048
,"    Visitantes Internacionales",7,4,2,11,42,13,18,0,31,13,27,927,35,0,0,166,0,0,28,11
,,,,,,,,,,,,,,,,,,,,,
"Tamaulipas",,8741,9084,7207,21952,59938,53140,34168,23469,15508,14920,9720,10201,17805,14083,11122,17948,13345,10095,10584,7371
,"    Visitantes Nacionales",8091,8166,6773,21444,58336,51403,32726,22968,15263,14673,9593,10112,17676,14008,11043,17863,13228,10028,10551,7300
,"    Visitantes Internacionales",650,918,434,508,1602,1737,1442,501,245,247,127,89,129,75,79,85,117,67,33,71
,"Museo de la Cultura Huasteca",8741,9084,7207,21952,59938,53140,34168,23469,15508,14920,9720,10201,17805,14083,11122,17948,13345,10095,10584,7371
,"    Visitantes Nacionales",8091,8166,6773,21444,58336,51403,32726,22968,15263,14673,9593,10112,17676,14008,11043,17863,13228,10028,10551,7300
,"    Visitantes Internacionales",650,918,434,508,1602,1737,1442,501,245,247,127,89,129,75,79,85,117,67,33,71
,,,,,,,,,,,,,,,,,,,,,
"Tlaxcala",,30844,29592,26608,24159,22359,28456,27956,26787,24218,22745,22209,24537,9673,0,6573,26155,24202,24794,24890,27198
,"    Visitantes Nacionales",30067,28601,25868,23412,21753,27488,26731,26479,24034,22517,21930,24338,9613,0,6518,26083,24070,24639,24659,27038
,"    Visitantes Internacionales",777,991,740,747,606,968,1225,308,184,228,279,199,60,0,55,72,132,155,231,160
,"Museo Regional de Tlaxcala",30844,29592,26608,24159,22359,28456,27956,26787,24218,22745,22209,24537,9673,0,6573,26155,24202,24794,24890,27198
,"    Visitantes Nacionales",30067,28601,25868,23412,21753,27488,26731,26479,24034,22517,21930,24338,9613,0,6518,26083,24070,24639,24659,27038
,"    Visitantes Internacionales",777,991,740,747,606,968,1225,308,184,228,279,199,60,0,55,72,132,155,231,160
,,,,,,,,,,,,,,,,,,,,,
"Veracruz",,207026,240906,195193,182310,205970,392268,310831,351078,274859,282770,248652,286509,244270,279285,285103,320337,295276,249630,276996,290122
,"    Visitantes Nacionales",198660,233671,188568,177509,197293,382617,300408,346278,270744,279708,247708,277021,243303,277524,283070,317761,292272,246811,273816,287237
,"    Visitantes Internacionales",8366,7235,6625,4801,8677,9651,10423,4800,4115,3062,944,9488,967,1761,2033,2576,3004,2819,3180,2885
,"Museo Baluarte de Santiago",33715,32530,23437,31573,20092,23076,24309,23548,23428,22939,22587,29698,18693,22730,27924,24637,16055,3808,0,0
,"    Visitantes Nacionales",31902,31116,22278,30210,18655,20305,22906,22734,22498,22259,21989,29523,18485,22356,27541,24472,15946,3792,0,0
,"    Visitantes Internacionales",1813,1414,1159,1363,1437,2771,1403,814,930,680,598,175,208,374,383,165,109,16,0,0
,"Museo de Sitio de El Zapotal",0,1409,1481,1424,1242,1858,0,2930,3009,2272,3211,2761,2539,2346,2057,1817,2351,2466,1689,1812
,"    Visitantes Nacionales",0,1273,1452,1316,1226,1816,0,2928,2900,2259,3174,2727,2512,2346,2057,1817,2351,2466,1689,1812
,"    Visitantes Internacionales",0,136,29,108,16,42,0,2,109,13,37,34,27,0,0,0,0,0,0,0
,"Museo de Sitio de Tres Zapotes con Z.A.",5279,4648,5942,5523,5644,4053,4239,2317,5319,4738,4637,5029,3839,3270,842,4037,3790,3455,4244,4233
,"    Visitantes Nacionales",4803,4282,5625,5220,5418,3834,4062,2240,5179,4619,4488,4887,3699,3206,831,3910,3705,3363,4136,4162
,"    Visitantes Internacionales",476,366,317,303,226,219,177,77,140,119,149,142,140,64,11,127,85,92,108,71
,"Museo del Fuerte de San Juan de Ulúa",158904,194956,156434,143790,177415,354508,272435,311703,234830,243363,209527,239665,209061,241761,245870,280735,265869,231692,264439,274583
,"    Visitantes Nacionales",153492,190159,151791,140763,170478,348323,264105,308173,232231,241219,209473,230572,208490,240483,244263,278522,263129,229012,261471,271805
,"    Visitantes Internacionales",5412,4797,4643,3027,6937,6185,8330,3530,2599,2144,54,9093,571,1278,1607,2213,2740,2680,2968,2778
,"Museo Local Tuxteco",9128,7363,7899,0,1577,8773,9848,7720,6258,6437,6164,5858,7229,6334,5441,5699,4059,4196,4158,6614
,"    Visitantes Nacionales",8463,6841,7422,0,1516,8339,9335,7394,6009,6399,6111,5845,7229,6289,5409,5628,3989,4165,4054,6578
,"    Visitantes Internacionales",665,522,477,0,61,434,513,326,249,38,53,13,0,45,32,71,70,31,104,36
,"Museo de Palmillas",0,0,0,0,0,0,0,2860,2015,3021,2526,3498,2909,2844,2969,3412,3152,4013,2466,2880
,"    Visitantes Nacionales",0,0,0,0,0,0,0,2809,1927,2953,2473,3467,2888,2844,2969,3412,3152,4013,2466,2880
,"    Visitantes Internacionales",0,0,0,0,0,0,0,51,88,68,53,31,21,0,0,0,0,0,0,0
,,,,,,,,,,,,,,,,,,,,,
"Yucatán",,108568,119541,53868,135589,160390,72616,74543,120211,136703,135478,148483,147746,101775,105310,68374,89138,112104,123292,109713,94006
,"    Visitantes Nacionales",84772,83228,40500,111174,128938,53681,57728,98481,111191,104697,119333,123083,84533,98256,61570,81990,104444,113230,99831,82202
,"    Visitantes Internacionales",23796,36313,13368,24415,31452,18935,16815,21730,25512,30781,29150,24663,17242,7054,6804,7148,7660,10062,9882,11804
,"Museo Regional de Yucatán ""Palacio Cantón""",55206,64971,50555,52568,64860,68491,71463,116541,133463,130338,140592,140878,96238,98171,62795,86322,110734,120478,108640,90336
,"    Visitantes Nacionales",40590,35789,37414,36884,47107,49783,54819,95156,108215,99772,112065,116702,79444,91775,56254,79279,103115,110646,98932,78770
,"    Visitantes Internacionales",14616,29182,13141,15684,17753,18708,16644,21385,25248,30566,28527,24176,16794,6396,6541,7043,7619,9832,9708,11566
,"Pinacoteca del Estado ""Juan Gamboa Guzmán""",53362,54570,3313,83021,95530,4125,3080,3670,3240,5140,7891,6868,5537,7139,5579,2816,1370,2814,1073,3670
,"    Visitantes Nacionales",44182,47439,3086,74290,81831,3898,2909,3325,2976,4925,7268,6381,5089,6481,5316,2711,1329,2584,899,3432
,"    Visitantes Internacionales",9180,7131,227,8731,13699,227,171,345,264,215,623,487,448,658,263,105,41,230,174,238
,,,,,,,,,,,,,,,,,,,,,
"Zacatecas",,123794,117698,97755,93219,80853,92607,73605,56928,53308,47767,46438,35179,44636,46335,37348,41476,44883,54253,43621,48240
,"    Visitantes Nacionales",120700,114972,95462,90505,78570,87940,71390,55387,52231,47062,45928,34976,44294,46012,36866,41080,44291,53555,43014,47611
,"    Visitantes Internacionales",3094,2726,2293,2714,2283,4667,2215,1541,1077,705,510,203,342,323,482,396,592,698,607,629
,"Museo de Guadalupe",123794,117698,97755,93219,80853,92607,73605,56928,53308,47767,46438,35179,44636,46335,37348,41476,44883,54253,43621,48240
,"    Visitantes Nacionales",120700,114972,95462,90505,78570,87940,71390,55387,52231,47062,45928,34976,44294,46012,36866,41080,44291,53555,43014,47611
,"    Visitantes Internacionales",3094,2726,2293,2714,2283,4667,2215,1541,1077,705,510,203,342,323,482,396,592,698,607,629
