"Estado","Zonas Arqueológicas",2000,2001,2002,2003,2004,2005,2006,2007,2008,2009,2010,2011,2012,2013,2014,2015,2016,2017,2018,"20191/"
"Baja California",,15.874,17.333,14.488,16.632,13.082,10.586,11.925,10.207,10.323,12.592,9.639,13.026,12.949,12.867,14.294,14.187,17.112,17.139,17.748,17.621
,"    Visitantes Nacionales",15.446,17.133,14.224,16.411,12.829,10.430,11.629,10.046,10.228,12.472,9.496,12.961,12.907,12.859,14.290,14.144,17.048,17.102,17.660,17.515
,"    Visitantes Internacionales",428,200,264,221,253,156,296,161,95,120,143,65,42,8,4,43,64,37,88,106
,"Z.A. de El Vallecito",15.874,17.333,14.488,16.632,13.082,10.586,11.925,10.207,10.323,12.592,9.639,13.026,12.949,12.867,14.294,14.187,17.112,17.139,17.748,17.621
,"    Visitantes Nacionales",15.446,17.133,14.224,16.411,12.829,10.430,11.629,10.046,10.228,12.472,9.496,12.961,12.907,12.859,14.290,14.144,17.048,17.102,17.660,17.515
,"    Visitantes Internacionales",428,200,264,221,253,156,296,161,95,120,143,65,42,8,4,43,64,37,88,106
,,,,,,,,,,,,,,,,,,,,,
"Baja California Sur",,0,0,3.206,0,0,2.388,1.875,1.543,2.264,1.896,2.078,1.857,1.948,1.868,1.733,1.996,2.801,2.816,2.437,2.592
,"    Visitantes Nacionales",0,0,1.735,0,0,1.165,1.040,938,1.534,1.104,1.323,1.275,1.498,1.316,868,1.033,1.563,1.601,1.455,1.795
,"    Visitantes Internacionales",0,0,1.471,0,0,1.223,835,605,730,792,755,582,450,552,865,963,1.238,1.215,982,797
,"Z.A. de San Francisco de la Sierra",0,0,3.206,0,0,2.388,1.875,1.543,2.264,1.896,2.078,1.857,1.948,1.868,1.733,1.996,2.801,2.816,2.437,2.592
,"    Visitantes Nacionales",0,0,1.735,0,0,1.165,1.040,938,1.534,1.104,1.323,1.275,1.498,1.316,868,1.033,1.563,1.601,1.455,1.795
,"    Visitantes Internacionales",0,0,1.471,0,0,1.223,835,605,730,792,755,582,450,552,865,963,1.238,1.215,982,797
,,,,,,,,,,,,,,,,,,,,,
"Campeche",,131.683,126.519,97.375,111.415,123.135,115.810,100.291,116.578,122.456,121.153,112.118,123.370,145.849,123.312,134.525,144.319,161.824,163.519,159.800,165.518
,"    Visitantes Nacionales",106.618,99.727,74.195,83.215,91.929,85.885,67.033,76.955,77.980,87.422,79.089,87.328,104.286,83.205,93.493,104.431,117.640,113.277,109.530,107.023
,"    Visitantes Internacionales",25.065,26.792,23.180,28.200,31.206,29.925,33.258,39.623,44.476,33.731,33.029,36.042,41.563,40.107,41.032,39.888,44.184,50.242,50.270,58.495
,"Z.A. de Balamkú",7.303,6.840,5.438,4.959,5.816,5.321,5.018,5.713,4.766,4.414,5.763,5.966,6.933,5.496,6.332,7.243,7.112,8.243,7.685,7.128
,"    Visitantes Nacionales",5.731,5.036,3.785,3.550,4.103,3.524,2.899,2.799,2.286,2.798,3.539,3.844,4.433,3.301,3.445,4.223,4.324,5.203,4.894,4.303
,"    Visitantes Internacionales",1.572,1.804,1.653,1.409,1.713,1.797,2.119,2.914,2.480,1.616,2.224,2.122,2.500,2.195,2.887,3.020,2.788,3.040,2.791,2.825
,"Z.A. de Becán",15.983,15.562,12.477,15.867,20.985,17.115,19.550,18.888,19.268,16.430,14.150,14.216,18.862,17.564,16.466,16.680,18.985,21.966,18.207,19.746
,"    Visitantes Nacionales",10.562,10.274,8.302,9.378,13.051,9.348,10.872,8.935,8.413,9.465,8.195,8.069,9.848,7.759,7.140,8.102,9.214,11.356,8.376,8.419
,"    Visitantes Internacionales",5.421,5.288,4.175,6.489,7.934,7.767,8.678,9.953,10.855,6.965,5.955,6.147,9.014,9.805,9.326,8.578,9.771,10.610,9.831,11.327
,"Z.A. de Calakmul",12.749,10.835,11.156,12.348,15.786,16.931,15.515,19.096,21.286,21.381,22.741,22.990,25.345,23.413,26.237,31.474,33.703,39.696,42.879,48.086
,"    Visitantes Nacionales",9.475,7.412,7.756,8.544,10.716,11.893,9.044,9.482,10.962,12.826,13.392,12.545,13.942,12.483,14.897,18.729,19.352,22.287,23.178,23.813
,"    Visitantes Internacionales",3.274,3.423,3.400,3.804,5.070,5.038,6.471,9.614,10.324,8.555,9.349,10.445,11.403,10.930,11.340,12.745,14.351,17.409,19.701,24.273
,"Z.A. de Chicanná",12.124,9.894,9.033,11.430,13.097,12.895,9.219,9.856,12.839,10.621,9.558,9.858,10.553,9.062,10.056,8.402,8.225,8.454,7.540,8.478
,"    Visitantes Nacionales",7.688,5.430,4.627,4.192,5.581,5.470,3.471,3.190,4.002,3.787,3.424,3.396,4.763,3.638,3.927,3.842,3.932,3.797,3.668,3.565
,"    Visitantes Internacionales",4.436,4.464,4.406,7.238,7.516,7.425,5.748,6.666,8.837,6.834,6.134,6.462,5.790,5.424,6.129,4.560,4.293,4.657,3.872,4.913
,"Z.A. de Chunhuhub",123,115,78,172,313,256,86,140,354,190,429,653,581,693,501,932,1.827,1.207,942,649
,"    Visitantes Nacionales",87,86,67,156,275,254,77,107,251,167,423,642,569,658,451,921,1.803,1.189,930,622
,"    Visitantes Internacionales",36,29,11,16,38,2,9,33,103,23,6,11,12,35,50,11,24,18,12,27
,"Z.A. de Dzibilnocac",5.985,4.075,4.280,3.503,3.231,2.470,2.215,2.904,2.016,2.139,1.498,2.721,3.385,2.813,3.845,5.405,5.482,4.894,5.169,5.467
,"    Visitantes Nacionales",5.866,4.011,3.883,3.402,3.165,2.395,2.148,2.735,1.914,2.084,1.468,2.603,3.326,2.709,3.782,5.349,5.387,4.790,5.075,5.382
,"    Visitantes Internacionales",119,64,397,101,66,75,67,169,102,55,30,118,59,104,63,56,95,104,94,85
,"Z.A. de Edzná",46.838,44.956,36.637,41.921,36.259,36.840,34.214,41.898,41.544,41.433,36.407,40.858,53.851,41.730,47.869,50.106,60.018,53.886,51.299,49.063
,"    Visitantes Nacionales",40.386,37.757,30.132,35.459,30.665,32.389,26.882,35.460,34.908,36.010,31.181,34.930,46.118,34.603,40.637,43.067,50.971,43.821,41.938,38.954
,"    Visitantes Internacionales",6.452,7.199,6.505,6.462,5.594,4.451,7.332,6.438,6.636,5.423,5.226,5.928,7.733,7.127,7.232,7.039,9.047,10.065,9.361,10.109
,"Z.A. de El Tigre",3.041,7.340,4.435,4.417,4.514,5.729,3.846,4.070,2.766,4.355,4.402,5.293,4.385,3.709,3.324,3.344,3.417,3.791,3.599,4.067
,"    Visitantes Nacionales",3.014,7.160,4.399,4.397,4.491,5.681,3.643,4.009,2.729,4.286,4.370,5.228,4.350,3.674,3.291,3.322,3.388,3.700,3.531,3.986
,"    Visitantes Internacionales",27,180,36,20,23,48,203,61,37,69,32,65,35,35,33,22,29,91,68,81
,"Z.A. de Hochob",7.203,8.542,1.676,1.784,1.727,1.999,1.662,2.633,2.160,2.418,2.172,1.971,2.371,1.877,2.072,1.738,2.015,1.948,1.606,1.811
,"    Visitantes Nacionales",6.848,8.081,1.537,1.695,1.567,1.795,1.479,2.399,1.934,2.166,1.796,1.744,2.071,1.647,1.812,1.455,1.721,1.675,1.295,1.555
,"    Visitantes Internacionales",355,461,139,89,160,204,183,234,226,252,376,227,300,230,260,283,294,273,311,256
,"Z.A. de Hormiguero",1.788,1.370,1.069,918,833,933,941,789,670,856,1.287,1.392,1.305,1.199,553,888,2.454,2.333,2.816,2.785
,"    Visitantes Nacionales",1.533,1.036,820,692,629,710,640,538,517,666,1.042,1.022,924,866,366,653,1.993,1.595,2.067,1.901
,"    Visitantes Internacionales",255,334,249,226,204,223,301,251,153,190,245,370,381,333,187,235,461,738,749,884
,"Z.A. de Kankí",0,125,149,327,252,234,68,42,206,399,40,21,134,446,491,1.089,1.130,591,843,1.320
,"    Visitantes Nacionales",0,125,141,312,252,233,57,42,204,391,40,21,98,414,472,1.077,1.105,572,809,1.288
,"    Visitantes Internacionales",0,0,8,15,0,1,11,0,2,8,0,0,36,32,19,12,25,19,34,32
,"Z.A. de Nadzcaan",0,0,176,247,470,573,451,0,0,0,0,0,0,0,0,0,0,0,0,0
,"    Visitantes Nacionales",0,0,172,213,414,552,404,0,0,0,0,0,0,0,0,0,0,0,0,0
,"    Visitantes Internacionales",0,0,4,34,56,21,47,0,0,0,0,0,0,0,0,0,0,0,0,0
,"Z.A. de Santa Rosa Xtampak",4.599,3.531,1.436,812,875,769,452,729,1.664,1.574,952,1.089,1.217,845,1.615,1.836,1.712,1.509,1.359,1.416
,"    Visitantes Nacionales",4.477,3.328,1.337,742,823,730,367,685,1.498,1.476,871,1.005,1.145,768,1.437,1.718,1.601,1.377,1.184,1.312
,"    Visitantes Internacionales",122,203,99,70,52,39,85,44,166,98,81,84,72,77,178,118,111,132,175,104
,"Z.A. de Tabasqueño",270,118,265,429,2.978,1.766,729,1.292,2.050,1.627,1.811,2.092,2.773,2.567,2.761,3.024,2.942,2.859,2.820,2.527
,"    Visitantes Nacionales",262,113,252,414,2.890,1.693,672,1.219,1.907,1.525,1.715,1.937,2.643,2.425,2.594,2.874,2.796,2.758,2.660,2.373
,"    Visitantes Internacionales",8,5,13,15,88,73,57,73,143,102,96,155,130,142,167,150,146,101,160,154
,"Z.A. de Tohcok",3.530,1.896,639,3.102,3.513,3.527,382,0,41,3.008,1.873,1.791,1.833,1.585,1.663,1.485,1.516,1.055,1.277,786
,"    Visitantes Nacionales",3.231,1.609,578,2.661,3.142,3.028,338,0,41,2.413,1.423,1.406,1.444,1.288,1.162,1.056,1.348,930,1.072,643
,"    Visitantes Internacionales",299,287,61,441,371,499,44,0,0,595,450,385,389,297,501,429,168,125,205,143
,"Z.A. de Xcalumkín",860,1.293,1.194,1.227,2.307,1.533,361,1.118,1.957,2.136,1.308,2.353,1.588,1.494,2.466,1.787,1.906,1.680,1.971,2.144
,"    Visitantes Nacionales",854,1.269,1.154,1.217,2.249,1.503,347,1.072,1.886,2.088,1.263,2.304,1.576,1.471,2.446,1.722,1.820,1.628,1.900,2.077
,"    Visitantes Internacionales",6,24,40,10,58,30,14,46,71,48,45,49,12,23,20,65,86,52,71,67
,"Z.A. de Xpuhil",9.287,10.027,7.237,7.952,10.179,6.919,5.582,7.410,8.869,8.172,7.727,10.106,10.733,8.819,8.274,8.886,9.380,9.407,9.788,10.045
,"    Visitantes Nacionales",6.604,7.000,5.253,6.191,7.916,4.687,3.693,4.283,4.528,5.274,4.947,6.632,7.036,5.501,5.634,6.321,6.885,6.599,6.953,6.830
,"    Visitantes Internacionales",2.683,3.027,1.984,1.761,2.263,2.232,1.889,3.127,4.341,2.898,2.780,3.474,3.697,3.318,2.640,2.565,2.495,2.808,2.835,3.215
,,,,,,,,,,,,,,,,,,,,,
"Chiapas",,486.109,467.085,476.037,629.460,605.241,657.166,723.827,851.158,1.011.699,797.743,630.107,875.581,826.545,843.701,1.111.860,1.278.690,988.614,1.214.285,1.116.762,1.162.128
,"    Visitantes Nacionales",285.913,291.149,302.051,374.794,351.187,364.673,414.202,490.683,681.746,557.867,417.199,676.870,668.532,708.126,958.176,1.090.506,837.847,987.086,871.562,902.820
,"    Visitantes Internacionales",200.196,175.936,173.986,254.666,254.054,292.493,309.625,360.475,329.953,239.876,212.908,198.711,158.013,135.575,153.684,188.184,150.767,227.199,245.200,259.308
,"Z.A de Lagartero",0,0,0,0,0,0,0,0,0,0,0,0,4.338,45.897,39.462,66.663,71.488,56.273,70.761,71.843
,"    Visitantes Nacionales",0,0,0,0,0,0,0,0,0,0,0,0,4.075,43.926,38.293,62.760,67.096,47.699,61.239,58.609
,"    Visitantes Internacionales",0,0,0,0,0,0,0,0,0,0,0,0,263,1.971,1.169,3.903,4.392,8.574,9.522,13.234
,"Z.A. de Bonampak",19.358,15.400,19.868,25.017,26.908,30.021,25.064,32.712,73.108,48.992,42.198,68.138,52.849,49.203,75.475,50.206,46.495,57.502,95.721,57.901
,"    Visitantes Nacionales",10.928,10.076,13.147,14.232,17.040,18.113,14.921,13.435,55.652,34.939,30.344,58.407,44.993,44.058,64.873,42.302,38.851,41.977,67.359,44.896
,"    Visitantes Internacionales",8.430,5.324,6.721,10.785,9.868,11.908,10.143,19.277,17.456,14.053,11.854,9.731,7.856,5.145,10.602,7.904,7.644,15.525,28.362,13.005
,"Z.A. de Chiapa de Corzo",0,0,0,0,0,0,0,0,0,0,4.240,4.822,4.715,3.769,4.297,5.569,6.037,3.588,0,252
,"    Visitantes Nacionales",0,0,0,0,0,0,0,0,0,0,3.943,4.596,4.505,3.596,4.081,5.298,5.604,3.331,0,234
,"    Visitantes Internacionales",0,0,0,0,0,0,0,0,0,0,297,226,210,173,216,271,433,257,0,18
,"Z.A. de Chincultic",18.191,21.038,12.266,12.266,10.092,10.218,9.462,9.454,5.416,0,15.543,21.384,20.157,12.663,23.327,33.165,30.534,20.459,17.774,24.856
,"    Visitantes Nacionales",17.243,19.903,11.084,11.490,9.268,9.408,8.831,9.032,5.156,0,14.155,20.354,19.214,12.205,22.942,32.424,29.370,19.258,16.617,22.812
,"    Visitantes Internacionales",948,1.135,1.182,776,824,810,631,422,260,0,1.388,1.030,943,458,385,741,1.164,1.201,1.157,2.044
,"Z.A. de Iglesia Vieja",0,0,0,0,0,0,0,0,0,0,0,0,619,3.087,6.239,5.082,5.256,3.258,1.530,5.889
,"    Visitantes Nacionales",0,0,0,0,0,0,0,0,0,0,0,0,614,3.031,6.126,5.027,5.187,3.165,1.469,5.798
,"    Visitantes Internacionales",0,0,0,0,0,0,0,0,0,0,0,0,5,56,113,55,69,93,61,91
,"Z.A. de Izapa",3.234,3.708,7.154,16.847,12.701,15.483,19.299,19.566,22.497,28.802,31.040,43.108,54.108,38.554,37.276,34.306,29.053,26.788,27.496,27.273
,"    Visitantes Nacionales",2.772,3.298,6.319,15.665,11.810,14.568,18.112,17.086,17.282,22.356,20.254,31.417,45.082,21.316,23.453,22.999,17.983,20.065,20.318,23.157
,"    Visitantes Internacionales",462,410,835,1.182,891,915,1.187,2.480,5.215,6.446,10.786,11.691,9.026,17.238,13.823,11.307,11.070,6.723,7.178,4.116
,"Z.A. de Palenque con museo ""Alberto Ruz L´Huiller""",360.876,322.465,319.647,450.349,426.433,485.618,556.474,651.850,706.569,555.138,399.618,521.053,579.658,584.391,760.310,930.867,655.417,920.470,747.605,824.311
,"    Visitantes Nacionales",195.847,181.277,185.622,242.278,222.631,239.307,291.754,356.173,444.644,368.244,237.284,369.662,450.993,478.416,643.899,778.157,542.734,743.384,576.688,617.938
,"    Visitantes Internacionales",165.029,141.188,134.025,208.071,203.802,246.311,264.720,295.677,261.925,186.894,162.334,151.391,128.665,105.975,116.411,152.710,112.683,177.086,170.917,206.373
,"Z.A. de Tenam Puente",27.584,31.014,31.242,32.310,31.867,21.839,19.269,13.408,12.173,12.514,11.696,19.647,19.977,27.569,15.875,14.316,14.633,15.212,17.495,21.043
,"    Visitantes Nacionales",26.360,28.896,28.561,28.943,28.617,20.704,18.334,13.031,11.592,12.073,11.073,18.853,19.203,26.987,15.287,13.994,14.362,14.940,16.808,20.241
,"    Visitantes Internacionales",1.224,2.118,2.681,3.367,3.250,1.135,935,377,581,441,623,794,774,582,588,322,271,272,687,802
,"Z.A. de Toniná con museo de sitio",31.677,40.486,47.465,51.127,46.523,44.944,48.021,65.238,74.781,77.729,73.918,120.211,53.514,38.373,38.029,51.028,49.739,55.273,57.359,57.189
,"    Visitantes Nacionales",23.576,34.858,38.340,43.409,39.106,39.160,40.161,57.050,65.436,70.883,68.168,115.019,51.547,37.021,36.646,48.631,47.180,51.355,51.553,52.906
,"    Visitantes Internacionales",8.101,5.628,9.125,7.718,7.417,5.784,7.860,8.188,9.345,6.846,5.750,5.192,1.967,1.352,1.383,2.397,2.559,3.918,5.806,4.283
,"Z.A. de Yaxchilán",25.189,32.974,38.395,41.544,50.717,49.043,46.238,58.930,117.155,74.568,51.854,77.218,36.610,40.195,111.570,87.488,79.962,55.462,81.021,71.571
,"    Visitantes Nacionales",9.187,12.841,18.978,18.777,22.715,23.413,22.089,24.876,81.984,49.372,31.978,58.562,28.306,37.570,102.576,78.914,69.480,41.912,59.511,56.229
,"    Visitantes Internacionales",16.002,20.133,19.417,22.767,28.002,25.630,24.149,34.054,35.171,25.196,19.876,18.656,8.304,2.625,8.994,8.574,10.482,13.550,21.510,15.342
,,,,,,,,,,,,,,,,,,,,,
"Chihuahua",,65.251,58.362,126.034,96.514,104.384,75.675,68.523,54.339,57.665,40.950,39.602,43.415,39.916,51.129,54.314,53.415,80.956,68.183,64.519,58.302
,"    Visitantes Nacionales",54.234,50.788,112.302,86.735,90.394,66.445,59.434,48.251,54.540,39.836,39.010,42.445,38.748,49.797,52.859,51.935,78.062,65.314,61.472,55.844
,"    Visitantes Internacionales",11.017,7.574,13.732,9.779,13.990,9.230,9.089,6.088,3.125,1.114,592,970,1.168,1.332,1.455,1.480,2.894,2.869,3.047,2.458
,"Z.A. de Cuarenta Casas",15.566,8.490,13.073,9.671,12.600,16.203,16.594,12.883,11.618,10.507,6.798,6.744,5.792,7.355,7.388,5.548,9.996,2.927,2.762,3.589
,"    Visitantes Nacionales",11.788,8.151,12.459,9.289,12.060,15.193,15.979,12.447,11.133,10.290,6.644,6.633,5.586,7.178,7.215,5.267,9.790,2.870,2.699,3.560
,"    Visitantes Internacionales",3.778,339,614,382,540,1.010,615,436,485,217,154,111,206,177,173,281,206,57,63,29
,"Z.A. de Cueva de la Olla",0,0,0,0,0,0,0,0,0,0,694,7.048,7.468,8.823,8.808,12.565,22.510,24.529,19.310,16.566
,"    Visitantes Nacionales",0,0,0,0,0,0,0,0,0,0,671,6.644,7.224,8.576,8.387,11.917,21.867,23.357,18.404,15.831
,"    Visitantes Internacionales",0,0,0,0,0,0,0,0,0,0,23,404,244,247,421,648,643,1.172,906,735
,"Z.A. de Cueva Grande",0,0,0,0,0,0,0,0,0,0,19,353,350,762,905,1.591,1.497,500,182,440
,"    Visitantes Nacionales",0,0,0,0,0,0,0,0,0,0,19,353,350,754,898,1.557,1.453,500,182,426
,"    Visitantes Internacionales",0,0,0,0,0,0,0,0,0,0,0,0,0,8,7,34,44,0,0,14
,"Z.A. de Huapoca",0,0,0,0,0,0,0,0,0,0,19,361,356,309,389,386,605,172,67,132
,"    Visitantes Nacionales",0,0,0,0,0,0,0,0,0,0,19,359,356,309,376,383,595,172,67,114
,"    Visitantes Internacionales",0,0,0,0,0,0,0,0,0,0,0,2,0,0,13,3,10,0,0,18
,"Z.A. de Paquimé con Museo de las Culturas del Norte",49.685,49.872,112.961,86.843,91.784,59.472,51.929,41.456,46.047,30.443,32.072,28.909,25.950,33.880,36.824,33.325,46.348,40.055,42.198,37.575
,"    Visitantes Nacionales",42.446,42.637,99.843,77.446,78.334,51.252,43.455,35.804,43.407,29.546,31.657,28.456,25.232,32.980,35.983,32.811,44.357,38.415,40.120,35.913
,"    Visitantes Internacionales",7.239,7.235,13.118,9.397,13.450,8.220,8.474,5.652,2.640,897,415,453,718,900,841,514,1.991,1.640,2.078,1.662
,,,,,,,,,,,,,,,,,,,,,
"Colima",,29.627,24.969,17.998,29.993,33.591,18.736,20.585,17.940,15.019,13.275,13.516,13.114,15.701,14.344,14.754,16.848,19.347,20.949,20.903,25.729
,"    Visitantes Nacionales",24.967,21.335,15.124,26.252,26.070,12.777,15.722,13.079,11.092,10.229,10.967,11.722,14.467,13.693,14.013,15.377,17.781,19.213,19.973,24.949
,"    Visitantes Internacionales",4.660,3.634,2.874,3.741,7.521,5.959,4.863,4.861,3.927,3.046,2.549,1.392,1.234,651,741,1.471,1.566,1.736,930,780
,"Z.A. de El Chanal",11.136,8.032,7.135,9.632,8.002,15.161,15.765,5.497,4.904,3.803,5.280,6.507,6.484,6.765,6.192,6.777,7.704,8.620,8.640,9.835
,"    Visitantes Nacionales",10.742,7.529,6.506,8.998,7.163,9.954,11.536,4.738,4.536,3.639,5.162,6.376,6.378,6.609,6.011,6.618,7.473,8.350,8.439,9.654
,"    Visitantes Internacionales",394,503,629,634,839,5.207,4.229,759,368,164,118,131,106,156,181,159,231,270,201,181
,"Z.A. de La Campana",18.491,16.937,10.863,20.361,25.589,3.575,4.820,12.443,10.115,9.472,8.236,6.607,9.217,7.579,8.562,10.071,11.643,12.329,12.263,15.894
,"    Visitantes Nacionales",14.225,13.806,8.618,17.254,18.907,2.823,4.186,8.341,6.556,6.590,5.805,5.346,8.089,7.084,8.002,8.759,10.308,10.863,11.534,15.295
,"    Visitantes Internacionales",4.266,3.131,2.245,3.107,6.682,752,634,4.102,3.559,2.882,2.431,1.261,1.128,495,560,1.312,1.335,1.466,729,599
,,,,,,,,,,,,,,,,,,,,,
"Ciudad de México",,135.815,162.894,180.709,361.945,305.281,302.926,278.668,254.322,271.578,255.410,301.186,307.663,280.026,241.088,257.201,261.500,252.195,225.714,265.483,251.861
,"    Visitantes Nacionales",128.049,154.188,173.591,332.930,284.068,276.127,261.352,249.326,251.241,240.484,279.714,286.051,254.067,207.844,229.588,227.034,233.512,220.522,212.695,197.499
,"    Visitantes Internacionales",7.766,8.706,7.118,29.015,21.213,26.799,17.316,4.996,20.337,14.926,21.472,21.612,25.959,33.244,27.613,34.466,18.683,5.192,52.788,54.362
,"Z.A. de Cerro de la Estrella",23.647,58.836,73.224,156.224,124.561,109.681,110.459,114.467,119.561,123.364,116.585,130.376,119.034,50.963,77.169,52.606,29.671,35.739,32.112,25.223
,"    Visitantes Nacionales",23.647,58.836,73.224,156.224,124.561,109.681,110.459,114.467,119.561,123.326,116.570,130.302,118.944,50.960,77.111,52.570,29.654,35.739,32.112,25.210
,"    Visitantes Internacionales",0,0,0,0,0,0,0,0,0,38,15,74,90,3,58,36,17,0,0,13
,"Z.A. de Cuicuilco con museo de sitio",99.345,89.195,95.858,100.660,97.572,98.865,92.417,58.933,64.874,56.992,94.939,83.372,51.911,82.202,73.064,80.770,96.029,82.878,82.400,82.514
,"    Visitantes Nacionales",92.646,82.081,89.993,97.087,93.086,95.234,89.650,56.511,61.532,54.630,90.337,80.149,49.752,79.242,70.205,76.637,92.267,77.686,77.159,79.666
,"    Visitantes Internacionales",6.699,7.114,5.865,3.573,4.486,3.631,2.767,2.422,3.342,2.362,4.602,3.223,2.159,2.960,2.859,4.133,3.762,5.192,5.241,2.848
,"Z. A. de Mixcoac1/",,,,,,,,,,0,0,0,0,0,0,0,0,0,0,2.127
,"    Visitantes Nacionales",,,,,,,,,,0,0,0,0,0,0,0,0,0,0,2.036
,"    Visitantes Internacionales",,,,,,,,,,0,0,0,0,0,0,0,0,0,0,91
,"Z.A. de Tlatelolco con museo de sitio",12.823,14.863,11.627,105.061,83.148,94.380,75.792,80.922,87.143,75.054,89.662,93.915,109.081,107.923,106.968,128.124,126.495,107.097,150.971,141.997
,"    Visitantes Nacionales",11.756,13.271,10.374,79.619,66.421,71.212,61.243,78.348,70.148,62.528,72.807,75.600,85.371,77.642,82.272,97.827,111.591,107.097,103.424,90.587
,"    Visitantes Internacionales",1.067,1.592,1.253,25.442,16.727,23.168,14.549,2.574,16.995,12.526,16.855,18.315,23.710,30.281,24.696,30.297,14.904,0,47.547,51.410
,,,,,,,,,,,,,,,,,,,,,
"Durango",,11.072,11.729,11.478,19.229,17.543,17.087,18.706,18.733,18.946,13.754,9.642,7.275,8.981,11.483,11.584,12.299,12.417,13.652,12.496,14.295
,"    Visitantes Nacionales",10.933,11.581,11.316,19.000,17.302,16.833,18.449,18.433,18.722,13.615,9.526,7.206,8.904,11.282,11.455,12.156,12.284,13.408,12.264,13.983
,"    Visitantes Internacionales",139,148,162,229,241,254,257,300,224,139,116,69,77,201,129,143,133,244,232,312
,"Z.A. de La Ferrería con museo de sitio",11.072,11.729,11.478,19.229,17.543,17.087,18.706,18.733,18.946,13.754,9.642,7.275,8.981,11.483,11.584,12.299,12.417,13.652,12.496,14.295
,"    Visitantes Nacionales",10.933,11.581,11.316,19.000,17.302,16.833,18.449,18.433,18.722,13.615,9.526,7.206,8.904,11.282,11.455,12.156,12.284,13.408,12.264,13.983
,"    Visitantes Internacionales",139,148,162,229,241,254,257,300,224,139,116,69,77,201,129,143,133,244,232,312
,,,,,,,,,,,,,,,,,,,,,
"Estado de México",,3.334.339,2.794.457,2.959.919,2.337.302,1.992.403,2.088.447,1.674.420,1.190.970,2.379.855,1.925.870,2.232.300,2.578.115,2.559.108,2.645.870,2.968.367,3.411.166,4.375.722,4.687.063,4.511.364,4.119.365
,"    Visitantes Nacionales",2.262.915,2.186.777,2.349.970,2.003.178,1.602.993,1.667.709,1.354.699,761.897,1.922.493,1.524.491,1.724.297,2.063.649,2.022.709,2.123.448,2.317.572,2.715.217,3.733.220,4.009.525,3.839.908,3.436.559
,"    Visitantes Internacionales",1.071.424,607.680,609.949,334.124,389.410,420.738,319.721,429.073,457.362,401.379,508.003,514.466,536.399,522.422,650.795,695.949,642.502,677.538,671.456,682.806
,"Z. A. Teotihuacan (con Museo de Sitio)",3.097.201,2.594.159,2.756.281,2.122.872,1.752.428,1.822.032,1.410.887,983.227,2.160.300,1.688.301,1.925.100,2.234.439,2.182.069,2.323.658,2.487.040,2.906.200,3.852.129,4.185.017,4.067.198,3.459.528
,"    Visitantes Nacionales",2.030.854,1.990.923,2.151.070,1.796.302,1.373.328,1.407.498,1.097.951,557.185,1.706.244,1.291.100,1.420.142,1.724.072,1.649.291,1.804.223,1.842.827,2.215.907,3.216.397,3.513.346,3.400.732,2.779.408
,"    Visitantes Internacionales",1.066.347,603.236,605.211,326.570,379.100,414.534,312.936,426.042,454.056,397.201,504.958,510.367,532.778,519.435,644.213,690.293,635.732,671.671,666.466,680.120
,"Z.A. de Acozac",7.848,19.692,17.335,19.501,27.873,23.582,33.765,5.049,19.011,14.687,14.307,15.971,18.013,14.802,27.218,39.942,25.586,37.385,23.779,38.543
,"    Visitantes Nacionales",7.848,18.196,17.335,19.469,27.850,23.582,33.765,5.049,19.011,14.687,14.307,15.955,18.010,14.802,27.199,39.942,25.583,37.380,23.779,38.543
,"    Visitantes Internacionales",0,1.496,0,32,23,0,0,0,0,0,0,16,3,0,19,0,3,5,0,0
,"Z.A. de Calixtlahuaca",33.975,27.164,22.138,19.585,19.572,22.247,23.879,18.525,15.682,17.175,25.881,17.063,24.822,31.814,36.233,36.189,41.456,37.296,34.054,58.252
,"    Visitantes Nacionales",33.217,26.612,21.739,19.161,19.127,21.946,23.578,18.349,15.385,17.045,25.653,16.957,24.726,31.720,36.142,36.125,41.318,37.136,33.905,58.164
,"    Visitantes Internacionales",758,552,399,424,445,301,301,176,297,130,228,106,96,94,91,64,138,160,149,88
,"Z.A. de Chimalhuacán con museo de sitio",7.486,8.747,15.077,24.788,31.278,55.892,38.761,20.168,27.667,27.717,58.627,82.599,105.825,53.299,96.039,80.211,76.536,54.473,41.174,61.654
,"    Visitantes Nacionales",7.392,8.747,15.038,24.697,31.180,55.776,37.295,20.168,27.667,27.717,58.627,82.597,105.814,53.296,95.985,80.178,76.525,54.417,41.156,61.651
,"    Visitantes Internacionales",94,0,39,91,98,116,1.466,0,0,0,0,2,11,3,54,33,11,56,18,3
,"Z.A. de El Conde",794,1.079,1.233,1.145,695,495,1.050,782,752,519,653,850,924,1.088,1.631,2.524,2.110,2.001,2.926,5.234
,"    Visitantes Nacionales",793,1.079,1.187,1.144,688,495,1.027,782,752,519,653,850,924,1.088,1.631,2.522,2.108,1.992,2.922,5.234
,"    Visitantes Internacionales",1,0,46,1,7,0,23,0,0,0,0,0,0,0,0,2,2,9,4,0
,"Z.A. de Huamango",0,0,0,0,0,0,0,0,0,0,0,0,0,0,0,0,0,2.381,8.227,10.161
,"    Visitantes Nacionales",0,0,0,0,0,0,0,0,0,0,0,0,0,0,0,0,0,2.353,8.227,10.161
,"    Visitantes Internacionales",0,0,0,0,0,0,0,0,0,0,0,0,0,0,0,0,0,28,0,0
,"Z.A. de Huexotla",1.475,1.421,1.655,1.708,2.027,2.452,2.450,1.925,2.240,2.777,3.920,4.483,4.035,4.188,2.995,2.858,1.293,1.955,2.388,4.997
,"    Visitantes Nacionales",1.456,1.394,1.574,1.662,2.007,2.398,2.450,1.919,2.233,2.698,3.920,4.483,4.035,4.188,2.985,2.830,1.282,1.918,2.387,4.997
,"    Visitantes Internacionales",19,27,81,46,20,54,0,6,7,79,0,0,0,0,10,28,11,37,1,0
,"Z.A. de Los Melones",6.156,5.898,5.826,4.189,3.901,3.407,6.982,7.664,11.248,11.830,13.288,14.060,13.582,9.327,8.677,11.343,13.297,11.568,8.440,13.336
,"    Visitantes Nacionales",6.156,5.898,5.695,4.082,3.824,3.329,6.801,7.641,11.129,11.665,13.170,13.977,13.502,9.293,8.654,11.280,13.295,11.552,8.433,13.333
,"    Visitantes Internacionales",0,0,131,107,77,78,181,23,119,165,118,83,80,34,23,63,2,16,7,3
,"Z.A. de Los Reyes La Paz",4.650,6.984,5.032,6.987,7.407,9.916,9.094,3.846,10.071,13.961,12.391,9.808,8.674,11.503,14.431,13.959,20.897,27.365,15.973,17.157
,"    Visitantes Nacionales",4.634,6.941,4.782,6.655,7.134,9.695,8.935,3.775,9.873,13.375,12.259,9.803,8.673,11.503,14.429,13.946,20.886,27.303,15.959,17.147
,"    Visitantes Internacionales",16,43,250,332,273,221,159,71,198,586,132,5,1,0,2,13,11,62,14,10
,"Z.A. de Malinalco",65.394,72.358,77.310,83.248,83.121,81.929,88.662,103.764,88.228,91.326,93.891,111.904,120.276,116.338,211.859,235.743,254.386,238.635,156.767,253.913
,"    Visitantes Nacionales",63.886,70.975,75.719,79.827,80.233,79.298,87.502,101.394,85.803,88.642,91.648,109.345,117.930,114.167,206.934,231.676,249.137,234.299,153.047,251.720
,"    Visitantes Internacionales",1.508,1.383,1.591,3.421,2.888,2.631,1.160,2.370,2.425,2.684,2.243,2.559,2.346,2.171,4.925,4.067,5.249,4.336,3.720,2.193
,"Z.A. de Ocoyoacac",0,0,0,0,0,0,0,0,0,0,0,0,21,182,334,8,72,29,0,0
,"    Visitantes Nacionales",0,0,0,0,0,0,0,0,0,0,0,0,21,182,334,8,72,29,0,0
,"    Visitantes Internacionales",0,0,0,0,0,0,0,0,0,0,0,0,0,0,0,0,0,0,0,0
,"Z.A. de San Miguel Ixtapan",0,0,0,0,0,0,0,0,0,0,0,0,0,0,0,0,0,3.126,4.936,9.973
,"    Visitantes Nacionales",0,0,0,0,0,0,0,0,0,0,0,0,0,0,0,0,0,3.078,4.854,9.927
,"    Visitantes Internacionales",0,0,0,0,0,0,0,0,0,0,0,0,0,0,0,0,0,48,82,46
,"Z.A. de Santa Cecilia Acatitla con museo de la Escultura Mexica ""Eusebio Dávalos Hurtado""",11.187,10.577,8.649,7.939,11.830,13.588,13.409,9.893,5.975,7.899,8.567,7.666,11.935,9.682,10.277,7.034,8.522,7.840,7.582,17.082
,"    Visitantes Nacionales",10.906,10.311,8.441,7.658,11.572,13.359,13.203,9.636,5.899,7.815,8.485,7.519,11.882,9.665,10.098,6.905,8.349,7.708,7.468,17.039
,"    Visitantes Internacionales",281,266,208,281,258,229,206,257,76,84,82,147,53,17,179,129,173,132,114,43
,"Z.A. de Tenayuca con museo Xólotl",11.560,12.621,9.461,9.162,9.527,10.659,10.313,11.529,14.537,15.137,27.825,17.993,16.754,14.536,15.077,14.670,14.891,18.867,23.321,53.578
,"    Visitantes Nacionales",11.295,12.386,9.209,8.995,9.373,10.499,10.214,11.418,14.443,15.082,27.700,17.840,16.568,14.288,14.816,14.509,14.654,18.582,23.065,53.413
,"    Visitantes Internacionales",265,235,252,167,154,160,99,111,94,55,125,153,186,248,261,161,237,285,256,165
,"Z.A. de Tenayuca II",296,384,329,400,331,289,266,182,369,1.631,2.865,3.994,5.613,5.335,5.193,9.844,8.373,5.338,2.952,6.152
,"    Visitantes Nacionales",258,327,306,386,295,242,232,177,369,1.631,2.865,3.838,5.613,5.335,5.193,9.713,8.241,5.127,2.896,6.152
,"    Visitantes Internacionales",38,57,23,14,36,47,34,5,0,0,0,156,0,0,0,131,132,211,56,0
,"Z.A. de Teotenango",0,0,0,0,0,0,0,0,0,0,0,0,0,0,0,0,0,28.770,89.170,68.216
,"    Visitantes Nacionales",0,0,0,0,0,0,0,0,0,0,0,0,0,0,0,0,0,28.337,88.698,68.088
,"    Visitantes Internacionales",0,0,0,0,0,0,0,0,0,0,0,0,0,0,0,0,0,433,472,128
,"Z.A. de Tetzcotzinco",74.948,25.886,34.138,27.574,35.215,35.050,29.623,17.604,17.756,26.842,38.158,53.686,42.309,46.312,47.492,45.491,51.694,21.706,18.546,31.266
,"    Visitantes Nacionales",72.866,25.505,32.420,24.937,29.185,32.690,26.470,17.604,17.669,26.636,38.043,52.819,41.464,45.892,46.476,44.527,50.893,21.661,18.452,31.260
,"    Visitantes Internacionales",2.082,381,1.718,2.637,6.030,2.360,3.153,0,87,206,115,867,845,420,1.016,964,801,45,94,6
,"Z.A. de Tlapacoya",11.369,7.487,5.455,8.204,7.198,6.909,5.279,6.812,6.019,6.068,6.827,3.599,4.256,3.806,3.871,5.150,4.480,3.311,3.931,10.323
,"    Visitantes Nacionales",11.354,7.483,5.455,8.203,7.197,6.902,5.276,6.800,6.016,5.879,6.825,3.594,4.256,3.806,3.869,5.149,4.480,3.307,3.928,10.322
,"    Visitantes Internacionales",15,4,0,1,1,7,3,12,3,189,2,5,0,0,2,1,0,4,3,1
,,,,,,,,,,,,,,,,,,,,,
"Guanajuato",,0,0,0,0,0,0,31.693,31.911,31.918,34.293,21.790,39.559,79.964,76.241,68.359,74.572,81.614,79.203,76.057,74.291
,"    Visitantes Nacionales",0,0,0,0,0,0,31.107,31.509,31.333,33.815,21.790,39.559,79.149,71.614,62.416,66.669,73.013,68.529,66.158,63.754
,"    Visitantes Internacionales",0,0,0,0,0,0,586,402,585,478,0,0,815,4.627,5.943,7.903,8.601,10.674,9.899,10.537
,"Z.A. Arroyo Seco1/",,,,,,,,,,0,0,0,0,0,0,0,0,0,0,4.701
,"    Visitantes Nacionales",,,,,,,,,,0,0,0,0,0,0,0,0,0,0,4.676
,"    Visitantes Internacionales",,,,,,,,,,0,0,0,0,0,0,0,0,0,0,25
,"Z.A El Cóporo",0,0,0,0,0,0,0,0,0,0,0,0,12.727,12.999,10.945,11.480,11.193,10.180,8.620,7.395
,"    Visitantes Nacionales",0,0,0,0,0,0,0,0,0,0,0,0,12.693,12.924,10.878,11.319,11.100,10.073,8.485,7.309
,"    Visitantes Internacionales",0,0,0,0,0,0,0,0,0,0,0,0,34,75,67,161,93,107,135,86
,"Z.A. de Cañada de la Virgen",0,0,0,0,0,0,0,0,0,0,0,6.057,22.541,21.214,21.865,23.646,26.637,28.017,28.832,29.477
,"    Visitantes Nacionales",0,0,0,0,0,0,0,0,0,0,0,6.057,21.994,18.655,18.149,18.465,21.316,20.753,21.801,21.515
,"    Visitantes Internacionales",0,0,0,0,0,0,0,0,0,0,0,0,547,2.559,3.716,5.181,5.321,7.264,7.031,7.962
,"Z.A. de Peralta",0,0,0,0,0,0,0,0,0,0,0,11.682,22.417,22.198,17.938,22.285,23.462,22.735,20.621,16.493
,"    Visitantes Nacionales",0,0,0,0,0,0,0,0,0,0,0,11.682,22.329,20.922,16.654,20.497,21.299,20.252,18.896,14.974
,"    Visitantes Internacionales",0,0,0,0,0,0,0,0,0,0,0,0,88,1.276,1.284,1.788,2.163,2.483,1.725,1.519
,"Z.A. de Plazuelas",0,0,0,0,0,0,31.693,31.911,31.918,34.293,21.790,21.820,22.279,19.830,17.611,17.161,20.322,18.271,17.984,16.225
,"    Visitantes Nacionales",0,0,0,0,0,0,31.107,31.509,31.333,33.815,21.790,21.820,22.133,19.113,16.735,16.388,19.298,17.451,16.976,15.280
,"    Visitantes Internacionales",0,0,0,0,0,0,586,402,585,478,0,0,146,717,876,773,1.024,820,1.008,945
,,,,,,,,,,,,,,,,,,,,,
"Guerrero",,14.052,12.433,15.971,21.482,23.278,23.973,23.187,21.549,17.663,29.803,46.176,35.456,163.526,90.164,29.009,28.692,31.635,29.110,25.890,30.658
,"    Visitantes Nacionales",13.877,12.335,15.722,20.891,22.634,22.578,21.380,19.912,15.567,27.029,39.991,33.199,157.379,86.424,25.497,24.408,27.806,25.380,23.646,27.424
,"    Visitantes Internacionales",175,98,249,591,644,1.395,1.807,1.637,2.096,2.774,6.185,2.257,6.147,3.740,3.512,4.284,3.829,3.730,2.244,3.234
,"Z. A. Soledad de Maciel",0,0,0,0,0,0,0,0,0,0,0,2.244,7.279,8.280,9.110,9.907,9.805,9.751,8.105,6.944
,"    Visitantes Nacionales",0,0,0,0,0,0,0,0,0,0,0,2.070,4.583,6.349,5.952,6.100,6.351,6.640,6.230,4.081
,"    Visitantes Internacionales",0,0,0,0,0,0,0,0,0,0,0,174,2.696,1.931,3.158,3.807,3.454,3.111,1.875,2.863
,"Z.A. de Cuetlajuchitlán (Los Querende)",271,233,236,219,245,207,273,221,268,228,231,328,374,449,574,494,388,400,306,273
,"    Visitantes Nacionales",259,225,233,217,245,202,270,217,264,226,231,325,373,447,568,483,386,398,306,265
,"    Visitantes Internacionales",12,8,3,2,0,5,3,4,4,2,0,3,1,2,6,11,2,2,0,8
,"Z.A. de Huamuxtitlán",1.329,1.923,2.451,3.186,4.094,3.677,4.378,3.433,2.211,732,989,851,700,457,517,661,711,1.154,1.522,1.046
,"    Visitantes Nacionales",1.329,1.923,2.449,3.186,3.988,3.673,4.374,3.429,2.211,732,989,851,700,457,517,661,711,1.152,1.507,1.020
,"    Visitantes Internacionales",0,0,2,0,106,4,4,4,0,0,0,0,0,0,0,0,0,2,15,26
,"Z.A. de Ixcateopan",1.210,1.477,1.413,1.779,1.174,1.110,1.154,1.755,1.526,955,1.407,1.530,1.046,976,958,504,819,894,1.243,4.409
,"    Visitantes Nacionales",1.202,1.477,1.413,1.589,1.068,1.084,1.103,1.664,1.206,949,1.406,1.528,1.046,975,958,501,815,882,1.223,4.369
,"    Visitantes Internacionales",8,0,0,190,106,26,51,91,320,6,1,2,0,1,0,3,4,12,20,40
,"Z.A. de La Organera Xochipala",2.585,2.244,3.987,2.781,3.487,3.524,3.384,3.673,3.219,2.953,3.400,2.913,2.278,1.701,1.560,1.814,1.017,866,905,1.418
,"    Visitantes Nacionales",2.529,2.212,3.954,2.751,3.466,3.485,3.301,3.577,3.200,2.947,3.372,2.913,2.278,1.701,1.560,1.814,1.017,863,905,1.418
,"    Visitantes Internacionales",56,32,33,30,21,39,83,96,19,6,28,0,0,0,0,0,0,3,0,0
,"Z.A. de La Sabana",2.297,1.885,849,616,817,980,650,656,509,99,144,392,779,499,577,336,339,404,469,433
,"    Visitantes Nacionales",2.297,1.885,849,614,817,980,650,656,509,99,144,392,779,499,577,336,339,404,469,433
,"    Visitantes Internacionales",0,0,0,2,0,0,0,0,0,0,0,0,0,0,0,0,0,0,0,0
,"Z.A. de Los Tepoltzis",766,657,1.105,1.423,1.417,2.068,2.197,1.454,1.006,287,239,116,264,200,0,0,0,0,0,0
,"    Visitantes Nacionales",736,646,1.013,1.423,1.352,1.799,1.976,1.454,987,287,239,116,264,200,0,0,0,0,0,0
,"    Visitantes Internacionales",30,11,92,0,65,269,221,0,19,0,0,0,0,0,0,0,0,0,0,0
,"Z.A. de Palma Sola",4.802,3.407,5.178,10.655,11.133,11.685,10.303,9.076,7.663,7.586,8.496,5.166,3.906,3.046,2.888,3.437,3.048,2.623,2.351,2.222
,"    Visitantes Nacionales",4.745,3.368,5.061,10.314,10.790,10.646,8.868,7.638,5.929,6.169,6.805,4.632,3.726,2.981,2.798,3.333,2.989,2.581,2.308,2.185
,"    Visitantes Internacionales",57,39,117,341,343,1.039,1.435,1.438,1.734,1.417,1.691,534,180,65,90,104,59,42,43,37
,"Z.A. de Tehuacalco",0,0,0,0,0,0,0,0,0,15.967,29.866,20.951,145.824,73.629,11.977,10.923,14.283,12.339,10.083,12.163
,"    Visitantes Nacionales",0,0,0,0,0,0,0,0,0,14.631,25.405,19.410,142.554,71.888,11.719,10.567,13.975,11.781,9.799,11.906
,"    Visitantes Internacionales",0,0,0,0,0,0,0,0,0,1.336,4.461,1.541,3.270,1.741,258,356,308,558,284,257
,"Z.A. de Teopantecuanitlán",792,607,752,823,911,722,848,1.281,1.261,996,1.404,965,1.076,927,848,616,1.225,679,906,1.750
,"    Visitantes Nacionales",780,599,750,797,908,709,838,1.277,1.261,989,1.400,962,1.076,927,848,613,1.223,679,899,1.747
,"    Visitantes Internacionales",12,8,2,26,3,13,10,4,0,7,4,3,0,0,0,3,2,0,7,3
,,,,,,,,,,,,,,,,,,,,,
"Hidalgo",,253.443,242.237,220.172,211.380,229.055,219.975,235.010,191.188,249.582,194.615,189.494,215.246,216.652,220.450,231.894,224.900,335.613,313.110,331.905,307.401
,"    Visitantes Nacionales",234.295,229.336,210.328,195.657,216.299,207.288,224.657,184.455,239.914,187.716,183.515,210.428,210.988,215.228,225.184,218.130,326.621,301.100,322.439,300.208
,"    Visitantes Internacionales",19.148,12.901,9.844,15.723,12.756,12.687,10.353,6.733,9.668,6.899,5.979,4.818,5.664,5.222,6.710,6.770,8.992,12.010,9.466,7.193
,"Z.A Pahñú",0,0,0,0,0,0,0,0,0,0,0,0,22.316,8.650,9.438,10.359,16.696,25.492,25.668,25.395
,"    Visitantes Nacionales",0,0,0,0,0,0,0,0,0,0,0,0,22.124,8.558,9.287,10.247,16.298,24.651,25.135,24.861
,"    Visitantes Internacionales",0,0,0,0,0,0,0,0,0,0,0,0,192,92,151,112,398,841,533,534
,"Z.A. de Huapalcalco",5.056,4.827,7.925,10.803,16.129,14.348,20.290,33.059,26.389,23.350,13.049,24.627,39.569,17.784,19.588,16.465,19.773,14.544,27.443,32.279
,"    Visitantes Nacionales",4.952,4.685,7.584,10.600,15.741,14.008,19.778,32.684,26.134,22.958,12.782,24.530,39.062,17.669,19.328,16.386,19.208,12.572,26.183,31.783
,"    Visitantes Internacionales",104,142,341,203,388,340,512,375,255,392,267,97,507,115,260,79,565,1.972,1.260,496
,"Z.A. de Tepeapulco",38.122,44.296,27.234,22.200,22.846,29.443,25.587,18.563,31.050,29.440,39.622,40.379,0,34.159,19.922,15.903,20.278,19.973,18.108,23.557
,"    Visitantes Nacionales",35.945,43.480,26.794,21.879,22.415,28.915,25.058,18.282,30.302,28.725,38.996,39.840,0,33.719,19.698,15.703,20.079,19.771,17.902,23.372
,"    Visitantes Internacionales",2.177,816,440,321,431,528,529,281,748,715,626,539,0,440,224,200,199,202,206,185
,"Z.A. de Tula con museo de sitio",210.265,193.114,185.013,178.377,190.080,176.184,189.133,139.566,192.143,141.825,136.823,150.240,154.767,159.857,182.946,182.173,278.866,253.101,260.686,226.170
,"    Visitantes Nacionales",193.398,181.171,175.950,163.178,178.143,164.365,179.821,133.489,183.478,136.033,131.737,146.058,149.802,155.282,176.871,175.794,271.036,244.106,253.219,220.192
,"    Visitantes Internacionales",16.867,11.943,9.063,15.199,11.937,11.819,9.312,6.077,8.665,5.792,5.086,4.182,4.965,4.575,6.075,6.379,7.830,8.995,7.467,5.978
,,,,,,,,,,,,,,,,,,,,,
"Jalisco",,11.017,12.803,13.018,8.490,13.914,10.531,13.144,11.643,85.823,14.234,41.348,51.836,15.436,13.795,134.939,137.605,122.713,164.248,134.281,190.604
,"    Visitantes Nacionales",9.938,12.760,12.659,8.364,13.508,10.036,11.300,10.285,81.363,13.637,38.338,50.547,15.347,13.772,127.847,129.766,108.581,131.570,120.651,165.610
,"    Visitantes Internacionales",1.079,43,359,126,406,495,1.844,1.358,4.460,597,3.010,1.289,89,23,7.092,7.839,14.132,32.678,13.630,24.994
,"Z.A. de El Grillo",2.596,3.472,3.355,3.918,5.146,3.357,2.570,2.434,1.903,617,67,0,0,0,0,0,0,0,0,0
,"    Visitantes Nacionales",2.535,3.465,3.080,3.914,5.146,3.357,2.570,2.434,1.818,482,41,0,0,0,0,0,0,0,0,0
,"    Visitantes Internacionales",61,7,275,4,0,0,0,0,85,135,26,0,0,0,0,0,0,0,0,0
,"Z.A. de Ixtépete",8.421,9.331,9.663,4.572,8.768,7.174,10.574,9.209,19.396,8.967,12.531,20.986,15.436,13.795,20.449,13.701,15.965,16.044,20.619,12.529
,"    Visitantes Nacionales",7.403,9.295,9.579,4.450,8.362,6.679,8.730,7.851,18.623,8.505,12.287,20.697,15.347,13.772,20.015,13.654,15.963,15.664,20.576,12.503
,"    Visitantes Internacionales",1.018,36,84,122,406,495,1.844,1.358,773,462,244,289,89,23,434,47,2,380,43,26
,"Z.A. de Teuchitlán",0,0,0,0,0,0,0,0,64.524,4.650,28.750,30.850,0,0,114.490,123.904,106.748,148.204,113.662,178.075
,"    Visitantes Nacionales",0,0,0,0,0,0,0,0,60.922,4.650,26.010,29.850,0,0,107.832,116.112,92.618,115.906,100.075,153.107
,"    Visitantes Internacionales",0,0,0,0,0,0,0,0,3.602,0,2.740,1.000,0,0,6.658,7.792,14.130,32.298,13.587,24.968
,,,,,,,,,,,,,,,,,,,,,
"Michoacán",,83.082,86.191,73.447,93.885,113.208,106.745,94.902,93.034,91.461,73.891,78.740,63.035,61.890,65.841,65.160,81.891,99.922,113.133,107.632,111.145
,"    Visitantes Nacionales",72.316,76.803,66.631,87.079,104.485,101.354,90.685,85.993,85.140,68.176,73.565,60.331,59.514,63.605,62.744,79.491,97.201,110.145,105.321,108.853
,"    Visitantes Internacionales",10.766,9.388,6.816,6.806,8.723,5.391,4.217,7.041,6.321,5.715,5.175,2.704,2.376,2.236,2.416,2.400,2.721,2.988,2.311,2.292
,"Z.A. de Huandacareo",1.665,1.881,1.428,1.846,3.293,4.044,4.065,1.957,1.602,1.156,3.700,2.232,2.751,2.327,2.404,2.150,2.514,2.926,2.911,2.907
,"    Visitantes Nacionales",1.217,1.820,1.423,1.800,3.225,3.955,3.978,1.923,1.565,1.122,3.653,2.204,2.726,2.300,2.373,2.123,2.475,2.900,2.880,2.889
,"    Visitantes Internacionales",448,61,5,46,68,89,87,34,37,34,47,28,25,27,31,27,39,26,31,18
,"Z.A. de Ihuatzio",4.823,5.036,4.018,5.643,6.522,9.425,8.064,11.385,9.841,7.181,9.299,7.559,6.827,6.236,5.543,7.268,9.369,11.243,9.726,9.325
,"    Visitantes Nacionales",4.381,4.484,3.720,5.429,6.192,8.990,7.460,10.539,9.194,6.683,8.735,7.232,6.600,6.086,5.426,7.050,9.175,10.953,9.461,9.053
,"    Visitantes Internacionales",442,552,298,214,330,435,604,846,647,498,564,327,227,150,117,218,194,290,265,272
,"Z.A. de San Felipe los Alzati",1.787,2.066,2.851,2.972,3.723,2.363,1.853,2.950,4.279,4.555,5.632,7.682,5.796,6.023,6.152,8.979,11.363,12.287,9.734,11.491
,"    Visitantes Nacionales",1.771,2.034,2.838,2.737,3.507,2.281,1.786,2.914,4.278,4.539,5.632,7.682,5.793,6.023,6.144,8.943,11.322,12.240,9.499,11.466
,"    Visitantes Internacionales",16,32,13,235,216,82,67,36,1,16,0,0,3,0,8,36,41,47,235,25
,"Z.A. de Tingambato",8.059,9.934,6.755,9.943,18.434,26.030,25.126,18.951,15.999,16.821,18.493,15.454,16.362,15.446,15.144,19.426,21.753,23.848,23.153,22.458
,"    Visitantes Nacionales",7.773,9.613,6.427,9.533,18.148,25.748,24.796,18.474,15.603,16.513,18.176,15.289,16.167,15.234,14.965,19.199,21.437,23.539,22.839,22.222
,"    Visitantes Internacionales",286,321,328,410,286,282,330,477,396,308,317,165,195,212,179,227,316,309,314,236
,"Z.A. de Tres Cerritos",818,906,1.044,1.349,1.122,1.561,1.946,1.324,736,1.325,1.303,1.119,1.255,1.947,1.347,1.382,1.890,2.231,2.351,2.760
,"    Visitantes Nacionales",818,901,1.017,1.302,1.117,1.527,1.837,1.250,691,1.323,1.284,1.119,1.244,1.947,1.317,1.381,1.884,2.229,2.344,2.757
,"    Visitantes Internacionales",0,5,27,47,5,34,109,74,45,2,19,0,11,0,30,1,6,2,7,3
,"Z.A. de Tzintzuntzan con museo de sitio",65.930,66.368,57.351,72.132,80.114,63.322,53.848,56.467,59.004,42.853,40.313,28.989,28.899,33.862,34.570,42.686,53.033,60.598,59.757,62.204
,"    Visitantes Nacionales",56.356,57.951,51.206,66.278,72.296,58.853,50.828,50.893,53.809,37.996,36.085,26.805,26.984,32.015,32.519,40.795,50.908,58.284,58.298,60.466
,"    Visitantes Internacionales",9.574,8.417,6.145,5.854,7.818,4.469,3.020,5.574,5.195,4.857,4.228,2.184,1.915,1.847,2.051,1.891,2.125,2.314,1.459,1.738
,,,,,,,,,,,,,,,,,,,,,
"Morelos",,541.306,597.927,676.014,801.364,905.891,980.032,972.304,1.002.331,967.615,816.497,1.092.513,574.675,357.394,331.875,349.854,387.979,451.560,371.090,444.367,489.833
,"    Visitantes Nacionales",440.042,528.512,627.416,759.685,855.629,932.076,920.081,938.484,916.183,792.020,1.055.447,527.522,327.410,311.191,317.871,356.383,418.453,346.744,395.516,424.216
,"    Visitantes Internacionales",101.264,69.415,48.598,41.679,50.262,47.956,52.223,63.847,51.432,24.477,37.066,47.153,29.984,20.684,31.983,31.596,33.107,24.346,48.851,65.617
,"Z.A. de Chalcatzingo",13.489,11.205,19.038,20.985,13.560,19.139,17.771,19.686,15.395,14.605,16.264,19.017,15.231,17.877,15.477,18.343,20.558,18.084,21.646,23.384
,"    Visitantes Nacionales",12.854,10.389,16.993,19.672,13.286,18.808,17.552,19.438,15.148,14.372,16.075,18.703,15.003,17.585,15.184,18.163,20.352,17.817,21.414,23.150
,"    Visitantes Internacionales",635,816,2.045,1.313,274,331,219,248,247,233,189,314,228,292,293,180,206,267,232,234
,"Z.A. de Coatetelco con museo de sitio",3.975,4.124,3.726,3.819,4.690,4.038,4.468,4.495,2.949,2.365,1.725,1.780,2.006,1.975,2.597,3.236,1.834,1.570,586,809
,"    Visitantes Nacionales",3.879,4.003,3.656,3.744,4.645,4.000,4.413,4.443,2.905,2.350,1.705,1.761,2.003,1.961,2.569,3.213,1.818,1.567,578,808
,"    Visitantes Internacionales",96,121,70,75,45,38,55,52,44,15,20,19,3,14,28,23,16,3,8,1
,"Z.A. de Las Pilas",1.861,2.076,2.742,3.188,2.278,2.113,2.579,2.306,1.279,1.963,1.091,1.196,1.205,1.333,2.373,2.376,1.710,1.412,1.908,2.250
,"    Visitantes Nacionales",1.861,2.036,2.714,3.165,2.270,2.098,2.570,2.300,1.273,1.961,1.077,1.196,1.205,1.332,2.370,2.376,1.708,1.409,1.907,2.250
,"    Visitantes Internacionales",0,40,28,23,8,15,9,6,6,2,14,0,0,1,3,0,2,3,1,0
,"Z.A. de Olintepec",271,697,355,358,682,1.001,557,754,432,595,370,109,95,0,0,0,0,0,0,0
,"    Visitantes Nacionales",271,697,353,356,672,993,545,752,432,595,296,109,95,0,0,0,0,0,0,0
,"    Visitantes Internacionales",0,0,2,2,10,8,12,2,0,0,74,0,0,0,0,0,0,0,0,0
,"Z.A. de Teopanzolco",19.271,15.269,15.463,19.896,23.122,26.759,27.368,47.926,29.040,25.240,20.562,37.188,19.976,16.202,11.526,13.867,33.806,11.875,0,0
,"    Visitantes Nacionales",14.549,11.714,12.734,16.903,19.994,23.461,23.815,39.863,26.305,23.537,19.184,34.282,19.301,15.583,10.677,13.092,32.001,11.279,0,0
,"    Visitantes Internacionales",4.722,3.555,2.729,2.993,3.128,3.298,3.553,8.063,2.735,1.703,1.378,2.906,675,619,849,775,1.805,596,0,0
,"Z.A. de Tepozteco",113.932,119.064,131.529,139.681,160.115,154.378,157.137,162.487,173.110,166.389,154.620,170.796,179.541,182.547,224.827,259.433,280.752,248.591,319.288,370.458
,"    Visitantes Nacionales",106.591,112.139,119.866,131.273,149.030,144.132,143.592,143.543,155.484,156.120,132.849,139.634,163.064,170.457,205.350,238.021,258.891,231.842,280.089,313.704
,"    Visitantes Internacionales",7.341,6.925,11.663,8.408,11.085,10.246,13.545,18.944,17.626,10.269,21.771,31.162,16.477,12.090,19.477,21.412,21.861,16.749,39.199,56.754
,"Z.A. de Xochicalco con museo de sitio",386.590,443.016,500.840,610.930,697.737,769.139,759.214,761.575,742.581,601.736,894.810,342.466,137.160,109.844,91.127,87.924,109.968,87.046,97.866,90.859
,"    Visitantes Nacionales",298.191,385.125,468.808,582.175,662.084,735.314,724.463,725.082,711.850,589.534,881.254,329.750,124.565,102.176,79.820,78.720,100.755,80.334,88.471,82.272
,"    Visitantes Internacionales",88.399,57.891,32.032,28.755,35.653,33.825,34.751,36.493,30.731,12.202,13.556,12.716,12.595,7.668,11.307,9.204,9.213,6.712,9.395,8.587
,"Z.A. de Yautepec",1.917,2.476,2.321,2.507,3.707,3.465,3.210,3.102,2.829,3.604,3.071,2.123,2.180,2.097,1.927,2.800,2.932,2.512,3.073,2.073
,"    Visitantes Nacionales",1.846,2.409,2.292,2.397,3.648,3.270,3.131,3.063,2.786,3.551,3.007,2.087,2.174,2.097,1.901,2.798,2.928,2.496,3.057,2.032
,"    Visitantes Internacionales",71,67,29,110,59,195,79,39,43,53,64,36,6,0,26,2,4,16,16,41
,,,,,,,,,,,,,,,,,,,,,
"Nayarit",,17.114,17.506,22.431,19.930,19.124,20.758,23.629,16.089,15.132,14.751,14.474,14.819,13.222,12.280,12.279,9.328,13.696,12.314,14.089,14.805
,"    Visitantes Nacionales",13.456,15.322,19.528,17.699,17.280,18.953,21.739,14.476,13.881,14.604,14.182,14.293,13.087,12.124,12.073,9.110,13.457,12.041,13.763,14.569
,"    Visitantes Internacionales",3.658,2.184,2.903,2.231,1.844,1.805,1.890,1.613,1.251,147,292,526,135,156,206,218,239,273,326,236
,"Z.A. de Ixtlán del Río",17.114,17.506,22.431,19.930,19.124,20.758,23.629,16.089,15.132,14.751,14.474,14.819,13.222,12.280,12.279,9.328,13.696,12.314,14.089,14.805
,"    Visitantes Nacionales",13.456,15.322,19.528,17.699,17.280,18.953,21.739,14.476,13.881,14.604,14.182,14.293,13.087,12.124,12.073,9.110,13.457,12.041,13.763,14.569
,"    Visitantes Internacionales",3.658,2.184,2.903,2.231,1.844,1.805,1.890,1.613,1.251,147,292,526,135,156,206,218,239,273,326,236
,,,,,,,,,,,,,,,,,,,,,
"Nuevo Léon",,1.925,2.460,4.157,3.675,3.517,4.263,4.446,6.212,4.959,5.171,2.734,2.059,3.418,4.242,1.579,2.886,3.524,4.559,3.879,3.768
,"    Visitantes Nacionales",1.908,2.371,4.009,3.490,3.427,4.199,4.394,5.552,4.847,5.099,2.660,2.036,3.418,4.238,1.579,2.877,3.524,4.559,3.508,3.748
,"    Visitantes Internacionales",17,89,148,185,90,64,52,660,112,72,74,23,0,4,0,9,0,0,371,20
,"Z.A. de Boca de Potrerillos",1.925,2.460,4.157,3.675,3.517,4.263,4.446,6.212,4.959,5.171,2.734,2.059,3.418,4.242,1.579,2.886,3.524,4.559,3.879,3.768
,"    Visitantes Nacionales",1.908,2.371,4.009,3.490,3.427,4.199,4.394,5.552,4.847,5.099,2.660,2.036,3.418,4.238,1.579,2.877,3.524,4.559,3.508,3.748
,"    Visitantes Internacionales",17,89,148,185,90,64,52,660,112,72,74,23,0,4,0,9,0,0,371,20
,,,,,,,,,,,,,,,,,,,,,
"Oaxaca",,567.800,644.855,671.026,720.681,787.612,745.464,493.825,475.977,619.304,597.997,598.138,567.296,524.166,476.487,498.830,565.622,546.270,629.453,622.085,680.461
,"    Visitantes Nacionales",395.730,465.751,496.835,532.729,626.325,596.503,386.867,378.112,493.659,512.565,528.942,502.394,452.025,401.809,437.748,496.155,476.540,554.040,546.803,592.172
,"    Visitantes Internacionales",172.070,179.104,174.191,187.952,161.287,148.961,106.958,97.865,125.645,85.432,69.196,64.902,72.141,74.678,61.082,69.467,69.730,75.413,75.282,88.289
,"Z.A de Atzompa",0,0,0,0,0,0,0,0,0,0,0,0,0,0,0,25.968,35.958,22.161,18.877,23.268
,"    Visitantes Nacionales",0,0,0,0,0,0,0,0,0,0,0,0,0,0,0,25.316,34.625,20.910,18.328,21.954
,"    Visitantes Internacionales",0,0,0,0,0,0,0,0,0,0,0,0,0,0,0,652,1.333,1.251,549,1.314
,"Z.A. de Bocana del Río Copalita (con museo de sitio)",0,0,0,0,0,0,0,0,0,0,0,0,0,13.208,10.266,12.269,12.966,14.103,13.510,13.415
,"    Visitantes Nacionales",0,0,0,0,0,0,0,0,0,0,0,0,0,7.679,6.723,7.533,7.194,9.598,8.482,9.154
,"    Visitantes Internacionales",0,0,0,0,0,0,0,0,0,0,0,0,0,5.529,3.543,4.736,5.772,4.505,5.028,4.261
,"Z.A. de Dainzú",4.659,4.138,3.677,2.971,4.002,4.375,2.521,4.215,5.206,5.244,4.780,3.178,3.330,4.816,4.601,5.731,6.097,5.833,4.561,4.688
,"    Visitantes Nacionales",3.409,2.997,2.825,2.155,3.030,3.051,1.759,3.583,4.566,4.494,4.244,2.670,3.094,4.709,4.404,5.570,5.944,5.491,4.329,4.447
,"    Visitantes Internacionales",1.250,1.141,852,816,972,1.324,762,632,640,750,536,508,236,107,197,161,153,342,232,241
,"Z.A. de Guiengola",2.235,2.344,2.691,2.552,2.830,2.833,2.588,3.219,3.107,2.631,2.711,3.179,3.308,3.945,2.611,3.020,3.125,2.757,2.529,3.094
,"    Visitantes Nacionales",2.137,2.110,2.596,2.366,2.661,2.714,2.510,3.152,2.998,2.521,2.595,3.040,3.222,3.943,2.609,3.016,3.102,2.750,2.516,3.033
,"    Visitantes Internacionales",98,234,95,186,169,119,78,67,109,110,116,139,86,2,2,4,23,7,13,61
,"Z.A. de Huamelulpan",0,0,0,0,0,0,0,0,0,0,873,994,1.090,2.636,2.745,2.289,4.074,3.803,2.748,3.257
,"    Visitantes Nacionales",0,0,0,0,0,0,0,0,0,0,798,953,1.080,2.636,2.738,2.289,3.949,3.764,2.737,3.217
,"    Visitantes Internacionales",0,0,0,0,0,0,0,0,0,0,75,41,10,0,7,0,125,39,11,40
,"Z.A. de Huijazoo",6.167,8.855,5.423,9.385,8.328,8.631,4.999,3.617,4.622,4.705,3.787,10.689,5.051,5.475,6.217,5.285,4.861,4.488,3.551,5.674
,"    Visitantes Nacionales",5.197,7.839,4.484,8.021,6.992,7.065,3.936,2.817,3.739,4.009,2.806,8.680,4.187,5.348,5.642,5.285,4.640,4.330,3.450,5.185
,"    Visitantes Internacionales",970,1.016,939,1.364,1.336,1.566,1.063,800,883,696,981,2.009,864,127,575,0,221,158,101,489
,"Z.A. de Lambityeco",4.439,4.201,3.613,2.820,2.957,4.781,1.103,1.506,1.563,1.528,1.443,2.830,1.702,3.143,8.961,1.796,1.782,3.047,3.750,3.331
,"    Visitantes Nacionales",2.621,2.865,2.657,1.954,1.777,3.740,661,1.275,1.232,1.316,1.327,2.398,1.569,2.913,7.232,1.453,1.585,2.694,3.480,3.130
,"    Visitantes Internacionales",1.818,1.336,956,866,1.180,1.041,442,231,331,212,116,432,133,230,1.729,343,197,353,270,201
,"Z.A. de Mitla",98.933,119.454,141.179,133.721,174.612,138.633,104.145,96.895,147.250,139.413,121.882,100.067,93.935,80.678,91.488,88.791,95.144,128.797,109.556,87.518
,"    Visitantes Nacionales",64.974,78.473,92.451,86.714,138.624,103.555,75.279,71.372,117.956,118.334,105.279,80.365,78.319,67.243,79.497,75.102,84.868,119.163,94.604,70.252
,"    Visitantes Internacionales",33.959,40.981,48.728,47.007,35.988,35.078,28.866,25.523,29.294,21.079,16.603,19.702,15.616,13.435,11.991,13.689,10.276,9.634,14.952,17.266
,"Z.A. de Monte Albán con museo de sitio",421.493,476.339,494.203,542.899,572.352,556.444,357.448,347.334,438.368,423.547,439.736,424.144,395.177,344.583,355.915,404.859,362.233,429.702,443.075,517.586
,"    Visitantes Nacionales",295.629,349.097,374.965,409.330,455.310,452.935,286.081,279.355,347.854,364.669,391.949,384.437,342.897,291.311,315.188,357.539,312.894,372.661,391.832,455.988
,"    Visitantes Internacionales",125.864,127.242,119.238,133.569,117.042,103.509,71.367,67.979,90.514,58.878,47.787,39.707,52.280,53.272,40.727,47.320,49.339,57.041,51.243,61.598
,"Z.A. de Yagul",17.158,15.748,10.429,11.994,15.933,22.652,16.125,13.042,12.439,14.032,16.044,15.888,17.671,15.267,14.120,13.251,16.534,11.607,15.227,14.533
,"    Visitantes Nacionales",10.363,9.396,7.981,8.832,12.024,16.932,11.901,10.656,9.146,10.953,13.614,14.081,15.418,14.036,12.346,11.295,14.743,10.288,13.234,12.321
,"    Visitantes Internacionales",6.795,6.352,2.448,3.162,3.909,5.720,4.224,2.386,3.293,3.079,2.430,1.807,2.253,1.231,1.774,1.956,1.791,1.319,1.993,2.212
,"Z.A. de Zaachila",12.716,13.776,9.811,14.339,6.598,7.115,4.896,6.149,6.749,6.897,6.882,6.327,2.902,2.736,1.906,2.363,3.496,3.155,4.701,4.097
,"    Visitantes Nacionales",11.400,12.974,8.876,13.357,5.907,6.511,4.740,5.902,6.168,6.269,6.330,5.770,2.239,1.991,1.369,1.757,2.996,2.391,3.811,3.491
,"    Visitantes Internacionales",1.316,802,935,982,691,604,156,247,581,628,552,557,663,745,537,606,500,764,890,606
,,,,,,,,,,,,,,,,,,,,,
"Puebla",,233.655,251.183,260.804,270.064,273.426,263.026,275.956,194.588,253.942,330.705,312.730,357.713,444.559,857.211,839.180,943.405,740.590,589.405,646.492,725.218
,"    Visitantes Nacionales",207.416,224.015,241.048,245.242,252.966,226.644,255.465,179.261,230.898,313.930,301.979,342.554,430.472,815.182,799.160,898.099,688.538,538.328,587.693,666.632
,"    Visitantes Internacionales",26.239,27.168,19.756,24.822,20.460,36.382,20.491,15.327,23.044,16.775,10.751,15.159,14.087,42.029,40.020,45.306,52.052,51.077,58.799,58.586
,"Z.A. de Cantona",15.616,15.998,16.874,19.964,24.001,25.603,26.249,27.872,30.258,31.322,31.744,32.121,41.650,65.446,59.340,64.054,52.725,35.623,34.030,33.809
,"    Visitantes Nacionales",15.350,15.720,16.759,19.821,23.878,25.327,26.045,27.359,29.884,30.852,31.244,31.598,41.256,64.970,58.506,63.083,51.017,34.562,32.968,33.290
,"    Visitantes Internacionales",266,278,115,143,123,276,204,513,374,470,500,523,394,476,834,971,1.708,1.061,1.062,519
,"Z.A. de Cholula con museo de sitio",196.889,210.601,215.880,220.150,217.425,203.710,217.574,130.079,176.368,253.889,234.589,278.566,345.309,701.101,691.671,753.391,609.563,496.518,554.059,631.145
,"    Visitantes Nacionales",171.554,184.246,196.745,195.772,197.510,168.077,197.831,116.377,154.948,238.445,225.211,264.766,332.218,660.453,653.572,710.086,560.339,447.567,497.364,573.925
,"    Visitantes Internacionales",25.335,26.355,19.135,24.378,19.915,35.633,19.743,13.702,21.420,15.444,9.378,13.800,13.091,40.648,38.099,43.305,49.224,48.951,56.695,57.220
,"Z.A. de San Cristobal Tepatlaxco",3.582,3.538,3.465,3.334,3.854,4.379,3.846,5.025,3.845,5.245,8.371,7.755,6.291,9.455,11.399,12.659,8.887,3.798,3.070,3.056
,"    Visitantes Nacionales",3.582,3.530,3.465,3.332,3.854,4.379,3.846,5.019,3.845,5.245,8.371,7.753,6.291,9.449,11.398,12.651,8.884,3.794,3.068,3.053
,"    Visitantes Internacionales",0,8,0,2,0,0,0,6,0,0,0,2,0,6,1,8,3,4,2,3
,"Z.A. de Tepapayeca",180,153,161,218,167,195,171,151,179,165,370,241,259,461,412,804,606,651,1.053,1.068
,"    Visitantes Nacionales",180,153,161,218,167,195,171,150,170,161,366,238,237,461,412,804,600,651,1.004,1.066
,"    Visitantes Internacionales",0,0,0,0,0,0,0,1,9,4,4,3,22,0,0,0,6,0,49,2
,"Z.A. de Tepexi el Viejo",597,711,635,1.021,735,516,428,515,974,1.669,976,965,1.149,1.920,2.622,2.467,1.768,1.197,882,974
,"    Visitantes Nacionales",565,710,628,1.011,684,506,416,503,974,1.669,976,965,1.149,1.920,2.612,2.460,1.766,1.197,881,974
,"    Visitantes Internacionales",32,1,7,10,51,10,12,12,0,0,0,0,0,0,10,7,2,0,1,0
,"Z.A. de Yohualichan",16.791,20.182,23.789,25.377,27.244,28.623,27.688,30.946,42.318,38.415,36.680,38.065,49.901,78.828,73.736,110.030,67.041,51.618,53.398,55.166
,"    Visitantes Nacionales",16.185,19.656,23.290,25.088,26.873,28.160,27.156,29.853,41.077,37.558,35.811,37.234,49.321,77.929,72.660,109.015,65.932,50.557,52.408,54.324
,"    Visitantes Internacionales",606,526,499,289,371,463,532,1.093,1.241,857,869,831,580,899,1.076,1.015,1.109,1.061,990,842
,,,,,,,,,,,,,,,,,,,,,
"Querétaro",,25.977,41.962,41.697,47.820,36.582,41.091,36.307,53.722,59.708,52.278,49.224,64.816,60.964,65.412,59.973,64.695,76.353,90.843,73.116,115.317
,"    Visitantes Nacionales",25.566,40.963,40.660,46.571,35.507,39.864,35.105,53.722,59.708,49.375,49.224,64.767,58.840,62.187,56.312,61.591,72.403,85.582,68.715,108.114
,"    Visitantes Internacionales",411,999,1.037,1.249,1.075,1.227,1.202,0,0,2.903,0,49,2.124,3.225,3.661,3.104,3.950,5.261,4.401,7.203
,"Z.A. de El Cerrito",384,4.948,11.396,17.804,6.519,4.792,6.081,25.663,32.577,28.634,24.939,34.216,29.332,37.295,35.898,36.813,43.192,55.313,36.901,78.854
,"    Visitantes Nacionales",384,4.773,11.312,17.486,6.271,4.445,5.821,25.663,32.577,25.731,24.939,34.216,27.856,34.441,33.055,34.273,39.809,50.547,33.169,72.075
,"    Visitantes Internacionales",0,175,84,318,248,347,260,0,0,2.903,0,0,1.476,2.854,2.843,2.540,3.383,4.766,3.732,6.779
,"Z.A. de Ranas",18.869,29.284,24.848,23.967,24.755,30.705,24.626,22.584,22.123,20.103,20.137,24.206,20.643,17.635,16.196,17.199,21.031,25.056,24.499,25.780
,"    Visitantes Nacionales",18.539,28.611,24.006,23.152,23.995,29.909,23.766,22.584,22.123,20.103,20.137,24.206,20.200,17.424,15.681,16.912,20.780,24.779,24.163,25.664
,"    Visitantes Internacionales",330,673,842,815,760,796,860,0,0,0,0,0,443,211,515,287,251,277,336,116
,"Z.A. de Tancama",0,0,0,0,0,0,0,0,0,0,0,2.630,7.079,7.339,5.382,7.989,7.182,6.506,6.884,6.592
,"    Visitantes Nacionales",0,0,0,0,0,0,0,0,0,0,0,2.630,6.947,7.224,5.122,7.735,6.914,6.319,6.610,6.309
,"    Visitantes Internacionales",0,0,0,0,0,0,0,0,0,0,0,0,132,115,260,254,268,187,274,283
,"Z.A. de Toluquilla",6.724,7.730,5.453,6.049,5.308,5.594,5.600,5.475,5.008,3.541,4.148,3.764,3.910,3.143,2.497,2.694,4.948,3.968,4.832,4.091
,"    Visitantes Nacionales",6.643,7.579,5.342,5.933,5.241,5.510,5.518,5.475,5.008,3.541,4.148,3.715,3.837,3.098,2.454,2.671,4.900,3.937,4.773,4.066
,"    Visitantes Internacionales",81,151,111,116,67,84,82,0,0,0,0,49,73,45,43,23,48,31,59,25
,,,,,,,,,,,,,,,,,,,,,
"Quintana Roo",,1.010.333,976.446,1.138.084,1.343.416,1.485.193,1.415.207,1.468.575,1.629.685,1.882.743,1.499.423,1.678.992,1.777.620,1.976.371,2.019.946,2.142.702,2.278.529,2.757.904,3.360.651,3.399.187,3.193.904
,"    Visitantes Nacionales",317.326,266.207,261.758,350.153,457.194,421.717,423.150,397.417,651.710,524.402,528.636,627.428,691.183,654.086,784.365,968.438,1.125.869,1.153.247,1.107.136,1.092.817
,"    Visitantes Internacionales",693.007,710.239,876.326,993.263,1.027.999,993.490,1.045.425,1.232.268,1.231.033,975.021,1.150.356,1.150.192,1.285.188,1.365.860,1.358.337,1.310.091,1.632.035,2.207.404,2.292.051,2.101.087
,"Z.A. de Chacchoben",0,0,0,47.428,50.333,70.962,82.966,57.060,9.238,34.663,66.649,56.167,60.898,55.278,54.125,56.031,85.117,124.702,108.209,176.427
,"    Visitantes Nacionales",0,0,0,12.939,10.499,8.752,10.099,7.148,4.904,13.143,21.609,17.671,17.834,11.524,7.063,6.394,10.993,17.016,16.859,14.650
,"    Visitantes Internacionales",0,0,0,34.489,39.834,62.210,72.867,49.912,4.334,21.520,45.040,38.496,43.064,43.754,47.062,49.637,74.124,107.686,91.350,161.777
,"Z.A. de Cobá",126.871,129.642,139.929,192.753,187.519,196.181,306.288,356.993,355.531,317.415,384.836,400.641,473.259,422.370,417.141,434.043,588.857,702.749,755.801,750.113
,"    Visitantes Nacionales",25.519,22.706,19.597,11.556,11.187,20.986,54.774,41.161,76.827,68.704,87.780,99.722,86.775,84.268,87.222,92.312,183.438,169.608,152.874,140.664
,"    Visitantes Internacionales",101.352,106.936,120.332,181.197,176.332,175.195,251.514,315.832,278.704,248.711,297.056,300.919,386.484,338.102,329.919,341.731,405.419,533.141,602.927,609.449
,"Z.A. de Dzibanché-Kinichná",6.856,9.155,10.563,5.950,8.412,17.273,7.556,6.863,6.995,9.642,17.462,16.140,11.541,10.046,11.024,14.798,14.912,17.045,21.862,21.326
,"    Visitantes Nacionales",5.428,6.964,4.745,4.637,5.454,9.141,4.475,4.923,5.158,6.868,12.303,11.649,9.108,7.536,8.827,9.501,9.240,10.275,9.491,9.852
,"    Visitantes Internacionales",1.428,2.191,5.818,1.313,2.958,8.132,3.081,1.940,1.837,2.774,5.159,4.491,2.433,2.510,2.197,5.297,5.672,6.770,12.371,11.474
,"Z.A. de El Meco",0,1.456,2.868,2.387,1.881,2.094,3.091,4.275,5.500,4.544,6.774,10.330,15.796,13.752,17.169,14.942,14.492,14.702,15.074,15.396
,"    Visitantes Nacionales",0,912,2.247,1.822,1.671,1.657,2.117,2.354,2.746,3.035,4.779,7.474,11.594,10.599,14.532,13.305,11.496,11.136,11.584,11.776
,"    Visitantes Internacionales",0,544,621,565,210,437,974,1.921,2.754,1.509,1.995,2.856,4.202,3.153,2.637,1.637,2.996,3.566,3.490,3.620
,"Z.A. de El Rey",18.377,13.811,13.760,14.937,19.672,15.629,6.979,7.490,8.308,7.273,7.348,8.144,12.047,13.660,12.742,17.262,18.634,20.392,20.975,21.917
,"    Visitantes Nacionales",8.030,6.401,7.391,10.531,12.410,9.502,4.447,3.776,4.361,3.496,3.701,3.771,6.936,7.643,7.415,9.813,11.343,12.204,13.066,11.751
,"    Visitantes Internacionales",10.347,7.410,6.369,4.406,7.262,6.127,2.532,3.714,3.947,3.777,3.647,4.373,5.111,6.017,5.327,7.449,7.291,8.188,7.909,10.166
,"Z.A. de Kohunlich",18.728,23.858,28.341,26.950,30.448,38.554,34.962,30.357,26.720,28.886,51.006,50.515,34.324,27.635,31.810,25.861,30.567,36.105,46.890,42.813
,"    Visitantes Nacionales",9.918,13.631,11.947,11.094,11.678,12.994,9.201,8.488,10.108,13.412,31.810,34.128,23.333,17.837,19.521,10.610,14.024,15.481,15.746,14.558
,"    Visitantes Internacionales",8.810,10.227,16.394,15.856,18.770,25.560,25.761,21.869,16.612,15.474,19.196,16.387,10.991,9.798,12.289,15.251,16.543,20.624,31.144,28.255
,"Z.A. de Muyil",1.371,1.462,2.414,3.871,5.656,6.351,6.358,5.370,5.100,3.957,3.184,2.691,5.187,5.803,10.223,10.573,12.355,18.106,22.545,18.131
,"    Visitantes Nacionales",583,579,761,1.275,2.504,2.541,1.580,1.677,1.397,1.425,1.024,761,2.656,3.148,4.568,4.372,5.937,6.932,8.439,6.443
,"    Visitantes Internacionales",788,883,1.653,2.596,3.152,3.810,4.778,3.693,3.703,2.532,2.160,1.930,2.531,2.655,5.655,6.201,6.418,11.174,14.106,11.688
,"Z.A. de Oxtankah",12.771,18.934,11.391,12.748,9.758,11.071,9.490,7.807,10.845,10.271,8.573,8.720,9.508,8.736,7.580,8.017,10.300,11.062,12.170,13.772
,"    Visitantes Nacionales",12.027,17.968,10.845,12.045,9.095,9.289,8.690,7.413,9.617,9.252,8.037,8.150,8.942,8.097,7.101,7.415,9.672,10.516,11.398,13.049
,"    Visitantes Internacionales",744,966,546,703,663,1.782,800,394,1.228,1.019,536,570,566,639,479,602,628,546,772,723
,"Z.A. de San Gervasio",117.859,107.417,131.724,114.365,98.576,77.224,76.164,90.195,100.186,88.708,137.971,137.080,151.809,171.168,186.970,186.203,205.967,205.323,203.042,134.346
,"    Visitantes Nacionales",29.293,14.419,15.836,13.829,9.727,10.010,9.565,15.966,22.729,16.302,20.036,27.358,32.652,40.640,44.430,56.463,98.391,18.551,22.626,16.599
,"    Visitantes Internacionales",88.566,92.998,115.888,100.536,88.849,67.214,66.599,74.229,77.457,72.406,117.935,109.722,119.157,130.528,142.540,129.740,107.576,186.772,180.416,117.747
,"Z.A. de Tulum",703.494,667.252,793.881,919.797,1.071.286,978.866,932.573,1.059.731,1.351.879,992.134,992.964,1.085.288,1.199.312,1.289.343,1.391.542,1.508.847,1.773.929,2.207.446,2.189.536,1.996.544
,"    Visitantes Nacionales",224.412,180.643,186.849,269.356,382.011,336.319,317.144,303.180,512.409,387.412,335.804,415.224,489.295,461.161,581.809,756.828,769.192,879.315,842.861,851.337
,"    Visitantes Internacionales",479.082,486.609,607.032,650.441,689.275,642.547,615.429,756.551,839.470,604.722,657.160,670.064,710.017,828.182,809.733,752.019,1.004.737,1.328.131,1.346.675,1.145.207
,"Z.A. de Xcaret",7,16,57,6,7,7,14,4,8,12,27,30,261,118,91,33,62,220,134,200
,"    Visitantes Nacionales",5,6,44,6,7,0,14,4,6,0,20,30,258,111,89,25,62,204,120,187
,"    Visitantes Internacionales",2,10,13,0,0,7,0,0,2,12,7,0,3,7,2,8,0,16,14,13
,"Z.A. de Xelhá",3.999,3.443,3.156,2.224,1.645,995,2.134,3.540,2.433,1.918,2.198,1.874,2.429,2.037,2.285,1.919,2.712,2.799,2.949,2.919
,"    Visitantes Nacionales",2.111,1.978,1.496,1.063,951,526,1.044,1.327,1.448,1.353,1.733,1.490,1.800,1.522,1.788,1.400,2.081,2.009,2.072,1.951
,"    Visitantes Internacionales",1.888,1.465,1.660,1.161,694,469,1.090,2.213,985,565,465,384,629,515,497,519,631,790,877,968
,"Z.A. de Calica",0,0,0,0,0,0,0,0,0,0,0,0,0,0,0,0,0,0,0,0
,"    Visitantes Nacionales",0,0,0,0,0,0,0,0,0,0,0,0,0,0,0,0,0,0,0,0
,"    Visitantes Internacionales",0,0,0,0,0,0,0,0,0,0,0,0,0,0,0,0,0,0,0,0
,"Z.A. de Playa del Carmen",0,0,0,0,0,0,0,0,0,0,0,0,0,0,0,0,62,220,0,0
,"    Visitantes Nacionales",0,0,0,0,0,0,0,0,0,0,0,0,0,0,0,0,62,204,0,0
,"    Visitantes Internacionales",0,0,0,0,0,0,0,0,0,0,0,0,0,0,0,0,0,16,0,0
,,,,,,,,,,,,,,,,,,,,,
"San Luis Potosí",,7.942,6.963,0,0,0,0,0,0,0,9.547,14.535,7.845,7.523,7.084,8.648,10.981,15.693,14.695,16.335,17.442
,"    Visitantes Nacionales",7.540,6.473,0,0,0,0,0,0,0,9.215,14.239,7.705,7.461,6.970,8.525,10.846,15.516,14.585,16.154,17.301
,"    Visitantes Internacionales",402,490,0,0,0,0,0,0,0,332,296,140,62,114,123,135,177,110,181,141
,"Z.A. de Tamohí",7.942,6.963,0,0,0,0,0,0,0,5.071,6.360,3.038,2.675,3.073,3.446,4.545,4.756,3.863,3.893,3.361
,"    Visitantes Nacionales",7.540,6.473,0,0,0,0,0,0,0,4.884,6.218,2.971,2.642,2.998,3.399,4.445,4.637,3.769,3.751,3.262
,"    Visitantes Internacionales",402,490,0,0,0,0,0,0,0,187,142,67,33,75,47,100,119,94,142,99
,"Z.A. de Tamtoc",0,0,0,0,0,0,0,0,0,4.476,8.175,4.807,4.848,4.011,5.202,6.436,10.937,10.832,12.442,14.081
,"    Visitantes Nacionales",0,0,0,0,0,0,0,0,0,4.331,8.021,4.734,4.819,3.972,5.126,6.401,10.879,10.816,12.403,14.039
,"    Visitantes Internacionales",0,0,0,0,0,0,0,0,0,145,154,73,29,39,76,35,58,16,39,42
,,,,,,,,,,,,,,,,,,,,,
"Sinaloa",,0,0,0,0,0,0,0,0,0,0,0,0,0,7.499,15.010,18.198,11.402,13.023,13.412,13.936
,"    Visitantes Nacionales",0,0,0,0,0,0,0,0,0,0,0,0,0,7.499,14.889,17.946,10.740,12.265,12.602,12.965
,"    Visitantes Internacionales",0,0,0,0,0,0,0,0,0,0,0,0,0,0,121,252,662,758,810,971
,"Las Labradas",0,0,0,0,0,0,0,0,0,0,0,0,0,7.499,15.010,18.198,11.402,13.023,13.412,13.936
,"    Visitantes Nacionales",0,0,0,0,0,0,0,0,0,0,0,0,0,7.499,14.889,17.946,10.740,12.265,12.602,12.965
,"    Visitantes Internacionales",0,0,0,0,0,0,0,0,0,0,0,0,0,0,121,252,662,758,810,971
,,,,,,,,,,,,,,,,,,,,,
"Sonora",,0,0,0,0,0,0,0,0,0,0,0,0,1.625,2.813,3.499,6.077,6.568,2.659,29.615,2.848
,"    Visitantes Nacionales",0,0,0,0,0,0,0,0,0,0,0,0,1.562,2.680,3.370,5.795,6.296,2.508,28.030,2.786
,"    Visitantes Internacionales",0,0,0,0,0,0,0,0,0,0,0,0,63,133,129,282,272,151,1.585,62
,"Z.A. de Cerro de las Trincheras",0,0,0,0,0,0,0,0,0,0,0,0,1.625,2.813,3.499,6.077,6.568,2.659,29.615,2.848
,"    Visitantes Nacionales",0,0,0,0,0,0,0,0,0,0,0,0,1.562,2.680,3.370,5.795,6.296,2.508,28.030,2.786
,"    Visitantes Internacionales",0,0,0,0,0,0,0,0,0,0,0,0,63,133,129,282,272,151,1.585,62
,,,,,,,,,,,,,,,,,,,,,
"Tabasco",,77.333,78.610,85.323,88.785,112.988,121.260,117.084,92.900,110.450,119.404,110.617,100.115,112.369,109.985,108.124,95.475,69.739,64.656,97.228,93.984
,"    Visitantes Nacionales",75.242,76.650,83.429,86.505,109.801,117.843,112.891,89.455,107.347,116.106,107.517,97.254,110.266,107.560,105.779,92.653,67.145,62.652,96.303,92.995
,"    Visitantes Internacionales",2.091,1.960,1.894,2.280,3.187,3.417,4.193,3.445,3.103,3.298,3.100,2.861,2.103,2.425,2.345,2.822,2.594,2.004,925,989
,"Z.A. de Comalcalco con museo de sitio",55.828,57.065,58.898,65.036,81.631,83.400,75.362,54.655,78.508,87.453,76.907,72.626,91.186,85.648,78.475,75.707,46.508,42.239,69.306,70.052
,"    Visitantes Nacionales",54.544,55.628,57.626,63.231,79.296,81.233,73.457,52.820,76.696,85.310,75.275,71.248,89.587,83.872,76.866,73.411,44.164,40.638,68.764,69.441
,"    Visitantes Internacionales",1.284,1.437,1.272,1.805,2.335,2.167,1.905,1.835,1.812,2.143,1.632,1.378,1.599,1.776,1.609,2.296,2.344,1.601,542,611
,"Z.A. de La Venta con museo de sitio",11.546,11.570,15.171,14.203,16.434,22.002,25.848,25.287,21.016,24.936,24.930,19.929,13.760,15.241,19.772,14.377,16.501,15.480,14.076,7.429
,"    Visitantes Nacionales",10.807,11.115,14.684,13.832,15.828,20.927,23.870,24.091,19.840,23.906,24.062,19.159,13.296,14.609,19.184,13.989,16.262,15.212,13.778,7.062
,"    Visitantes Internacionales",739,455,487,371,606,1.075,1.978,1.196,1.176,1.030,868,770,464,632,588,388,239,268,298,367
,"Z.A. de Malpasito",3.725,3.503,4.154,3.623,3.875,3.344,3.198,2.854,2.174,2.259,1.614,1.535,2.004,1.380,1.457,2.020,2.168,1.813,1.663,1.665
,"    Visitantes Nacionales",3.685,3.470,4.110,3.607,3.859,3.313,3.160,2.712,2.161,2.252,1.572,1.377,1.999,1.363,1.432,2.001,2.157,1.681,1.583,1.654
,"    Visitantes Internacionales",40,33,44,16,16,31,38,142,13,7,42,158,5,17,25,19,11,132,80,11
,"Z.A. de Moral-Reforma",2.113,2.326,4.319,3.220,3.905,5.917,5.184,1.727,4.460,1.180,2.165,2.834,2.915,4.323,2.791,1.221,2.430,3.035,8.516,10.807
,"    Visitantes Nacionales",2.105,2.315,4.283,3.173,3.730,5.889,5.095,1.727,4.441,1.163,2.110,2.574,2.914,4.323,2.758,1.197,2.430,3.035,8.516,10.807
,"    Visitantes Internacionales",8,11,36,47,175,28,89,0,19,17,55,260,1,0,33,24,0,0,0,0
,"Z.A. de Pomoná con museo de sitio",2.254,2.571,1.672,1.601,6.361,5.930,7.035,7.896,3.141,2.016,3.682,2.365,1.556,2.071,4.002,1.413,1.748,1.827,3.193,3.534
,"    Visitantes Nacionales",2.238,2.557,1.634,1.571,6.327,5.826,6.934,7.664,3.077,1.925,3.207,2.183,1.522,2.071,3.920,1.327,1.748,1.824,3.188,3.534
,"    Visitantes Internacionales",16,14,38,30,34,104,101,232,64,91,475,182,34,0,82,86,0,3,5,0
,"Z.A. de San Claudio",1.867,1.575,1.109,1.102,782,667,457,481,1.151,1.560,1.319,826,948,1.322,1.627,737,384,262,474,497
,"    Visitantes Nacionales",1.863,1.565,1.092,1.091,761,655,375,441,1.132,1.550,1.291,713,948,1.322,1.619,728,384,262,474,497
,"    Visitantes Internacionales",4,10,17,11,21,12,82,40,19,10,28,113,0,0,8,9,0,0,0,0
,,,,,,,,,,,,,,,,,,,,,
"Tamaulipas",,15.902,15.773,6.293,7.846,8.287,6.425,7.729,6.245,5.638,2.671,931,828,725,2.972,2.736,3.356,3.775,4.044,4.114,3.871
,"    Visitantes Nacionales",10.187,10.569,5.450,6.119,6.286,5.357,6.927,5.847,5.200,2.496,859,805,709,2.871,2.661,3.269,3.749,3.994,4.013,3.822
,"    Visitantes Internacionales",5.715,5.204,843,1.727,2.001,1.068,802,398,438,175,72,23,16,101,75,87,26,50,101,49
,"Z.A. de El Sabinito",354,308,1.075,398,747,1.010,632,364,545,451,189,317,274,378,377,516,901,895,1.063,913
,"    Visitantes Nacionales",304,235,946,338,717,972,597,357,503,407,162,317,268,378,368,503,901,895,1.063,912
,"    Visitantes Internacionales",50,73,129,60,30,38,35,7,42,44,27,0,6,0,9,13,0,0,0,1
,"Z.A. de Las Flores",7.332,7.439,5.218,5.385,5.641,5.415,7.097,5.881,5.093,2.220,742,511,451,2.594,2.359,2.840,2.874,3.149,3.051,2.684
,"    Visitantes Nacionales",6.037,6.224,4.504,4.692,4.725,4.385,6.330,5.490,4.697,2.089,697,488,441,2.493,2.293,2.766,2.848,3.099,2.950,2.636
,"    Visitantes Internacionales",1.295,1.215,714,693,916,1.030,767,391,396,131,45,23,10,101,66,74,26,50,101,48
,"Z.A. de Balcón de Moctezuma",8.216,8.026,0,2.063,1.899,0,0,0,0,0,0,0,0,0,0,0,0,0,0,274
,"    Visitantes Nacionales",3.846,4.110,0,1.089,844,0,0,0,0,0,0,0,0,0,0,0,0,0,0,274
,"    Visitantes Internacionales",4.370,3.916,0,974,1.055,0,0,0,0,0,0,0,0,0,0,0,0,0,0,0
,,,,,,,,,,,,,,,,,,,,,
"Tlaxcala",,221.893,224.714,242.827,242.388,196.908,211.992,190.625,164.320,181.073,199.011,194.867,225.321,227.791,204.397,260.580,224.913,290.530,266.671,273.344,225.723
,"    Visitantes Nacionales",210.526,214.039,230.543,231.767,181.063,202.139,172.338,157.010,174.142,193.513,189.704,220.233,223.800,201.351,257.607,221.842,287.822,264.004,270.667,223.230
,"    Visitantes Internacionales",11.367,10.675,12.284,10.621,15.845,9.853,18.287,7.310,6.931,5.498,5.163,5.088,3.991,3.046,2.973,3.071,2.708,2.667,2.677,2.493
,"Z.A. de Cacaxtla con museo de sitio",139.272,138.383,134.593,127.776,130.807,122.930,114.769,49.112,69.639,98.179,102.081,115.980,120.885,108.952,152.951,101.790,144.589,122.165,125.552,127.381
,"    Visitantes Nacionales",131.359,130.579,128.130,120.459,119.802,117.277,104.965,45.402,67.259,94.765,98.782,112.376,117.876,106.521,150.713,99.939,142.790,120.593,123.588,125.672
,"    Visitantes Internacionales",7.913,7.804,6.463,7.317,11.005,5.653,9.804,3.710,2.380,3.414,3.299,3.604,3.009,2.431,2.238,1.851,1.799,1.572,1.964,1.709
,"Z.A. de Ocotelulco con museo de sitio",0,0,0,0,0,0,0,0,0,0,0,0,0,0,0,348,979,613,480,1.104
,"    Visitantes Nacionales",0,0,0,0,0,0,0,0,0,0,0,0,0,0,0,322,933,582,466,1.077
,"    Visitantes Internacionales",0,0,0,0,0,0,0,0,0,0,0,0,0,0,0,26,46,31,14,27
,"Z.A. de Tecoaque",0,0,0,0,0,0,0,0,0,0,0,0,0,6.395,10.465,14.884,23.550,19.024,15.736,18.954
,"    Visitantes Nacionales",0,0,0,0,0,0,0,0,0,0,0,0,0,6.395,10.370,14.795,23.414,18.789,15.581,18.633
,"    Visitantes Internacionales",0,0,0,0,0,0,0,0,0,0,0,0,0,0,95,89,136,235,155,321
,"Z.A. de Tizatlán con museo de sitio}",3.263,3.128,3.245,2.275,2.837,3.920,3.935,4.396,4.679,3.458,3.139,4.048,3.083,2.513,1.915,1.558,1.966,1.733,1.588,2.410
,"    Visitantes Nacionales",3.013,2.818,2.625,1.875,2.598,3.729,3.190,3.931,4.091,3.094,2.784,3.659,2.830,2.419,1.825,1.425,1.768,1.600,1.549,2.402
,"    Visitantes Internacionales",250,310,620,400,239,191,745,465,588,364,355,389,253,94,90,133,198,133,39,8
,"Z.A. de Xochitécatl con museo de sitio",79.358,83.203,104.989,112.337,63.264,85.142,71.921,110.812,106.755,97.374,89.647,105.293,103.823,86.537,95.249,106.333,119.446,123.136,129.988,75.874
,"    Visitantes Nacionales",76.154,80.642,99.788,109.433,58.663,81.133,64.183,107.677,102.792,95.654,88.138,104.198,103.094,86.016,94.699,105.361,118.917,122.440,129.483,75.446
,"    Visitantes Internacionales",3.204,2.561,5.201,2.904,4.601,4.009,7.738,3.135,3.963,1.720,1.509,1.095,729,521,550,972,529,696,505,428
,,,,,,,,,,,,,,,,,,,,,
"Veracruz",,433.983,579.442,741.760,783.293,998.290,496.154,587.553,581.191,497.910,547.592,484.964,497.750,474.775,511.240,410.042,533.377,506.405,475.264,488.773,523.962
,"    Visitantes Nacionales",335.025,465.148,674.369,744.615,962.602,481.417,564.082,556.272,475.188,528.677,471.179,486.743,464.325,502.272,403.194,525.470,499.472,470.330,484.103,518.083
,"    Visitantes Internacionales",98.958,114.294,67.391,38.678,35.688,14.737,23.471,24.919,22.722,18.915,13.785,11.007,10.450,8.968,6.848,7.907,6.933,4.934,4.670,5.879
,"Z.A. de Castillo de Teayo con museo de sitio",0,0,3.005,0,0,3.478,3.611,3.172,3.093,3.093,1.966,2.524,2.075,136,1.207,2.745,1.465,1.939,2.404,1.116
,"    Visitantes Nacionales",0,0,2.932,0,0,3.388,3.541,3.006,3.012,3.053,1.948,2.503,2.062,136,1.207,2.745,1.465,1.939,2.404,1.116
,"    Visitantes Internacionales",0,0,73,0,0,90,70,166,81,40,18,21,13,0,0,0,0,0,0,0
,"Z.A. de Cempoala con museo de sitio",62.688,74.643,78.584,66.372,74.962,78.068,72.127,72.878,82.167,74.292,58.961,63.397,48.215,48.337,40.611,44.033,45.410,40.933,41.461,41.404
,"    Visitantes Nacionales",58.822,71.571,74.444,62.268,71.706,74.849,68.624,68.771,78.179,71.186,57.017,61.359,47.086,47.397,39.591,43.048,44.410,40.071,40.469,40.618
,"    Visitantes Internacionales",3.866,3.072,4.140,4.104,3.256,3.219,3.503,4.107,3.988,3.106,1.944,2.038,1.129,940,1.020,985,1.000,862,992,786
,"Z.A. de Cuajilote",6.080,5.785,4.204,3.745,3.178,3.718,4.500,3.469,3.498,4.068,8.434,7.372,5.591,4.260,5.432,5.311,5.490,4.880,4.499,5.126
,"    Visitantes Nacionales",5.766,5.220,4.076,3.628,3.007,3.643,4.453,3.314,3.483,4.063,8.401,7.209,5.591,4.260,5.428,5.292,5.486,4.880,4.471,5.126
,"    Visitantes Internacionales",314,565,128,117,171,75,47,155,15,5,33,163,0,0,4,19,4,0,28,0
,"Z.A. de Cuauhtochco",329,118,352,293,285,280,2.158,505,281,473,240,277,285,135,16,0,0,0,0,0
,"    Visitantes Nacionales",329,101,352,293,285,278,2.100,505,200,473,240,259,285,135,16,0,0,0,0,0
,"    Visitantes Internacionales",0,17,0,0,0,2,58,0,81,0,0,18,0,0,0,0,0,0,0,0
,"Z.A. de Cuyuxquihui",2.562,1.525,2.009,1.889,2.480,3.523,3.136,3.362,3.321,4.948,3.473,3.160,4.127,6.170,4.651,4.674,4.239,3.253,2.701,3.712
,"    Visitantes Nacionales",2.550,1.519,2.009,1.887,2.472,3.352,3.126,3.362,3.318,4.948,3.447,3.156,4.127,6.170,4.651,4.674,4.239,3.253,2.701,3.712
,"    Visitantes Internacionales",12,6,0,2,8,171,10,0,3,0,26,4,0,0,0,0,0,0,0,0
,"Z.A. de El Tajín",338.655,476.735,629.908,685.124,888.637,380.264,470.311,472.636,381.509,431.328,388.403,390.831,384.697,423.601,330.331,442.761,414.601,386.406,395.698,426.176
,"    Visitantes Nacionales",246.276,367.517,568.414,652.220,858.590,370.426,452.014,452.770,363.617,416.254,377.276,382.777,375.822,415.875,324.962,436.356,409.283,382.812,392.633,421.633
,"    Visitantes Internacionales",92.379,109.218,61.494,32.904,30.047,9.838,18.297,19.866,17.892,15.074,11.127,8.054,8.875,7.726,5.369,6.405,5.318,3.594,3.065,4.543
,"Z.A. de Las Higueras con museo de sitio",859,685,725,888,929,813,825,394,600,463,624,679,815,805,537,448,262,357,465,488
,"    Visitantes Nacionales",784,606,653,844,828,795,816,393,593,450,623,674,812,804,535,443,230,357,465,485
,"    Visitantes Internacionales",75,79,72,44,101,18,9,1,7,13,1,5,3,1,2,5,32,0,0,3
,"Z.A. de Las Limas",83,73,0,0,0,3.193,3.596,91,160,235,105,217,248,243,173,431,491,341,761,925
,"    Visitantes Nacionales",83,73,0,0,0,3.147,3.486,91,160,233,105,217,248,243,173,431,491,341,761,925
,"    Visitantes Internacionales",0,0,0,0,0,46,110,0,0,2,0,0,0,0,0,0,0,0,0,0
,"Z.A. de Quiahuitztlán",16.704,14.446,17.446,20.326,23.081,18.812,22.671,19.939,18.725,24.135,19.139,25.202,24.791,23.456,22.487,27.973,27.775,31.546,34.342,38.838
,"    Visitantes Nacionales",14.583,13.270,16.263,19.007,21.135,17.703,21.464,19.473,18.247,23.561,18.763,24.592,24.419,23.191,22.084,27.504,27.199,31.092,33.779,38.302
,"    Visitantes Internacionales",2.121,1.176,1.183,1.319,1.946,1.109,1.207,466,478,574,376,610,372,265,403,469,576,454,563,536
,"Z.A. de San Lorenzo Tenochtitlan con museo de sitio",4.353,3.608,4.210,3.315,3.876,3.193,3.775,4.074,3.788,4.131,3.327,3.374,3.451,3.608,4.258,4.567,6.370,5.064,5.779,5.385
,"    Visitantes Nacionales",4.244,3.505,3.973,3.208,3.820,3.086,3.677,3.982,3.744,4.092,3.108,3.327,3.425,3.608,4.258,4.567,6.370,5.064,5.779,5.385
,"    Visitantes Internacionales",109,103,237,107,56,107,98,92,44,39,219,47,26,0,0,0,0,0,0,0
,"Z.A. de Vega de la Peña",1.670,1.824,1.317,1.341,862,812,843,671,768,426,292,717,480,489,339,434,302,545,663,792
,"    Visitantes Nacionales",1.588,1.766,1.253,1.260,759,750,781,605,635,364,251,670,448,453,289,410,299,521,641,781
,"    Visitantes Internacionales",82,58,64,81,103,62,62,66,133,62,41,47,32,36,50,24,3,24,22,11
,,,,,,,,,,,,,,,,,,,,,
"Yucatán",,1.826.977,1.772.935,1.736.293,1.977.441,1.980.709,1.644.293,1.565.241,2.061.746,2.121.497,1.445.520,2.092.412,2.134.678,2.196.175,2.825.776,2.816.102,2.709.596,2.854.924,3.517.959,3.639.642,3.297.471
,"    Visitantes Nacionales",1.089.974,1.102.912,1.130.084,1.110.973,906.180,774.273,811.965,1.035.971,971.734,855.245,1.201.890,1.262.533,1.362.750,1.603.867,1.430.313,1.216.460,1.004.546,1.555.202,1.424.848,1.419.829
,"    Visitantes Internacionales",737.003,670.023,606.209,866.468,1.074.529,870.020,753.276,1.025.775,1.149.763,590.275,890.522,872.145,833.425,1.221.909,1.385.789,1.493.136,1.850.378,1.962.757,2.214.794,1.877.642
,"Z.A. de Acanceh",4.506,3.551,2.537,3.514,4.656,3.296,4.444,5.654,6.428,5.625,8.162,8.033,7.696,6.776,7.071,6.965,8.121,8.426,6.655,6.571
,"    Visitantes Nacionales",3.885,3.335,2.374,3.301,4.218,3.029,4.088,4.913,5.080,4.710,6.922,6.642,6.757,6.222,6.510,6.397,7.503,7.744,5.977,5.782
,"    Visitantes Internacionales",621,216,163,213,438,267,356,741,1.348,915,1.240,1.391,939,554,561,568,618,682,678,789
,"Z.A. de Aké",9.673,8.022,8.358,8.705,8.700,6.020,7.416,8.729,8.743,6.858,7.937,8.422,8.050,8.230,8.003,8.712,10.216,14.829,17.972,16.497
,"    Visitantes Nacionales",8.917,7.415,8.024,8.395,8.084,5.476,6.747,7.641,7.786,6.307,7.144,7.793,7.475,7.596,7.415,8.078,9.307,13.791,17.006,15.612
,"    Visitantes Internacionales",756,607,334,310,616,544,669,1.088,957,551,793,629,575,634,588,634,909,1.038,966,885
,"Z.A. de Balamcanché",16.337,16.638,17.395,19.729,15.149,13.409,13.689,13.969,14.166,10.399,7.235,5.299,6.139,3.421,2.669,4.473,4.434,7.194,6.643,5.261
,"    Visitantes Nacionales",12.769,13.275,14.202,15.942,12.547,10.614,11.859,11.778,11.552,8.061,5.571,4.234,5.294,2.930,2.354,3.978,3.889,6.422,5.907,4.588
,"    Visitantes Internacionales",3.568,3.363,3.193,3.787,2.602,2.795,1.830,2.191,2.614,2.338,1.664,1.065,845,491,315,495,545,772,736,673
,"Z.A. de Chacmultún",4.032,5.012,2.688,2.394,2.678,1.910,2.852,2.011,2.404,2.206,1.843,1.997,1.955,1.468,1.890,1.822,2.390,2.760,1.505,1.672
,"    Visitantes Nacionales",3.612,4.761,2.576,2.213,2.481,1.885,2.621,1.893,2.340,2.157,1.780,1.937,1.852,1.392,1.830,1.638,2.292,2.690,1.477,1.650
,"    Visitantes Internacionales",420,251,112,181,197,25,231,118,64,49,63,60,103,76,60,184,98,70,28,22
,"Z.A. de Chichén Itzá",1.140.988,1.180.818,1.152.644,1.333.533,1.296.859,1.041.206,938.941,1.329.226,1.454.661,869.525,1.404.324,1.440.003,1.497.673,2.203.417,2.111.875,2.047.922,2.107.410,2.677.858,2.743.554,2.365.554
,"    Visitantes Nacionales",652.593,702.905,719.232,718.851,505.826,419.237,405.860,602.004,593.552,488.614,734.631,785.588,924.335,1.229.908,990.427,802.676,552.141,1.047.296,873.032,827.855
,"    Visitantes Internacionales",488.395,477.913,433.412,614.682,791.033,621.969,533.081,727.222,861.109,380.911,669.693,654.415,573.338,973.509,1.121.448,1.245.246,1.555.269,1.630.562,1.870.522,1.537.699
,"Z.A. de Dzibilchaltún con museo del Pueblo Maya",54.377,58.410,69.455,78.135,100.481,91.467,96.230,108.589,149.824,133.259,189.787,180.194,110.855,97.305,102.424,94.067,132.843,138.951,149.556,165.300
,"    Visitantes Nacionales",41.958,48.491,59.025,58.007,75.235,70.755,71.821,86.066,116.053,111.582,168.338,165.502,91.993,74.569,77.334,70.701,95.586,99.137,116.759,132.510
,"    Visitantes Internacionales",12.419,9.919,10.430,20.128,25.246,20.712,24.409,22.523,33.771,21.677,21.449,14.692,18.862,22.736,25.090,23.366,37.257,39.814,32.797,32.790
,"Z.A. de Ekbalam",27.184,33.054,35.058,47.689,58.120,54.871,61.364,82.425,92.969,71.671,122.498,124.698,168.695,158.277,179.817,157.747,164.589,180.267,192.590,171.373
,"    Visitantes Nacionales",21.092,21.889,18.818,25.530,23.604,24.735,30.000,29.573,32.584,30.606,63.393,56.585,67.668,56.589,78.564,63.225,57.248,62.993,70.103,68.799
,"    Visitantes Internacionales",6.092,11.165,16.240,22.159,34.516,30.136,31.364,52.852,60.385,41.065,59.105,68.113,101.027,101.688,101.253,94.522,107.341,117.274,122.487,102.574
,"Z.A. de Izamal",6.604,6.860,6.603,6.942,7.100,6.762,6.003,5.233,5.614,4.469,4.855,5.366,4.898,5.746,9.486,13.096,13.306,20.548,21.807,22.796
,"    Visitantes Nacionales",5.037,5.435,5.166,5.544,5.471,5.293,4.755,5.038,4.698,4.244,4.855,5.116,4.770,5.596,9.329,12.896,12.901,18.167,18.073,17.836
,"    Visitantes Internacionales",1.567,1.425,1.437,1.398,1.629,1.469,1.248,195,916,225,0,250,128,150,157,200,405,2.381,3.734,4.960
,"Z.A. de Kabah",64.576,58.593,51.485,59.462,61.365,49.086,47.265,54.916,54.919,41.404,44.291,41.378,44.587,39.729,41.844,38.333,43.540,46.970,42.879,41.956
,"    Visitantes Nacionales",29.945,27.346,27.899,25.202,22.496,17.776,22.932,22.670,21.327,17.762,21.803,22.161,23.689,22.280,23.581,20.943,24.946,28.152,24.489,24.728
,"    Visitantes Internacionales",34.631,31.247,23.586,34.260,38.869,31.310,24.333,32.246,33.592,23.642,22.488,19.217,20.898,17.449,18.263,17.390,18.594,18.818,18.390,17.228
,"Z.A. de Labná",21.190,23.223,30.598,26.048,25.777,21.112,19.283,20.175,22.896,19.832,19.577,23.274,21.000,17.071,19.375,16.533,18.096,19.021,18.360,15.153
,"    Visitantes Nacionales",13.297,15.941,22.638,17.969,17.737,13.346,13.353,13.395,15.181,13.253,13.775,17.151,14.765,13.064,14.624,12.290,13.664,14.405,14.129,11.193
,"    Visitantes Internacionales",7.893,7.282,7.960,8.079,8.040,7.766,5.930,6.780,7.715,6.579,5.802,6.123,6.235,4.007,4.751,4.243,4.432,4.616,4.231,3.960
,"Z.A. de Loltún",56.613,54.810,48.084,51.763,48.677,41.026,44.349,47.421,38.086,28.907,26.781,34.078,34.340,20.737,27.990,31.838,38.394,38.063,42.314,37.698
,"    Visitantes Nacionales",49.252,48.620,43.431,46.091,44.399,36.822,41.078,43.017,34.238,25.850,22.970,29.417,30.008,18.581,24.523,27.906,33.338,32.947,36.964,32.948
,"    Visitantes Internacionales",7.361,6.190,4.653,5.672,4.278,4.204,3.271,4.404,3.848,3.057,3.811,4.661,4.332,2.156,3.467,3.932,5.056,5.116,5.350,4.750
,"Z.A. de Mayapán",13.958,20.778,17.471,20.690,18.307,15.285,18.496,20.102,19.750,16.890,19.025,17.551,18.852,18.606,19.408,16.441,20.219,26.280,33.660,50.019
,"    Visitantes Nacionales",12.269,18.001,16.260,18.068,15.877,12.902,16.251,16.846,16.423,14.367,15.996,15.101,16.283,15.027,15.834,13.218,16.269,21.107,23.300,27.071
,"    Visitantes Internacionales",1.689,2.777,1.211,2.622,2.430,2.383,2.245,3.256,3.327,2.523,3.029,2.450,2.569,3.579,3.574,3.223,3.950,5.173,10.360,22.948
,"Z.A. de Oxkintok",11.093,15.241,17.273,12.121,9.086,10.750,6.797,10.393,7.770,9.053,9.636,8.534,9.154,7.980,7.047,6.624,7.846,8.981,9.208,7.824
,"    Visitantes Nacionales",10.246,13.922,16.354,11.327,8.298,9.646,6.187,9.445,7.014,8.384,8.542,7.788,8.473,7.369,6.318,5.873,7.113,7.960,8.418,7.084
,"    Visitantes Internacionales",847,1.319,919,794,788,1.104,610,948,756,669,1.094,746,681,611,729,751,733,1.021,790,740
,"Z.A. de Sayil",23.090,27.639,27.634,26.370,26.265,22.346,20.706,19.937,22.044,20.523,17.227,16.093,16.358,15.449,18.471,16.066,19.228,17.933,18.144,16.901
,"    Visitantes Nacionales",15.251,17.239,17.954,14.957,14.112,11.936,11.987,11.324,12.919,13.062,10.894,10.579,10.904,10.664,11.896,10.382,13.187,11.523,11.971,11.297
,"    Visitantes Internacionales",7.839,10.400,9.680,11.413,12.153,10.410,8.719,8.613,9.125,7.461,6.333,5.514,5.454,4.785,6.575,5.684,6.041,6.410,6.173,5.604
,"Z.A. de Uxmal con museo de sitio",356.920,244.441,232.175,269.879,287.744,255.694,266.860,322.604,215.405,198.451,202.991,211.546,239.069,215.498,227.900,218.360,229.224,266.610,284.762,315.921
,"    Visitantes Nacionales",198.460,142.768,141.884,132.813,139.599,123.738,154.823,160.006,85.169,99.838,109.033,120.241,142.545,126.084,138.758,135.540,133.107,152.848,166.704,199.647
,"    Visitantes Internacionales",158.460,101.673,90.291,137.066,148.145,131.956,112.037,162.598,130.236,98.613,93.958,91.305,96.524,89.414,89.142,82.820,96.117,113.762,118.058,116.274
,"Z.A. de Xcambó",0,0,0,0,0,0,0,0,0,0,0,0,0,0,25.747,22.871,25.182,29.999,37.903,47.743
,"    Visitantes Nacionales",0,0,0,0,0,0,0,0,0,0,0,0,0,0,16.330,14.838,15.239,17.759,21.690,24.723
,"    Visitantes Internacionales",0,0,0,0,0,0,0,0,0,0,0,0,0,0,9.417,8.033,9.943,12.240,16.213,23.020
,"Z.A. de Xlapak",15.836,15.845,16.835,10.467,9.745,10.053,10.546,10.362,5.818,6.448,6.243,8.212,6.854,6.066,5.085,7.726,9.886,13.269,12.130,9.232
,"    Visitantes Nacionales",11.391,11.569,14.247,6.763,6.196,7.083,7.603,10.362,5.818,6.448,6.243,6.698,5.939,5.996,4.686,5.881,6.816,10.261,8.849,6.506
,"    Visitantes Internacionales",4.445,4.276,2.588,3.704,3.549,2.970,2.943,0,0,0,0,1.514,915,70,399,1.845,3.070,3.008,3.281,2.726
,,,,,,,,,,,,,,,,,,,,,
"Zacatecas",,55.571,60.551,61.333,63.320,65.551,67.136,69.429,63.646,57.891,44.912,43.294,30.748,28.267,29.344,34.564,35.906,46.872,49.933,50.453,71.536
,"    Visitantes Nacionales",53.172,57.120,58.264,59.701,60.992,62.432,66.215,61.169,56.101,43.895,42.468,29.868,27.926,28.988,34.145,35.440,46.405,49.490,49.781,70.264
,"    Visitantes Internacionales",2.399,3.431,3.069,3.619,4.559,4.704,3.214,2.477,1.790,1.017,826,880,341,356,419,466,467,443,672,1.272
,"Z.A. de Altavista o Chalchihuites con museo de sitio",9.396,10.026,10.059,11.340,12.555,12.858,13.293,11.137,10.370,6.540,6.826,5.303,5.848,5.058,6.702,6.286,6.996,7.336,7.803,8.404
,"    Visitantes Nacionales",9.178,9.710,9.776,11.085,12.230,12.664,12.821,10.911,10.090,6.371,6.728,5.275,5.775,5.003,6.603,6.120,6.845,7.172,7.559,8.217
,"    Visitantes Internacionales",218,316,283,255,325,194,472,226,280,169,98,28,73,55,99,166,151,164,244,187
,"Z.A. de La Quemada con museo de sitio",46.175,50.525,51.274,51.980,52.996,54.278,56.136,52.509,47.521,38.372,36.468,25.445,22.419,24.286,27.862,29.620,39.876,42.597,42.650,44.448
,"    Visitantes Nacionales",43.994,47.410,48.488,48.616,48.762,49.768,53.394,50.258,46.011,37.524,35.740,24.593,22.151,23.985,27.542,29.320,39.560,42.318,42.222,43.962
,"    Visitantes Internacionales",2.181,3.115,2.786,3.364,4.234,4.510,2.742,2.251,1.510,848,728,852,268,301,320,300,316,279,428,486
,"Z.A. de Las Ventanas1/",0,0,0,0,0,0,0,0,0,0,0,0,0,0,0,0,0,0,0,3.075
,"    Visitantes Nacionales",0,0,0,0,0,0,0,0,0,0,0,0,0,0,0,0,0,0,0,2.968
,"    Visitantes Internacionales",0,0,0,0,0,0,0,0,0,0,0,0,0,0,0,0,0,0,0,107
,"Z.A. Cerro del Teúl1/",,,,,,,,,,0,0,0,0,0,0,0,0,0,0,15.609
,"    Visitantes Nacionales",,,,,,,,,,0,0,0,0,0,0,0,0,0,0,15.117
,"    Visitantes Internacionales",,,,,,,,,,0,0,0,0,0,0,0,0,0,0,492
