"aeropuerto",1986,1987,1988,1989,1990,1991,1992,1993,1994,1995,1996,1997,1998,1999,2000,2001,2002,2003,2004,2005,2006,2007,2008,2009,2010,2011,2012,2013,2014,2015,2016,2017,2018,2019
"Acapulco, Gro.",9269,9499,7938,7856,8116,8002,748640,8508,9151,8446,7797,7494,6833,6711,5521,6410,5893,5544,5473,6144,6906,7320,7484,6229,5584,4651,4346,4689,4982,5378,5158,4629,4781,5892
"   Nacionales",,,4870,4390,4889,5550,512695,6599,7473,6451,5982,5385,5022,4850,3925,5043,4830,4622,4457,4818,5391,5827,6317,5250,4767,4126,3993,4355,4680,5102,4958,4413,4594,5703
"   Internacionales",,,3068,3466,3227,2452,235945,1909,1678,1995,1815,2109,1811,1861,1596,1367,1063,922,1016,1326,1515,1493,1167,979,817,525,353,334,302,276,200,216,187,189
"   Regulares",8709,8794,7291,6925,7302,7586,684706,8166,8610,8012,7164,6774,5914,5732,4703,5923,5496,5102,5031,5613,6347,6897,7138,5970,5372,4502,4304,4647,4947,5351,5128,4601,4734,5845
"          Nacionales Regulares",6132,5998,4760,4275,4749,5446,508489,6529,7252,6369,5583,5344,4972,4739,3737,4950,4685,4429,4272,4606,5152,5646,6146,5127,4675,4039,3993,4355,4680,5102,4958,4413,4594,5703
"          Internacionales Regulares",2577,2796,2531,2650,2553,2140,176217,1637,1358,1643,1581,1430,942,993,966,973,811,673,759,1007,1195,1251,992,843,697,463,311,292,267,249,170,188,140,142
"   Charters",560,705,647,931,814,416,63934,342,541,434,633,720,919,979,818,487,397,442,442,531,559,423,346,259,212,149,42,42,35,27,30,28,47,47
"         Charters Nacionales",0,0,110,115,140,104,4206,70,221,82,399,41,50,111,188,93,145,193,185,212,239,181,171,123,92,87,0,0,0,0,0,0,0,0
"         Charters Internacionales",0,0,537,816,674,312,59728,272,320,352,234,679,869,868,630,394,252,249,257,319,320,242,175,136,120,62,42,42,35,27,30,28,47,47
"Aguascalientes, Ags.",1250,1343,1189,1445,1665,2201,136279,3354,3214,3770,4242,4337,4256,4328,4158,4219,4301,3786,3906,3642,3699,4372,4491,3245,3404,3677,4333,4422,5006,5171,5189,5414,6358,5552
"   Nacionales",,,1189,1445,1665,2196,136229,3354,3214,3770,4242,4334,4256,4247,3782,3488,3419,2911,2692,2182,2172,2935,3325,2484,2608,2539,2989,3104,3769,3928,3918,3947,4746,3872
"   Internacionales",,,0,0,0,5,50,0,0,0,0,3,0,81,376,731,882,875,1214,1460,1527,1437,1166,761,796,1138,1344,1318,1237,1243,1271,1467,1612,1680
"   Regulares",1250,1343,1189,1445,1665,2201,136239,3318,3181,3770,4242,4334,4256,4316,4152,4214,4296,3755,3850,3580,3645,4327,4414,3217,3372,3652,4312,4394,4992,5165,5183,5400,6339,5549
"          Nacionales Regulares",1250,1343,1189,1445,1665,2196,136195,3318,3181,3770,4242,4334,4256,4237,3776,3484,3415,2881,2640,2121,2119,2890,3249,2456,2577,2516,2968,3078,3758,3922,3912,3934,4729,3869
"          Internacionales Regulares",0,0,0,0,0,5,44,0,0,0,0,0,0,79,376,730,881,874,1210,1459,1526,1437,1165,761,795,1136,1344,1316,1234,1243,1271,1466,1610,1680
"   Charters",0,0,0,0,0,0,40,36,33,0,0,3,0,12,6,5,5,31,56,62,54,45,77,28,32,25,21,28,14,6,6,14,19,3
"         Charters Nacionales",0,0,0,0,0,0,34,36,33,0,0,0,0,10,6,4,4,30,52,61,53,45,76,28,31,23,21,26,11,6,6,13,17,3
"         Charters Internacionales",0,0,0,0,0,0,6,0,0,0,0,3,0,2,0,1,1,1,4,1,1,0,1,0,1,2,0,2,3,0,0,1,2,0
"Bahías de Huatulco, Oax.",0,24,353,862,1248,2090,173291,2083,2246,2507,2425,2350,2149,2018,2380,2337,2124,1450,1596,1972,2244,2255,2217,2200,2158,2713,2332,2545,3141,3470,3869,4138,4166,4485
"   Nacionales",,,320,732,1073,1910,160434,1938,1833,2321,2115,2081,1902,1809,2197,2206,2048,1375,1513,1756,1936,1928,1905,1924,1865,2375,2040,2133,2711,3042,3406,3622,3723,4050
"   Internacionales",,,33,130,175,180,12857,145,413,186,310,269,247,209,183,131,76,75,83,216,308,327,312,276,293,338,292,412,430,428,463,516,443,435
"   Regulares",0,22,336,774,1129,2032,163338,1710,1825,1999,1887,1748,1617,1490,1600,1982,1856,1038,987,1560,1758,1845,1735,1961,1970,2428,2090,2292,3086,3464,3868,4138,4165,4484
"          Nacionales Regulares",0,17,309,682,1005,1883,157310,1690,1573,1999,1770,1705,1571,1417,1600,1982,1855,1036,987,1455,1629,1706,1600,1826,1825,2252,1968,2116,2711,3042,3406,3622,3723,4049
"          Internacionales Regulares",0,5,27,92,124,149,6028,20,252,0,117,43,46,73,0,0,1,2,0,105,129,139,135,135,145,176,122,176,375,422,462,516,442,435
"   Charters",0,2,17,88,119,58,9953,373,421,508,538,602,532,528,780,355,268,412,609,412,486,410,482,239,188,285,242,253,55,6,1,0,1,1
"         Charters Nacionales",0,0,11,50,68,27,3124,248,260,322,345,376,331,392,597,224,193,339,526,301,307,222,305,98,40,123,72,17,0,0,0,0,0,1
"         Charters Internacionales",0,0,6,38,51,31,6829,125,161,186,193,226,201,136,183,131,75,73,83,111,179,188,177,141,148,162,170,236,55,6,1,0,1,0
"Campeche, Camp.",281,212,410,739,532,363,27303,566,475,376,366,374,521,739,873,830,689,734,1027,1249,1110,1343,1351,1081,1223,1176,1260,1364,1604,1484,1437,1247,1079,1052
"   Nacionales",,,410,739,532,363,27280,550,461,376,366,374,521,739,873,830,689,734,1025,1245,1108,1338,1344,1081,1223,1176,1260,1364,1604,1484,1437,1247,1079,1052
"   Internacionales",,,0,0,0,0,23,16,14,0,0,0,0,0,0,0,0,0,2,4,2,5,7,0,0,0,0,0,0,0,0,0,0,0
"   Regulares",281,212,410,739,532,363,27303,536,390,358,366,374,521,736,869,829,689,733,1020,1215,1097,1326,1314,1075,1223,1176,1252,1362,1600,1482,1437,1238,1079,1052
"          Nacionales Regulares",281,212,410,739,532,363,27280,520,376,358,366,374,521,736,869,829,689,733,1020,1215,1097,1326,1314,1075,1223,1176,1252,1362,1600,1482,1437,1238,1079,1052
"          Internacionales Regulares",0,0,0,0,0,0,23,16,14,0,0,0,0,0,0,0,0,0,0,0,0,0,0,0,0,0,0,0,0,0,0,0,0,0
"   Charters",0,0,0,0,0,0,0,30,85,18,0,0,0,3,4,1,0,1,7,34,13,17,37,6,0,0,8,2,4,2,0,9,0,0
"         Charters Nacionales",0,0,0,0,0,0,0,30,85,18,0,0,0,3,4,1,0,1,5,30,11,12,30,6,0,0,8,2,4,2,0,9,0,0
"         Charters Internacionales",0,0,0,0,0,0,0,0,0,0,0,0,0,0,0,0,0,0,2,4,2,5,7,0,0,0,0,0,0,0,0,0,0,0
"Cancún, Q. Roo.",8749,9941,8766,10540,19106,21175,2035269,28423,25809,28079,30456,33658,34744,34251,36826,34811,35727,37680,42143,39242,39915,46474,49667,45469,48216,48620,52452,56993,61872,68441,73445,77690,82366,80604
"   Nacionales",,,2293,2721,7557,9398,640212,13384,11668,11089,12157,12612,12621,13598,13416,12243,13448,13630,14326,11742,13801,17432,18456,15754,16803,17012,20535,21826,22923,24068,25964,28446,31038,31075
"   Internacionales",,,6473,7819,11549,11777,1395057,15039,14141,16990,18299,21046,22123,20653,23410,22568,22279,24050,27817,27500,26114,29042,31211,29715,31413,31608,31917,35167,38949,44373,47481,49244,51328,49529
"   Regulares",7595,8623,7573,8989,16928,19108,1781898,20923,16765,18543,20740,25181,25257,23808,25039,24293,27550,28114,32456,30711,31984,37548,42008,39351,43490,43589,47836,52868,58932,64790,70826,76370,80902,79633
"          Nacionales Regulares",3274,3154,2100,2458,7205,9097,609894,12116,9212,9551,9983,11041,10843,11652,11237,10591,12804,12698,13581,10963,12315,14711,16032,13881,15598,15145,18890,20466,22487,23498,25727,28413,30638,31015
"          Internacionales Regulares",4321,5469,5473,6531,9723,10011,1172004,8807,7553,8992,10757,14140,14414,12156,13802,13702,14746,15416,18875,19748,19669,22837,25976,25470,27892,28444,28946,32402,36445,41292,45099,47957,50264,48618
"   Charters",1154,1318,1193,1551,2178,2067,253371,7500,9044,9536,9716,8477,9487,10443,11787,10518,8177,9566,9687,8531,7931,8926,7659,6118,4726,5031,4616,4125,2940,3651,2619,1320,1464,971
"         Charters Nacionales",0,0,193,263,352,301,30318,1268,2456,1538,2174,1571,1778,1946,2179,1652,644,932,745,779,1486,2721,2424,1873,1205,1867,1645,1360,436,570,237,33,400,60
"         Charters Internacionales",0,0,1000,1288,1826,1766,223053,6232,6588,7998,7542,6906,7709,8497,9608,8866,7533,8634,8942,7752,6445,6205,5235,4245,3521,3164,2971,2765,2504,3081,2382,1287,1064,911
"Ciudad del Carmen, Camp.",395,300,242,411,704,846,42318,2003,1594,1175,1099,1009,1028,2048,2667,2519,2469,2656,3303,3292,3904,4208,3468,2680,2285,1983,2293,2448,2605,2955,2960,2085,206039,210863
"   Nacionales",,,242,411,704,844,42316,2003,1594,1175,1099,1009,1028,2048,2648,2519,2458,2570,2755,2594,3258,3674,2927,2153,1870,1580,1866,2022,2142,2514,2633,1985,139718,146866
"   Internacionales",,,0,0,0,2,2,0,0,0,0,0,0,0,19,0,11,86,548,698,646,534,541,527,415,403,427,426,463,441,327,100,66321,63997
"   Regulares",395,300,242,411,704,846,42318,1620,1448,1175,1099,1009,977,2048,2380,2221,2159,2266,3068,3142,3732,3987,3285,2500,2230,1948,2240,2351,2505,2879,2948,2070,206039,210863
"          Nacionales Regulares",395,300,242,411,704,844,42316,1620,1448,1175,1099,1009,977,2048,2380,2221,2159,2266,2703,2562,3205,3629,2923,2137,1868,1580,1866,1987,2142,2513,2633,1985,139718,146866
"          Internacionales Regulares",0,0,0,0,0,2,2,0,0,0,0,0,0,0,0,0,0,0,365,580,527,358,362,363,362,368,374,364,363,366,315,85,66321,63997
"   Charters",0,0,0,0,0,0,0,383,146,0,0,0,51,0,287,298,310,390,235,150,172,221,183,180,55,35,53,97,100,76,12,15,0,0
"         Charters Nacionales",0,0,0,0,0,0,0,383,146,0,0,0,51,0,268,298,299,304,52,32,53,45,4,16,2,0,0,35,0,1,0,0,0,0
"         Charters Internacionales",0,0,0,0,0,0,0,0,0,0,0,0,0,0,19,0,11,86,183,118,119,176,179,164,53,35,53,62,100,75,12,15,0,0
"Ciudad Juárez, Chih.",2009,2086,1113,1174,1806,1559,162986,4114,4659,4950,4872,4869,5073,5555,5443,6154,6350,5880,6358,7088,7046,8873,8307,5309,5185,4934,5168,5221,5187,4960,6516,5899,1832,2031
"   Nacionales",,,1113,1162,1680,1558,162986,3897,4509,4950,4872,4869,5073,5555,5443,6153,6350,5878,6356,7082,7044,8870,8307,5308,5185,4934,5168,5221,5187,4960,6491,5899,1832,2030
"   Internacionales",,,0,12,126,1,0,217,150,0,0,0,0,0,0,1,0,2,2,6,2,3,0,1,0,0,0,0,0,0,25,0,0,1
"   Regulares",2009,2086,1113,1165,1795,1559,162986,4051,4610,4950,4792,4842,5048,5506,5265,6109,6297,5838,6344,7024,6988,8873,8307,5309,4984,4934,5139,5193,5158,4932,6490,5876,1832,2031
"          Nacionales Regulares",2009,2085,1113,1153,1675,1558,162986,3834,4460,4950,4792,4842,5048,5506,5265,6108,6297,5836,6342,7018,6986,8870,8307,5308,4984,4934,5139,5193,5158,4932,6465,5876,1832,2030
"          Internacionales Regulares",0,1,0,12,120,1,0,217,150,0,0,0,0,0,0,1,0,2,2,6,2,3,0,1,0,0,0,0,0,0,25,0,0,1
"   Charters",0,0,0,9,11,0,0,63,49,0,80,27,25,49,178,45,53,42,14,64,58,0,0,0,201,0,29,28,29,28,26,23,0,0
"         Charters Nacionales",0,0,0,9,5,0,0,63,49,0,80,27,25,49,178,45,53,42,14,64,58,0,0,0,201,0,29,28,29,28,26,23,0,0
"         Charters Internacionales",0,0,0,0,6,0,0,0,0,0,0,0,0,0,0,0,0,0,0,0,0,0,0,0,0,0,0,0,0,0,0,0,0,0
"Ciudad Obregón, Son.",1812,1822,1277,1271,1413,2020,68785,2108,3471,4696,4674,3185,3428,3502,3824,3739,3363,2544,2598,2746,3375,3553,2763,1961,2009,1842,1675,1655,1617,1376,1354,1367,7306,7777
"   Nacionales",,,1277,1271,1413,2019,68785,2108,3262,3928,3849,2966,3428,3502,3823,3739,3363,2544,2597,2746,3375,3553,2763,1961,2009,1842,1675,1655,1617,1376,1354,1367,7306,7777
"   Internacionales",,,0,0,0,1,0,0,209,768,825,219,0,0,1,0,0,0,1,0,0,0,0,0,0,0,0,0,0,0,0,0,0,0
"   Regulares",1812,1822,1277,1271,1393,2020,68668,2108,3469,4696,4674,3185,3426,3501,3822,3738,3363,2539,2573,2738,3375,3448,2506,1961,2004,1842,1675,1655,1617,1376,1354,1367,7306,7777
"          Nacionales Regulares",1812,1822,1277,1271,1393,2019,68668,2108,3260,3928,3849,2966,3426,3501,3822,3738,3363,2539,2573,2738,3375,3448,2506,1961,2004,1842,1675,1655,1617,1376,1354,1367,7306,7777
"          Internacionales Regulares",0,0,0,0,0,1,0,0,209,768,825,219,0,0,0,0,0,0,0,0,0,0,0,0,0,0,0,0,0,0,0,0,0,0
"   Charters",0,0,0,0,20,0,117,0,2,0,0,0,2,1,2,1,0,5,25,8,0,105,257,0,5,0,0,0,0,0,0,0,0,0
"         Charters Nacionales",0,0,0,0,20,0,117,0,2,0,0,0,2,1,1,1,0,5,24,8,0,105,257,0,5,0,0,0,0,0,0,0,0,0
"         Charters Internacionales",0,0,0,0,0,0,0,0,0,0,0,0,0,0,1,0,0,0,1,0,0,0,0,0,0,0,0,0,0,0,0,0,0,0
"Ciudad Victoria, Tamps.",436,548,297,409,489,529,16352,660,1049,1460,1112,1100,1096,1275,1488,1380,1461,1322,1326,1196,898,1182,1157,1398,1128,1783,2075,1672,1601,1297,1172,881,1584,1552
"   Nacionales",,,297,409,489,529,16352,660,1049,1460,1112,1100,1096,1275,1488,1380,1461,1322,1326,1196,898,1182,1157,1398,1128,1783,2075,1672,1601,1297,1172,881,1584,1552
"   Internacionales",,,0,0,0,0,0,0,0,0,0,0,0,0,0,0,0,0,0,0,0,0,0,0,0,0,0,0,0,0,0,0,0,0
"   Regulares",436,548,297,409,488,519,16273,660,1034,1454,1098,1097,1095,1275,1488,1380,1461,1321,1326,1177,892,1168,1118,1385,1108,1765,2051,1658,1583,1292,1169,877,1584,1552
"          Nacionales Regulares",436,548,297,409,488,519,16273,660,1034,1454,1098,1097,1095,1275,1488,1380,1461,1321,1326,1177,892,1168,1118,1385,1108,1765,2051,1658,1583,1292,1169,877,1584,1552
"          Internacionales Regulares",0,0,0,0,0,0,0,0,0,0,0,0,0,0,0,0,0,0,0,0,0,0,0,0,0,0,0,0,0,0,0,0,0,0
"   Charters",0,0,0,0,1,10,79,0,15,6,14,3,1,0,0,0,0,1,0,19,6,14,39,13,20,18,24,14,18,5,3,4,0,0
"         Charters Nacionales",0,0,0,0,1,10,79,0,15,6,14,3,1,0,0,0,0,1,0,19,6,14,39,13,20,18,24,14,18,5,3,4,0,0
"         Charters Internacionales",0,0,0,0,0,0,0,0,0,0,0,0,0,0,0,0,0,0,0,0,0,0,0,0,0,0,0,0,0,0,0,0,0,0
"Colima, Col.",0,0,461,706,714,702,28354,1309,1413,1368,1343,1300,1345,1324,1342,1225,1213,1119,1098,1158,1544,2180,1752,1142,943,1115,1390,1392,1675,1532,1647,1328,897,766
"   Nacionales",,,461,706,714,702,28354,1309,1413,1368,1343,1300,1345,1324,1342,1225,1213,1119,1098,1158,1544,2180,1752,1142,943,1115,1390,1392,1675,1532,1647,1328,897,766
"   Internacionales",,,0,0,0,0,0,0,0,0,0,0,0,0,0,0,0,0,0,0,0,0,0,0,0,0,0,0,0,0,0,0,0,0
"   Regulares",0,0,460,706,714,702,28354,1309,1411,1368,1342,1299,1345,1324,1340,1223,1213,1117,1096,1154,1542,2180,1748,1131,933,1111,1390,1383,1675,1532,1645,1324,891,761
"          Nacionales Regulares",0,0,460,706,714,702,28354,1309,1411,1368,1342,1299,1345,1324,1340,1223,1213,1117,1096,1154,1542,2180,1748,1131,933,1111,1390,1383,1675,1532,1645,1324,891,761
"          Internacionales Regulares",0,0,0,0,0,0,0,0,0,0,0,0,0,0,0,0,0,0,0,0,0,0,0,0,0,0,0,0,0,0,0,0,0,0
"   Charters",0,0,1,0,0,0,0,0,2,0,1,1,0,0,2,2,0,2,2,4,2,0,4,11,10,4,0,9,0,0,2,4,6,5
"         Charters Nacionales",0,0,1,0,0,0,0,0,2,0,1,1,0,0,2,2,0,2,2,4,2,0,4,11,10,4,0,9,0,0,2,4,6,5
"         Charters Internacionales",0,0,0,0,0,0,0,0,0,0,0,0,0,0,0,0,0,0,0,0,0,0,0,0,0,0,0,0,0,0,0,0,0,0
"Comitán, Chis.",0,0,0,0,0,0,0,0,0,0,0,0,0,0,0,360,364,229,3,2,0,0,0,0,0,0,0,0,0,0,0,0,1377,1373
"   Nacionales",,,0,0,0,0,0,0,0,0,0,0,0,0,0,360,364,229,3,2,0,0,0,0,0,0,0,0,0,0,0,0,1377,1373
"   Internacionales",,,0,0,0,0,0,0,0,0,0,0,0,0,0,0,0,0,0,0,0,0,0,0,0,0,0,0,0,0,0,0,0,0
"   Regulares",0,0,0,0,0,0,0,0,0,0,0,0,0,0,0,360,364,225,0,0,0,0,0,0,0,0,0,0,0,0,0,0,1375,1372
"          Nacionales Regulares",0,0,0,0,0,0,0,0,0,0,0,0,0,0,0,360,364,225,0,0,0,0,0,0,0,0,0,0,0,0,0,0,1375,1372
"          Internacionales Regulares",0,0,0,0,0,0,0,0,0,0,0,0,0,0,0,0,0,0,0,0,0,0,0,0,0,0,0,0,0,0,0,0,0,0
"   Charters",0,0,0,0,0,0,0,0,0,0,0,0,0,0,0,0,0,4,3,2,0,0,0,0,0,0,0,0,0,0,0,0,2,1
"         Charters Nacionales",0,0,0,0,0,0,0,0,0,0,0,0,0,0,0,0,0,4,3,2,0,0,0,0,0,0,0,0,0,0,0,0,2,1
"         Charters Internacionales",0,0,0,0,0,0,0,0,0,0,0,0,0,0,0,0,0,0,0,0,0,0,0,0,0,0,0,0,0,0,0,0,0,0
"Cozumel, Q. Roo.",2724,3074,2341,2791,2797,3877,241310,8489,6079,5451,5850,5891,5928,4220,4676,4213,3873,3150,3864,3036,1866,2785,2805,1926,1726,1756,3598,3690,3988,4176,4422,4298,0,0
"   Nacionales",,,790,1045,678,1812,148708,6678,4651,4031,4356,4357,4256,3240,3061,2610,2488,1585,1765,1067,436,471,605,320,66,140,2042,2102,2067,2335,2683,2493,0,0
"   Internacionales",,,1551,1746,2119,2065,92602,1811,1428,1420,1494,1534,1672,980,1615,1603,1385,1565,2099,1969,1430,2314,2200,1606,1660,1616,1556,1588,1921,1841,1739,1805,0,0
"   Regulares",2624,2981,2218,2659,2587,3653,222309,7903,5413,4877,5307,5229,5149,3648,3674,3308,3215,2285,3013,2421,1576,2386,2479,1706,1559,1595,3455,3551,3861,4028,4304,4107,0,0
"          Nacionales Regulares",908,1165,784,1041,675,1809,148065,6662,4630,4020,4355,4355,4256,3238,3053,2601,2487,1485,1741,1054,420,401,533,283,44,136,2041,2102,2066,2333,2682,2426,0,0
"          Internacionales Regulares",1716,1816,1434,1618,1912,1844,74244,1241,783,857,952,874,893,410,621,707,728,800,1272,1367,1156,1985,1946,1423,1515,1459,1414,1449,1795,1695,1622,1681,0,0
"   Charters",100,93,123,132,210,224,19001,586,666,574,543,662,779,572,1002,905,658,865,851,615,290,399,326,220,167,161,143,139,127,148,118,191,0,0
"         Charters Nacionales",0,0,6,4,3,3,643,16,21,11,1,2,0,2,8,9,1,100,24,13,16,70,72,37,22,4,1,0,1,2,1,67,0,0
"         Charters Internacionales",0,0,117,128,207,221,18358,570,645,563,542,660,779,570,994,896,657,765,827,602,274,329,254,183,145,157,142,139,126,146,117,124,0,0
"Cuernavaca, Mor.",0,0,0,0,0,0,0,0,402,453,456,914,839,933,1331,1468,1380,851,318,30,233,808,771,0,41,152,199,131,2,0,357,74,4286,2930
"   Nacionales",,,0,0,0,0,0,0,402,453,456,914,839,933,1331,1468,1380,851,318,30,233,808,771,0,41,151,199,131,2,0,357,74,2467,1568
"   Internacionales",,,0,0,0,0,0,0,0,0,0,0,0,0,0,0,0,0,0,0,0,0,0,0,0,1,0,0,0,0,0,0,1819,1362
"   Regulares",0,0,0,0,0,0,0,0,402,453,454,914,839,933,1331,1468,1380,851,318,26,230,795,771,0,40,151,199,131,0,0,357,74,4161,2819
"          Nacionales Regulares",0,0,0,0,0,0,0,0,402,453,454,914,839,933,1331,1468,1380,851,318,26,230,795,771,0,40,151,199,131,0,0,357,74,2466,1487
"          Internacionales Regulares",0,0,0,0,0,0,0,0,0,0,0,0,0,0,0,0,0,0,0,0,0,0,0,0,0,0,0,0,0,0,0,0,1695,1332
"   Charters",0,0,0,0,0,0,0,0,0,0,2,0,0,0,0,0,0,0,0,4,3,13,0,0,1,1,0,0,2,0,0,0,125,111
"         Charters Nacionales",0,0,0,0,0,0,0,0,0,0,2,0,0,0,0,0,0,0,0,4,3,13,0,0,1,0,0,0,2,0,0,0,1,81
"         Charters Internacionales",0,0,0,0,0,0,0,0,0,0,0,0,0,0,0,0,0,0,0,0,0,0,0,0,0,1,0,0,0,0,0,0,124,30
"Culiacán, Sin.",1706,1647,1871,2254,2849,4739,230463,8520,7627,8557,7799,9051,9964,9710,8762,8596,8344,8824,9049,9183,9610,11792,10530,9414,8957,8402,7974,8500,8193,7928,8511,8430,0,5
"   Nacionales",,,1871,2254,2847,4701,219322,8151,7314,8171,7397,8684,9608,9385,8421,8282,8148,8645,8826,8782,9523,11444,10364,9385,8953,8397,7946,8475,8187,7926,8445,8354,0,5
"   Internacionales",,,0,0,2,38,11141,369,313,386,402,367,356,325,341,314,196,179,223,401,87,348,166,29,4,5,28,25,6,2,66,76,0,0
"   Regulares",1706,1643,1871,2253,2809,4612,230139,8502,7601,8546,7753,9049,9960,9710,8755,8574,8344,8824,9037,9183,9610,11792,10530,9414,8957,8397,7967,8499,8193,7928,8511,8426,0,0
"          Nacionales Regulares",1706,1643,1871,2253,2807,4588,219071,8138,7288,8162,7394,8682,9605,9385,8414,8268,8148,8645,8814,8782,9523,11444,10364,9385,8953,8396,7939,8474,8187,7926,8445,8350,0,0
"          Internacionales Regulares",0,0,0,0,2,24,11068,364,313,384,359,367,355,325,341,306,196,179,223,401,87,348,166,29,4,1,28,25,6,2,66,76,0,0
"   Charters",0,4,0,1,40,127,324,18,26,11,46,2,4,0,7,22,0,0,12,0,0,0,0,0,0,5,7,1,0,0,0,4,0,5
"         Charters Nacionales",0,0,0,1,40,113,251,13,26,9,3,2,3,0,7,14,0,0,12,0,0,0,0,0,0,1,7,1,0,0,0,4,0,5
"         Charters Internacionales",0,0,0,0,0,14,73,5,0,2,43,0,1,0,0,8,0,0,0,0,0,0,0,0,0,4,0,0,0,0,0,0,0,0
"Chetumal, Q. Roo.",361,362,82,30,32,366,14935,1425,463,372,319,655,1217,1163,925,706,375,538,686,760,667,708,784,656,515,515,831,654,609,686,818,1194,10267,10406
"   Nacionales",,,82,30,32,310,14290,1425,463,349,319,585,908,973,906,695,375,538,686,755,665,708,784,656,515,515,831,654,609,686,818,1125,10219,10353
"   Internacionales",,,0,0,0,56,645,0,0,23,0,70,309,190,19,11,0,0,0,5,2,0,0,0,0,0,0,0,0,0,0,69,48,53
"   Regulares",361,361,82,30,32,366,13613,1425,459,369,319,655,1217,1156,916,701,375,535,684,749,662,708,782,656,514,515,829,654,609,686,818,1113,10267,10406
"          Nacionales Regulares",361,361,82,30,32,310,12968,1425,459,349,319,585,908,966,900,690,375,535,684,749,662,708,782,656,514,515,829,654,609,686,818,1113,10219,10353
"          Internacionales Regulares",0,0,0,0,0,56,645,0,0,20,0,70,309,190,16,11,0,0,0,0,0,0,0,0,0,0,0,0,0,0,0,0,48,53
"   Charters",0,1,0,0,0,0,1322,0,4,3,0,0,0,7,9,5,0,3,2,11,5,0,2,0,1,0,2,0,0,0,0,81,0,0
"         Charters Nacionales",0,0,0,0,0,0,1322,0,4,0,0,0,0,7,6,5,0,3,2,6,3,0,2,0,1,0,2,0,0,0,0,12,0,0
"         Charters Internacionales",0,0,0,0,0,0,0,0,0,3,0,0,0,0,3,0,0,0,0,5,2,0,0,0,0,0,0,0,0,0,0,69,0,0
"Chihuahua, Chih.",3116,3174,2195,2647,3606,4284,185034,6593,9390,11929,11107,11220,11428,10647,10447,10428,11155,10772,10697,10707,10034,10540,9622,8030,8413,6937,7448,7274,7899,7914,9405,8496,1202,1335
"   Nacionales",,,1928,2631,3122,3646,170216,5730,7905,8954,8842,9004,9291,9022,8996,8786,9811,9667,9798,9433,8937,9103,8105,6862,7326,5865,6306,6210,6820,6817,8313,7376,1202,1335
"   Internacionales",,,267,16,484,638,14818,863,1485,2975,2265,2216,2137,1625,1451,1642,1344,1105,899,1274,1097,1437,1517,1168,1087,1072,1142,1064,1079,1097,1092,1120,0,0
"   Regulares",3116,3174,1939,2630,3492,4280,184866,6587,9269,11783,11063,11182,11242,10555,10090,10338,10972,10679,10600,10603,9714,10377,9557,7804,8262,6722,7444,7268,7899,7914,9405,8494,1197,1332
"          Nacionales Regulares",3111,3084,1927,2630,3011,3642,170054,5730,7792,8937,8798,8966,9205,8930,8639,8696,9628,9574,9702,9329,8617,8940,8050,6638,7186,5666,6302,6204,6820,6817,8313,7374,1197,1332
"          Internacionales Regulares",5,90,12,0,481,638,14812,857,1477,2846,2265,2216,2037,1625,1451,1642,1344,1105,898,1274,1097,1437,1507,1166,1076,1056,1142,1064,1079,1097,1092,1120,0,0
"   Charters",0,0,256,17,114,4,168,6,121,146,44,38,186,92,357,90,183,93,97,104,320,163,65,226,151,215,4,6,0,0,0,2,5,3
"         Charters Nacionales",0,0,1,1,111,4,162,0,113,17,44,38,86,92,357,90,183,93,96,104,320,163,55,224,140,199,4,6,0,0,0,2,5,3
"         Charters Internacionales",0,0,255,16,3,0,6,6,8,129,0,0,100,0,0,0,0,0,1,0,0,0,10,2,11,16,0,0,0,0,0,0,0,0
"Distrito Federal",55965,54173,47192,54351,61199,68713,7483409,107744,132558,113832,110296,114283,128093,131989,136124,137179,143567,144353,146353,147146,157558,169160,164950,156589,150767,153849,168356,172965,181829,190249,199220,201602,9811,10110
"   Nacionales",,,32254,36503,39478,46862,5596849,77568,98078,84888,80274,82152,91969,96254,99153,103196,108090,108076,109356,109392,117633,126782,123441,119223,113636,115346,125594,127290,133923,137534,142697,138444,8664,8717
"   Internacionales",,,14938,17848,21721,21851,1886560,30176,34480,28944,30022,32131,36124,35735,36971,33983,35477,36277,36997,37754,39925,42378,41509,37366,37131,38503,42762,45675,47906,52715,56523,63158,1147,1393
"   Regulares",55906,54147,47137,54285,61076,68508,7470206,107744,132333,113255,108632,114283,128093,131989,136124,137179,143567,144353,146353,147146,157558,169160,164950,156589,150767,153849,168356,172965,181829,190249,199220,201602,9811,10109
"          Nacionales Regulares",42125,38214,32201,36438,39356,46660,5583700,77568,97861,84313,78610,82152,91969,96254,99153,103196,108090,108076,109356,109392,117633,126782,123441,119223,113636,115346,125594,127290,133923,137534,142697,138444,8664,8717
"          Internacionales Regulares",13781,15933,14936,17847,21720,21848,1886506,30176,34472,28942,30022,32131,36124,35735,36971,33983,35477,36277,36997,37754,39925,42378,41509,37366,37131,38503,42762,45675,47906,52715,56523,63158,1147,1392
"   Charters",59,26,55,66,123,205,13203,0,225,577,1664,0,0,0,0,0,0,0,0,0,0,0,0,0,0,0,0,0,0,0,0,0,0,1
"         Charters Nacionales",0,0,53,65,122,202,13149,0,217,575,1664,0,0,0,0,0,0,0,0,0,0,0,0,0,0,0,0,0,0,0,0,0,0,0
"         Charters Internacionales",0,0,2,1,1,3,54,0,8,2,0,0,0,0,0,0,0,0,0,0,0,0,0,0,0,0,0,0,0,0,0,0,0,1
"Durango, Dgo.",1613,1594,881,916,1314,1456,91301,4465,4134,3513,3536,3629,4406,4388,4860,4240,3846,3346,3753,3574,3298,3497,2513,1436,1331,1742,1782,2063,2279,2516,2908,2787,2902,3698
"   Nacionales",,,881,916,1314,1455,91127,4401,3902,3396,3332,3440,4207,4174,4613,3991,3638,3124,3354,3121,2889,3226,2345,1301,1181,1580,1564,1847,2048,2367,2750,2606,2747,3193
"   Internacionales",,,0,0,0,1,174,64,232,117,204,189,199,214,247,249,208,222,399,453,409,271,168,135,150,162,218,216,231,149,158,181,155,505
"   Regulares",1613,1594,881,879,1314,1456,91150,4452,4097,3506,3536,3617,4406,4387,4858,4233,3845,3343,3744,3569,3298,3497,2513,1434,1327,1736,1782,2062,2279,2516,2907,2787,2902,3696
"          Nacionales Regulares",1613,1594,881,879,1314,1455,90983,4390,3869,3391,3332,3428,4207,4173,4611,3984,3637,3121,3345,3116,2889,3226,2345,1299,1177,1574,1564,1846,2048,2367,2749,2606,2747,3191
"          Internacionales Regulares",0,0,0,0,0,1,167,62,228,115,204,189,199,214,247,249,208,222,399,453,409,271,168,135,150,162,218,216,231,149,158,181,155,505
"   Charters",0,0,0,37,0,0,151,13,37,7,0,12,0,1,2,7,1,3,9,5,0,0,0,2,4,6,0,1,0,0,1,0,0,2
"         Charters Nacionales",0,0,0,37,0,0,144,11,33,5,0,12,0,1,2,7,1,3,9,5,0,0,0,2,4,6,0,1,0,0,1,0,0,2
"         Charters Internacionales",0,0,0,0,0,0,7,2,4,2,0,0,0,0,0,0,0,0,0,0,0,0,0,0,0,0,0,0,0,0,0,0,0,0
"Guadalajara, Jal.",21011,19521,16251,18531,23441,28743,2117416,64631,50208,48158,46256,45665,46488,46615,44912,47205,43280,45441,44501,44799,51167,61667,53858,44038,43357,40336,40329,42750,43889,45350,50615,54091,58750,56987
"   Nacionales",,,11973,12614,16231,21295,1467748,64631,42052,40463,37776,37738,38372,38508,35863,37852,32667,37422,33828,33085,38427,48669,42357,33420,32465,28277,28722,30773,31424,32771,36226,40029,43589,41161
"   Internacionales",,,4278,5917,7210,7448,649668,0,8156,7695,8480,7927,8116,8107,9049,9353,10613,8019,10673,11714,12740,12998,11501,10618,10892,12059,11607,11977,12465,12579,14389,14062,15161,15826
"   Regulares",21009,19516,16249,18022,23099,28739,2108824,64631,50099,47373,45218,45313,46452,46434,44689,47192,43256,45380,44501,44799,51167,61667,53858,44037,43357,40335,40329,42750,43889,45349,50614,54088,58736,56976
"          Nacionales Regulares",16877,15286,11971,12442,15961,21292,1459896,64631,41954,40199,37001,37386,38336,38500,35862,37848,32657,37378,33828,33085,38427,48669,42357,33420,32465,28276,28722,30773,31424,32771,36225,40029,43578,41152
"          Internacionales Regulares",4132,4230,4278,5580,7138,7447,648928,0,8145,7174,8217,7927,8116,7934,8827,9344,10599,8002,10673,11714,12740,12998,11501,10617,10892,12059,11607,11977,12465,12578,14389,14059,15158,15824
"   Charters",2,5,2,509,342,4,8592,0,109,785,1038,352,36,181,223,13,24,61,0,0,0,0,0,1,0,1,0,0,0,1,1,3,14,11
"         Charters Nacionales",0,0,2,172,270,3,7852,0,98,264,775,352,36,8,1,4,10,44,0,0,0,0,0,0,0,1,0,0,0,0,1,0,11,9
"         Charters Internacionales",0,0,0,337,72,1,740,0,11,521,263,0,0,173,222,9,14,17,0,0,0,0,0,1,0,0,0,0,0,1,0,3,3,2
"Guaymas, Son.",1150,1046,507,842,827,796,39468,858,1010,1411,1173,1483,1510,1466,1532,1046,696,391,307,336,343,434,786,1376,1419,1434,1363,1076,757,212,0,0,0,0
"   Nacionales",,,199,374,382,368,20374,377,471,911,585,761,827,366,445,544,294,25,0,0,0,121,455,1050,1100,1111,1086,1076,757,212,0,0,0,0
"   Internacionales",,,308,468,445,428,19094,481,539,500,588,722,683,1100,1087,502,402,366,307,336,343,313,331,326,319,323,277,0,0,0,0,0,0,0
"   Regulares",1093,1012,475,781,748,736,31854,728,940,1344,1098,1430,1433,1426,1420,1007,696,379,306,334,343,434,786,1376,1419,1434,1363,1076,757,212,0,0,0,0
"          Nacionales Regulares",722,658,196,366,376,365,20330,370,470,906,582,757,827,366,445,544,294,25,0,0,0,121,455,1050,1100,1111,1086,1076,757,212,0,0,0,0
"          Internacionales Regulares",371,354,279,415,372,371,11524,358,470,438,516,673,606,1060,975,463,402,354,306,334,343,313,331,326,319,323,277,0,0,0,0,0,0,0
"   Charters",57,34,32,61,79,60,7614,130,70,67,75,53,77,40,112,39,0,12,1,2,0,0,0,0,0,0,0,0,0,0,0,0,0,0
"         Charters Nacionales",0,0,3,8,6,3,44,7,1,5,3,4,0,0,0,0,0,0,0,0,0,0,0,0,0,0,0,0,0,0,0,0,0,0
"         Charters Internacionales",0,0,29,53,73,57,7570,123,69,62,72,49,77,40,112,39,0,12,1,2,0,0,0,0,0,0,0,0,0,0,0,0,0,0
"Hermosillo,Son.",3630,3753,2366,3047,3273,4115,259407,6478,10354,12421,13818,13255,13437,13292,15798,16167,15623,14262,14501,13852,14033,14828,12638,10425,9571,9841,9993,10295,10173,8996,9590,8534,8735,8925
"   Nacionales",,,2158,2673,2900,3662,228013,5570,8410,9357,10019,9698,10571,10257,12672,13451,12791,11911,12113,11985,12527,13260,11137,9233,8430,8758,8899,9055,9140,8210,8786,8039,8367,8542
"   Internacionales",,,208,374,373,453,31394,908,1944,3064,3799,3557,2866,3035,3126,2716,2832,2351,2388,1867,1506,1568,1501,1192,1141,1083,1094,1240,1033,786,804,495,368,383
"   Regulares",3629,3752,2364,3047,3272,4115,259133,6470,10235,12420,13813,13253,13437,13284,15725,16167,15623,14257,14487,13840,14027,14827,12631,10423,9564,9838,9970,10289,10171,8993,9586,8521,8731,8925
"          Nacionales Regulares",3254,3368,2156,2673,2899,3662,227773,5562,8346,9356,10016,9696,10571,10249,12599,13451,12791,11909,12099,11974,12521,13259,11132,9232,8425,8756,8879,9051,9139,8209,8782,8026,8363,8542
"          Internacionales Regulares",375,384,208,374,373,453,31360,908,1889,3064,3797,3557,2866,3035,3126,2716,2832,2348,2388,1866,1506,1568,1499,1191,1139,1082,1091,1238,1032,784,804,495,368,383
"   Charters",1,1,2,0,1,0,274,8,119,1,5,2,0,8,73,0,0,5,14,12,6,1,7,2,7,3,23,6,2,3,4,13,4,0
"         Charters Nacionales",0,0,2,0,1,0,240,8,64,1,3,2,0,8,73,0,0,2,14,11,6,1,5,1,5,2,20,4,1,1,4,13,4,0
"         Charters Internacionales",0,0,0,0,0,0,34,0,55,0,2,0,0,0,0,0,0,3,0,1,0,0,2,1,2,1,3,2,1,2,0,0,0,0
"Ixtapa Zihuatanejo, Gro.",3043,3524,3619,3644,3191,3328,309319,3810,5089,4081,4149,4149,4198,4167,4192,4229,4210,3822,3762,3956,4673,4844,4312,4064,3525,3432,3147,2788,3267,3528,3443,3614,3343,3639
"   Nacionales",,,3051,3017,2734,3013,276342,3321,4559,3601,3503,3251,3058,2975,3041,3066,3170,2752,2458,2563,2946,3164,3035,2888,2471,2586,2343,2019,2355,2537,2500,2704,2461,2822
"   Internacionales",,,568,627,457,315,32977,489,530,480,646,941,1140,1192,1151,1163,1040,1070,1304,1393,1727,1680,1277,1176,1054,846,804,769,912,991,943,910,882,817
"   Regulares",2902,3306,3344,3416,3048,3223,290954,3153,4121,3193,3026,3056,3117,2844,3003,3656,3866,3513,3362,3514,4171,4423,4008,3916,3449,3321,3001,2651,3067,3298,3180,3366,3093,3437
"          Nacionales Regulares",2780,3047,2945,2946,2695,2981,273292,2958,3982,3145,2866,2730,2547,2340,2415,2955,3155,2752,2408,2433,2749,2937,2838,2819,2458,2561,2343,2014,2351,2535,2500,2704,2461,2822
"          Internacionales Regulares",122,259,399,470,353,242,17662,195,139,48,160,326,570,504,588,701,711,761,954,1081,1422,1486,1170,1097,991,760,658,637,716,763,680,662,632,615
"   Charters",141,218,275,228,143,105,18365,657,968,888,1123,1136,1081,1323,1189,573,344,309,400,442,502,421,304,148,76,111,146,137,200,230,263,248,250,202
"         Charters Nacionales",0,0,106,71,39,32,3050,363,577,456,637,521,511,635,626,111,15,0,50,130,197,227,197,69,13,25,0,5,4,2,0,0,0,0
"         Charters Internacionales",0,0,169,157,104,73,15315,294,391,432,486,615,570,688,563,462,329,309,350,312,305,194,107,79,63,86,146,132,196,228,263,248,250,202
"(4) Ixtepec, Oax",0,0,0,0,0,0,0,0,0,0,0,0,0,0,0,613,120,0,0,0,0,0,0,0,0,0,0,0,0,0,0,199,692,646
"   Nacionales",,,0,0,0,0,0,0,0,0,0,0,0,0,0,613,120,0,0,0,0,0,0,0,0,0,0,0,0,0,0,199,692,646
"   Internacionales",,,0,0,0,0,0,0,0,0,0,0,0,0,0,0,0,0,0,0,0,0,0,0,0,0,0,0,0,0,0,0,0,0
"   Regulares",0,0,0,0,0,0,0,0,0,0,0,0,0,0,0,612,120,0,0,0,0,0,0,0,0,0,0,0,0,0,0,199,689,644
"          Nacionales Regulares",0,0,0,0,0,0,0,0,0,0,0,0,0,0,0,612,120,0,0,0,0,0,0,0,0,0,0,0,0,0,0,199,689,644
"          Internacionales Regulares",0,0,0,0,0,0,0,0,0,0,0,0,0,0,0,0,0,0,0,0,0,0,0,0,0,0,0,0,0,0,0,0,0,0
"   Charters",0,0,0,0,0,0,0,0,0,0,0,0,0,0,0,1,0,0,0,0,0,0,0,0,0,0,0,0,0,0,0,0,3,2
"         Charters Nacionales",0,0,0,0,0,0,0,0,0,0,0,0,0,0,0,1,0,0,0,0,0,0,0,0,0,0,0,0,0,0,0,0,3,2
"         Charters Internacionales",0,0,0,0,0,0,0,0,0,0,0,0,0,0,0,0,0,0,0,0,0,0,0,0,0,0,0,0,0,0,0,0,0,0
"La Paz, B.C.S.",4513,4490,3844,4799,4811,4433,186297,5394,5401,6196,6493,6920,6744,6665,6736,6566,6507,5446,6073,5956,5944,8408,6631,4031,4315,3409,3248,3415,3364,4325,6724,6010,5988,5441
"   Nacionales",,,3614,4406,4426,4025,175752,5061,5383,5855,6183,6646,6450,6278,6385,6307,6304,5275,5837,5721,5784,7962,6301,3772,4143,3223,3089,3328,3336,4310,6709,5996,5980,5420
"   Internacionales",,,230,393,385,408,10545,333,18,341,310,274,294,387,351,259,203,171,236,235,160,446,330,259,172,186,159,87,28,15,15,14,8,21
"   Regulares",4506,4471,3832,4788,4811,4389,185323,5381,5387,6194,6492,6919,6742,6665,6717,6566,6505,5444,6060,5956,5944,8408,6631,4031,4315,3409,3242,3415,3364,4325,6724,6002,5978,5425
"          Nacionales Regulares",4240,4103,3611,4406,4426,3981,174843,5059,5371,5853,6182,6646,6448,6278,6366,6307,6302,5273,5824,5721,5784,7962,6301,3772,4143,3223,3083,3328,3336,4310,6709,5988,5977,5418
"          Internacionales Regulares",266,368,221,382,385,408,10480,322,16,341,310,273,294,387,351,259,203,171,236,235,160,446,330,259,172,186,159,87,28,15,15,14,1,7
"   Charters",7,19,12,11,0,44,974,13,14,2,1,1,2,0,19,0,2,2,13,0,0,0,0,0,0,0,6,0,0,0,0,8,10,16
"         Charters Nacionales",0,0,3,0,0,44,909,2,12,2,1,0,2,0,19,0,2,2,13,0,0,0,0,0,0,0,6,0,0,0,0,8,3,2
"         Charters Internacionales",0,0,9,11,0,0,65,11,2,0,0,1,0,0,0,0,0,0,0,0,0,0,0,0,0,0,0,0,0,0,0,0,7,14
"(1) Lázaro Cárdenas, Mich.",0,0,0,0,0,0,26907,0,0,0,0,0,0,0,0,0,0,0,0,0,0,0,0,0,0,0,0,0,0,0,0,0,0,0
"   Nacionales",0,0,0,0,0,0,26907,0,0,0,0,0,0,0,0,0,0,0,0,0,0,0,0,0,0,0,0,0,0,0,0,0,0,0
"   Internacionales",0,0,0,0,0,0,0,0,0,0,0,0,0,0,0,0,0,0,0,0,0,0,0,0,0,0,0,0,0,0,0,0,0,0
"   Regulares",0,0,0,0,0,0,26907,0,0,0,0,0,0,0,0,0,0,0,0,0,0,0,0,0,0,0,0,0,0,0,0,0,0,0
"          Nacionales Regulares",0,0,0,0,0,0,26907,0,0,0,0,0,0,0,0,0,0,0,0,0,0,0,0,0,0,0,0,0,0,0,0,0,0,0
"          Internacionales Regulares",0,0,0,0,0,0,0,0,0,0,0,0,0,0,0,0,0,0,0,0,0,0,0,0,0,0,0,0,0,0,0,0,0,0
"   Charters",0,0,0,0,0,0,0,0,0,0,0,0,0,0,0,0,0,0,0,0,0,0,0,0,0,0,0,0,0,0,0,0,0,0
"         Charters Nacionales",0,0,0,0,0,0,0,0,0,0,0,0,0,0,0,0,0,0,0,0,0,0,0,0,0,0,0,0,0,0,0,0,0,0
"         Charters Internacionales",0,0,0,0,0,0,0,0,0,0,0,0,0,0,0,0,0,0,0,0,0,0,0,0,0,0,0,0,0,0,0,0,0,0
"León, Gto. (Bajío)",1592,1675,1284,1206,1831,3019,271749,8362,10446,7268,6754,7016,7938,9052,9261,8849,8263,8662,8387,9468,9991,11308,9439,8537,8308,7478,7603,7636,9184,11061,11729,11966,12893,13800
"   Nacionales",,,1284,1206,1614,2697,222953,7543,9380,6127,5565,5578,6231,7210,7120,6647,6551,6726,6216,6364,6420,7246,5777,5292,5131,3847,4292,4365,5485,6876,7458,7862,8471,9349
"   Internacionales",,,0,0,217,322,48796,819,1066,1141,1189,1438,1707,1842,2141,2202,1712,1936,2171,3104,3571,4062,3662,3245,3177,3631,3311,3271,3699,4185,4271,4104,4422,4451
"   Regulares",1592,1675,1284,1206,1827,2780,269502,8225,10232,7186,6616,6817,7759,8804,9246,8849,8257,8662,8381,9468,9991,11308,9425,8536,8306,7478,7593,7634,9174,11057,11729,11966,12893,13800
"          Nacionales Regulares",1592,1675,1284,1206,1610,2458,220706,7408,9184,6046,5427,5379,6052,6972,7118,6647,6551,6726,6210,6364,6420,7246,5763,5292,5129,3847,4283,4364,5475,6872,7458,7862,8471,9349
"          Internacionales Regulares",0,0,0,0,217,322,48796,817,1048,1140,1189,1438,1707,1832,2128,2202,1706,1936,2171,3104,3571,4062,3662,3244,3177,3631,3310,3270,3699,4185,4271,4104,4422,4451
"   Charters",0,0,0,0,4,239,2247,137,214,82,138,199,179,248,15,0,6,0,6,0,0,0,14,1,2,0,10,2,10,4,0,0,0,0
"         Charters Nacionales",0,0,0,0,4,239,2247,135,196,81,138,199,179,238,2,0,0,0,6,0,0,0,14,0,2,0,9,1,10,4,0,0,0,0
"         Charters Internacionales",0,0,0,0,0,0,0,2,18,1,0,0,0,10,13,0,6,0,0,0,0,0,0,1,0,0,1,1,0,0,0,0,0,0
"(2) Loma Bonita, Oax.",0,0,0,0,0,0,0,0,0,0,0,0,0,0,0,0,0,4,0,0,0,0,0,0,0,0,0,0,0,0,0,0,0,0
"   Nacionales",,,0,0,0,0,0,0,0,0,0,0,0,0,0,0,0,4,0,0,0,0,0,0,0,0,0,0,0,0,0,0,0,0
"   Internacionales",,,0,0,0,0,0,0,0,0,0,0,0,0,0,0,0,0,0,0,0,0,0,0,0,0,0,0,0,0,0,0,0,0
"   Regulares",0,0,0,0,0,0,0,0,0,0,0,0,0,0,0,0,0,0,0,0,0,0,0,0,0,0,0,0,0,0,0,0,0,0
"          Nacionales Regulares",0,0,0,0,0,0,0,0,0,0,0,0,0,0,0,0,0,0,0,0,0,0,0,0,0,0,0,0,0,0,0,0,0,0
"          Internacionales Regulares",0,0,0,0,0,0,0,0,0,0,0,0,0,0,0,0,0,0,0,0,0,0,0,0,0,0,0,0,0,0,0,0,0,0
"   Charters",0,0,0,0,0,0,0,0,0,0,0,0,0,0,0,0,0,4,0,0,0,0,0,0,0,0,0,0,0,0,0,0,0,0
"         Charters Nacionales",0,0,0,0,0,0,0,0,0,0,0,0,0,0,0,0,0,4,0,0,0,0,0,0,0,0,0,0,0,0,0,0,0,0
"         Charters Internacionales",0,0,0,0,0,0,0,0,0,0,0,0,0,0,0,0,0,0,0,0,0,0,0,0,0,0,0,0,0,0,0,0,0,0
"Loreto, B.C.S.",766,674,202,410,620,803,22478,740,734,666,1293,1253,1280,1175,1130,1123,1433,1170,1083,1245,1028,1260,955,261,350,454,346,571,523,574,568,572,625,747
"   Nacionales",,,111,210,258,438,5945,372,365,493,723,752,741,770,721,762,1235,896,764,883,753,717,570,52,122,198,120,206,196,233,334,333,388,480
"   Internacionales",,,91,200,362,365,16533,368,369,173,570,501,539,405,409,361,198,274,319,362,275,543,385,209,228,256,226,365,327,341,234,239,237,267
"   Regulares",764,672,202,410,616,785,22456,731,727,666,1269,1140,1122,1081,1083,1064,1432,1164,1048,1243,1028,1257,955,209,227,252,220,433,343,458,568,572,625,747
"          Nacionales Regulares",585,506,111,210,256,420,5923,370,364,493,714,735,733,720,721,762,1234,896,764,881,753,714,570,0,0,0,0,80,38,144,334,333,388,480
"          Internacionales Regulares",179,166,91,200,360,365,16533,361,363,173,555,405,389,361,362,302,198,268,284,362,275,543,385,209,227,252,220,353,305,314,234,239,237,267
"   Charters",2,2,0,0,4,18,22,9,7,0,24,113,158,94,47,59,1,6,35,2,0,3,0,52,123,202,126,138,180,116,0,0,0,0
"         Charters Nacionales",0,0,0,0,2,18,22,2,1,0,9,17,8,50,0,0,1,0,0,2,0,3,0,52,122,198,120,126,158,89,0,0,0,0
"         Charters Internacionales",0,0,0,0,2,0,0,7,6,0,15,96,150,44,47,59,0,6,35,0,0,0,0,0,1,4,6,12,22,27,0,0,0,0
"Los Cabos, B.C.S.",3137,3042,2468,3523,4719,4801,296137,4541,4816,5478,7113,7494,7629,7313,7675,7928,8622,9122,10421,13503,14380,15454,14722,13894,13392,12650,13725,14688,14036,15594,17022,20111,20426,20107
"   Nacionales",,,1472,1929,1762,1394,79279,1461,940,998,1685,1850,2075,1943,1714,1770,2227,2845,3086,3548,4091,5207,5458,5322,4793,4185,4779,4567,4528,4648,5919,6705,6938,7135
"   Internacionales",,,996,1594,2957,3407,216858,3080,3876,4480,5428,5644,5554,5370,5961,6158,6395,6277,7335,9955,10289,10247,9264,8572,8599,8465,8946,10121,9508,10946,11103,13406,13488,12972
"   Regulares",3128,3018,2425,3333,4500,4720,281047,3827,3947,4247,6241,6743,6938,6840,7127,7547,8077,8446,10044,12698,13417,14781,14034,13444,12974,12121,13240,14243,13662,15185,16552,19472,19887,19319
"          Nacionales Regulares",2075,2013,1466,1911,1734,1381,78073,1395,843,911,1546,1694,1913,1892,1646,1676,1946,2430,2863,3108,3550,4904,5122,5093,4597,3983,4690,4509,4511,4629,5897,6690,6933,7111
"          Internacionales Regulares",1053,1005,959,1422,2766,3339,202974,2432,3104,3336,4695,5049,5025,4948,5481,5871,6131,6016,7181,9590,9867,9877,8912,8351,8377,8138,8550,9734,9151,10556,10655,12782,12954,12208
"   Charters",9,24,43,190,219,81,15090,714,869,1231,872,751,691,473,548,381,545,676,377,805,963,673,688,450,418,529,485,445,374,409,470,639,539,788
"         Charters Nacionales",0,0,6,18,28,13,1206,66,97,87,139,156,162,51,68,94,281,415,223,440,541,303,336,229,196,202,89,58,17,19,22,15,5,24
"         Charters Internacionales",0,0,37,172,191,68,13884,648,772,1144,733,595,529,422,480,287,264,261,154,365,422,370,352,221,222,327,396,387,357,390,448,624,534,764
"Los Mochis, Sin.",2031,2055,2155,2246,2228,2703,109458,4125,4282,4408,5223,5145,4894,4790,5096,4794,4720,4809,4718,4279,4193,5799,3742,3007,3029,2234,2033,2050,1780,1663,3294,2850,2665,2900
"   Nacionales",,,2155,2246,2219,2700,108345,4125,4275,4408,5223,5145,4894,4790,5096,4794,4720,4809,4718,4279,4193,5703,3693,3007,3029,2234,2033,2050,1780,1663,3294,2850,2665,2900
"   Internacionales",,,0,0,9,3,1113,0,7,0,0,0,0,0,0,0,0,0,0,0,0,96,49,0,0,0,0,0,0,0,0,0,0,0
"   Regulares",2031,2054,2155,2246,2228,2680,109426,4125,4272,4408,5222,5143,4894,4790,5091,4792,4720,4809,4712,4262,4191,5799,3742,3007,3029,2234,2033,2050,1780,1511,2135,1607,1327,1597
"          Nacionales Regulares",2031,2053,2155,2246,2219,2677,108313,4125,4265,4408,5222,5143,4894,4790,5091,4792,4720,4809,4712,4262,4191,5703,3693,3007,3029,2234,2033,2050,1780,1511,2135,1607,1327,1597
"          Internacionales Regulares",0,1,0,0,9,3,1113,0,7,0,0,0,0,0,0,0,0,0,0,0,0,96,49,0,0,0,0,0,0,0,0,0,0,0
"   Charters",0,1,0,0,0,23,32,0,10,0,1,2,0,0,5,2,0,0,6,17,2,0,0,0,0,0,0,0,0,152,1159,1243,1338,1303
"         Charters Nacionales",0,0,0,0,0,23,32,0,10,0,1,2,0,0,5,2,0,0,6,17,2,0,0,0,0,0,0,0,0,152,1159,1243,1338,1303
"         Charters Internacionales",0,0,0,0,0,0,0,0,0,0,0,0,0,0,0,0,0,0,0,0,0,0,0,0,0,0,0,0,0,0,0,0,0,0
"Manzanillo, Col.",2249,2306,1867,1945,1917,1543,119591,2329,2020,2942,3186,2764,2571,2110,2680,2460,1930,2134,2179,2368,2252,2454,2069,1659,1704,1876,2132,2150,2132,1943,1795,1400,1046,1078
"   Nacionales",,,1427,1520,1643,1357,94390,1847,1751,2532,2581,2132,1915,1493,1940,1702,1483,1545,1454,1670,1621,1670,1472,1199,1265,1479,1740,1772,1733,1474,1464,1090,777,780
"   Internacionales",,,440,425,274,186,25201,482,269,410,605,632,656,617,740,758,447,589,725,698,631,784,597,460,439,397,392,378,399,469,331,310,269,298
"   Regulares",2174,2088,1674,1759,1718,1427,101645,2126,1721,2653,2913,2507,2319,1925,2405,2175,1785,1966,2011,2103,2029,2254,1867,1556,1601,1749,2026,2061,2104,1871,1731,1398,1038,1078
"          Nacionales Regulares",2164,2030,1410,1500,1623,1352,92775,1826,1721,2501,2571,2130,1915,1493,1911,1665,1465,1486,1408,1587,1529,1625,1410,1188,1212,1406,1719,1727,1731,1456,1437,1088,769,780
"          Internacionales Regulares",10,58,264,259,95,75,8870,300,0,152,342,377,404,432,494,510,320,480,603,516,500,629,457,368,389,343,307,334,373,415,294,310,269,298
"   Charters",75,218,193,186,199,116,17946,203,299,289,273,257,252,185,275,285,145,168,168,265,223,200,202,103,103,127,106,89,28,72,64,2,8,0
"         Charters Nacionales",0,0,17,20,20,5,1615,21,30,31,10,2,0,0,29,37,18,59,46,83,92,45,62,11,53,73,21,45,2,18,27,2,8,0
"         Charters Internacionales",0,0,176,166,179,111,16331,182,269,258,263,255,252,185,246,248,127,109,122,182,131,155,140,92,50,54,85,44,26,54,37,0,0,0
"Matamoros, Tamps.",711,661,414,366,369,583,40497,472,682,877,780,1083,1058,1064,1401,1045,1020,986,853,636,361,610,688,626,648,926,1236,1216,1045,1068,970,659,427,371
"   Nacionales",,,414,366,368,583,40470,472,682,877,780,1083,1058,1064,1401,1045,1020,986,853,636,361,610,688,626,648,926,1236,1211,1026,1061,970,659,427,371
"   Internacionales",,,0,0,1,0,27,0,0,0,0,0,0,0,0,0,0,0,0,0,0,0,0,0,0,0,0,5,19,7,0,0,0,0
"   Regulares",711,661,414,366,369,541,40497,471,679,877,780,1083,1058,1063,1401,1043,1018,986,853,633,360,609,688,626,648,926,1235,1200,1000,1043,961,659,422,371
"          Nacionales Regulares",711,661,414,366,368,541,40470,471,679,877,780,1083,1058,1063,1401,1043,1018,986,853,633,360,609,688,626,648,926,1235,1200,1000,1043,961,659,422,371
"          Internacionales Regulares",0,0,0,0,1,0,27,0,0,0,0,0,0,0,0,0,0,0,0,0,0,0,0,0,0,0,0,0,0,0,0,0,0,0
"   Charters",0,0,0,0,0,42,0,1,3,0,0,0,0,1,0,2,2,0,0,3,1,1,0,0,0,0,1,16,45,25,9,0,5,0
"         Charters Nacionales",0,0,0,0,0,42,0,1,3,0,0,0,0,1,0,2,2,0,0,3,1,1,0,0,0,0,1,11,26,18,9,0,5,0
"         Charters Internacionales",0,0,0,0,0,0,0,0,0,0,0,0,0,0,0,0,0,0,0,0,0,0,0,0,0,0,0,5,19,7,0,0,0,0
"Mazatlán , Sin.",7648,7389,6898,8070,8392,9217,443556,15890,8839,9498,8643,8585,8652,7754,8131,8147,7631,7434,8038,8640,8024,8925,8423,6258,5475,4886,4263,4379,4598,4644,5982,5129,5550,5921
"   Nacionales",,,4261,4817,5265,6114,298180,12205,6757,7555,6619,6552,6283,6249,6309,6340,6043,5685,5973,6300,5522,6233,6169,4259,3553,2998,2846,3192,3377,3150,4496,3663,4032,4488
"   Internacionales",,,2637,3253,3127,3103,145376,3685,2082,1943,2024,2033,2369,1505,1822,1807,1588,1749,2065,2340,2502,2692,2254,1999,1922,1888,1417,1187,1221,1494,1486,1466,1518,1433
"   Regulares",7461,7082,6484,7337,7799,8962,430005,13794,7708,8449,7467,7419,7117,6962,7339,7497,6788,6333,7026,7415,6767,7975,7536,5734,5143,4620,4162,4242,4480,4498,5803,4923,5349,5724
"          Nacionales Regulares",5352,4771,4172,4600,5143,6039,291855,11294,6499,7153,6199,6140,5973,5896,5930,6026,5419,4846,5149,5312,4545,5528,5450,4048,3494,2867,2827,3179,3367,3137,4475,3653,4032,4487
"          Internacionales Regulares",2109,2311,2312,2737,2656,2923,138150,2500,1209,1296,1268,1279,1144,1066,1409,1471,1369,1487,1877,2103,2222,2447,2086,1686,1649,1753,1335,1063,1113,1361,1328,1270,1317,1237
"   Charters",187,307,414,733,593,255,13551,2096,1131,1049,1176,1166,1535,792,792,650,843,1101,1012,1225,1257,950,887,524,332,266,101,137,118,146,179,206,201,197
"         Charters Nacionales",0,0,89,217,122,75,6325,911,258,402,420,412,310,353,379,314,624,839,824,988,977,705,719,211,59,131,19,13,10,13,21,10,0,1
"         Charters Internacionales",0,0,325,516,471,180,7226,1185,873,647,756,754,1225,439,413,336,219,262,188,237,280,245,168,313,273,135,82,124,108,133,158,196,201,196
"Mérida, Yuc.",5483,5418,3575,4318,6629,7797,451904,15121,9606,7907,7579,8124,9627,10141,9285,7598,7219,6908,7594,7037,7491,9944,8805,7489,7320,6307,6984,7214,7939,8723,10172,11475,11239,11476
"   Nacionales",,,2861,3502,5591,6146,371790,12965,8308,7051,6755,6639,7473,8522,7402,6795,6664,6441,7007,6405,6721,9316,8265,6960,6786,5834,6541,6697,7287,7995,9159,10378,10230,10626
"   Internacionales",,,714,816,1038,1651,80114,2156,1298,856,824,1485,2154,1619,1883,803,555,467,587,632,770,628,540,529,534,473,443,517,652,728,1013,1097,1009,850
"   Regulares",5476,5409,3557,4295,6573,7739,446915,15121,9488,7622,7169,7230,8237,9122,8069,7102,6791,6562,7303,6725,7403,9824,8717,7421,7269,6271,6959,7108,7785,8671,10151,11458,11225,11455
"          Nacionales Regulares",4852,4657,2856,3500,5582,6132,369837,12965,8254,7007,6753,6566,7442,8457,7395,6383,6302,6171,6829,6247,6696,9238,8222,6928,6756,5804,6521,6666,7254,7966,9142,10368,10224,10619
"          Internacionales Regulares",624,752,701,795,991,1607,77078,2156,1234,615,416,664,795,665,674,719,489,391,474,478,707,586,495,493,513,467,438,442,531,705,1009,1090,1001,836
"   Charters",7,9,18,23,56,58,4989,0,118,285,410,894,1390,1019,1216,496,428,346,291,312,88,120,88,68,51,36,25,106,154,52,21,17,14,21
"         Charters Nacionales",0,0,5,2,9,14,1953,0,54,44,2,73,31,65,7,412,362,270,178,158,25,78,43,32,30,30,20,31,33,29,17,10,6,7
"         Charters Internacionales",0,0,13,21,47,44,3036,0,64,241,408,821,1359,954,1209,84,66,76,113,154,63,42,45,36,21,6,5,75,121,23,4,7,8,14
"Mexicali, B.C.",814,828,541,519,783,779,120032,1712,1951,1588,2043,2494,2659,2779,3328,2890,2634,3654,4010,3785,3445,3717,3108,2875,2947,2964,2715,2502,2637,2956,3100,3020,4285,4029
"   Nacionales",,,541,518,763,777,119867,1603,1775,1588,2043,2494,2659,2779,3328,2878,2634,3654,4010,3785,3445,3717,3106,2872,2907,2964,2715,2502,2637,2955,3099,3020,4284,4029
"   Internacionales",,,0,1,20,2,165,109,176,0,0,0,0,0,0,12,0,0,0,0,0,0,2,3,40,0,0,0,0,1,1,0,1,0
"   Regulares",814,828,541,519,763,779,119970,1712,1932,1568,2042,2488,2659,2779,3328,2890,2634,3654,4006,3785,3443,3717,3105,2873,2947,2964,2715,2502,2637,2956,3100,3010,4285,4023
"          Nacionales Regulares",811,826,541,518,745,777,119805,1603,1756,1568,2042,2488,2659,2779,3328,2878,2634,3654,4006,3785,3443,3717,3103,2872,2907,2964,2715,2502,2637,2955,3099,3010,4284,4023
"          Internacionales Regulares",3,2,0,1,18,2,165,109,176,0,0,0,0,0,0,12,0,0,0,0,0,0,2,1,40,0,0,0,0,1,1,0,1,0
"   Charters",0,0,0,0,20,0,62,0,19,20,1,6,0,0,0,0,0,0,4,0,2,0,3,2,0,0,0,0,0,0,0,10,0,6
"         Charters Nacionales",0,0,0,0,18,0,62,0,19,20,1,6,0,0,0,0,0,0,4,0,2,0,3,0,0,0,0,0,0,0,0,10,0,6
"         Charters Internacionales",0,0,0,0,2,0,0,0,0,0,0,0,0,0,0,0,0,0,0,0,0,0,0,2,0,0,0,0,0,0,0,0,0,0
"Minatitlán, Ver.",940,751,708,918,1933,2322,116666,2995,2880,2135,1299,1078,1059,1418,1276,968,991,1023,1017,1701,1789,2830,2176,1472,1003,1235,1361,1401,1843,1879,1863,1486,1378,1065
"   Nacionales",,,708,918,1925,2316,115061,2995,2880,2135,1299,1078,1059,1418,1276,968,990,1023,1017,1701,1789,2830,2176,1472,1002,1235,1357,1400,1843,1879,1853,1486,1378,1065
"   Internacionales",,,0,0,8,6,1605,0,0,0,0,0,0,0,0,0,1,0,0,0,0,0,0,0,1,0,4,1,0,0,10,0,0,0
"   Regulares",940,751,708,916,1933,2322,116426,2995,2879,2135,1297,1075,1058,1418,1276,966,984,1019,1003,1693,1779,2821,2168,1472,999,1232,1354,1399,1839,1877,1846,1484,1378,1065
"          Nacionales Regulares",937,751,708,916,1925,2316,114821,2995,2879,2135,1297,1075,1058,1418,1276,966,983,1019,1003,1693,1779,2821,2168,1472,999,1232,1352,1399,1839,1877,1846,1484,1378,1065
"          Internacionales Regulares",3,0,0,0,8,6,1605,0,0,0,0,0,0,0,0,0,1,0,0,0,0,0,0,0,0,0,2,0,0,0,0,0,0,0
"   Charters",0,0,0,2,0,0,240,0,1,0,2,3,1,0,0,2,7,4,14,8,10,9,8,0,4,3,7,2,4,2,17,2,0,0
"         Charters Nacionales",0,0,0,2,0,0,240,0,1,0,2,3,1,0,0,2,7,4,14,8,10,9,8,0,3,3,5,1,4,2,7,2,0,0
"         Charters Internacionales",0,0,0,0,0,0,0,0,0,0,0,0,0,0,0,0,0,0,0,0,0,0,0,0,1,0,2,1,0,0,10,0,0,0
"Monterrey, N.L.",8506,8334,5882,7608,10220,15394,911657,19845,31977,31767,32334,34235,38294,41694,43051,42187,39528,40418,45444,43688,48323,55287,51634,39063,39788,37340,38919,40290,46660,52662,53190,51423,53021,52153
"   Nacionales",,,4153,5087,7072,11773,761618,16002,24037,25723,25319,28203,30245,31495,33695,33595,31219,31095,34739,33746,39467,46699,42747,33099,32528,30127,30943,32069,37866,41334,42363,41349,42886,41890
"   Internacionales",,,1729,2521,3148,3621,150039,3843,7940,6044,7015,6032,8049,10199,9356,8592,8309,9323,10705,9942,8856,8588,8887,5964,7260,7213,7976,8221,8794,11328,10827,10074,10135,10263
"   Regulares",8506,8317,5682,7605,10205,15148,879126,19171,29086,30175,31078,33233,35933,37218,38446,41847,38384,39955,45413,43587,48139,55232,51557,39023,39736,37173,38918,40290,46660,52646,53186,51423,53021,52148
"          Nacionales Regulares",6530,6170,4019,5084,7057,11542,729161,15437,22909,24728,24274,27382,29377,30363,30782,33291,30461,30661,34714,33715,39383,46663,42678,33078,32504,29969,30942,32069,37866,41330,42361,41349,42886,41890
"          Internacionales Regulares",1976,2147,1663,2521,3148,3606,149965,3734,6177,5447,6804,5851,6556,6855,7664,8556,7923,9294,10699,9872,8756,8569,8879,5945,7232,7204,7976,8221,8794,11316,10825,10074,10135,10258
"   Charters",0,17,200,3,15,246,32531,674,2891,1592,1256,1002,2361,4476,4605,340,1144,463,31,101,184,55,77,40,52,167,1,0,0,16,4,0,0,5
"         Charters Nacionales",0,0,134,3,15,231,32457,565,1128,995,1045,821,868,1132,2913,304,758,434,25,31,84,36,69,21,24,158,1,0,0,4,2,0,0,0
"         Charters Internacionales",0,0,66,0,0,15,74,109,1763,597,211,181,1493,3344,1692,36,386,29,6,70,100,19,8,19,28,9,0,0,0,12,2,0,0,5
"Morelia, Mich.",639,684,535,703,1326,2346,73661,3914,6440,5914,6079,5960,6158,5660,6003,5975,5296,4859,5157,6262,5906,5505,5088,4185,3707,3379,3535,3359,3526,3485,3604,3814,4016,4047
"   Nacionales",,,535,703,1256,2344,73593,3758,6217,5263,5152,4883,5071,4493,4628,4915,4576,3930,3967,4426,4149,4035,3698,2847,2539,2111,2068,2105,2152,2053,2153,2285,2254,2049
"   Internacionales",,,0,0,70,2,68,156,223,651,927,1077,1087,1167,1375,1060,720,929,1190,1836,1757,1470,1390,1338,1168,1268,1467,1254,1374,1432,1451,1529,1762,1998
"   Regulares",639,684,535,703,1092,2322,73498,3914,6440,5914,6074,5957,6149,5648,5981,5964,5287,4816,5118,6226,5851,5452,5055,4142,3659,3310,3485,3332,3493,3464,3597,3796,4009,4040
"          Nacionales Regulares",639,684,535,703,1022,2320,73430,3758,6217,5263,5147,4880,5063,4481,4606,4904,4567,3887,3928,4390,4125,3991,3665,2804,2502,2063,2022,2078,2119,2033,2146,2267,2247,2042
"          Internacionales Regulares",0,0,0,0,70,2,68,156,223,651,927,1077,1086,1167,1375,1060,720,929,1190,1836,1726,1461,1390,1338,1157,1247,1463,1254,1374,1431,1451,1529,1762,1998
"   Charters",0,0,0,0,234,24,163,0,0,0,5,3,9,12,22,11,9,43,39,36,55,53,33,43,48,69,50,27,33,21,7,18,7,7
"         Charters Nacionales",0,0,0,0,234,24,163,0,0,0,5,3,8,12,22,11,9,43,39,36,24,44,33,43,37,48,46,27,33,20,7,18,7,7
"         Charters Internacionales",0,0,0,0,0,0,0,0,0,0,0,0,1,0,0,0,0,0,0,0,31,9,0,0,11,21,4,0,0,1,0,0,0,0
"Nogales, Son.",0,0,0,0,1,0,0,0,0,0,0,0,0,0,0,3,20,0,0,0,42,153,0,0,0,0,0,0,0,0,0,0,0,0
"   Nacionales",,,0,0,1,0,0,0,0,0,0,0,0,0,0,3,20,0,0,0,42,153,0,0,0,0,0,0,0,0,0,0,0,0
"   Internacionales",,,0,0,0,0,0,0,0,0,0,0,0,0,0,0,0,0,0,0,0,0,0,0,0,0,0,0,0,0,0,0,0,0
"   Regulares",0,0,0,0,1,0,0,0,0,0,0,0,0,0,0,3,20,0,0,0,42,153,0,0,0,0,0,0,0,0,0,0,0,0
"          Nacionales Regulares",0,0,0,0,1,0,0,0,0,0,0,0,0,0,0,3,20,0,0,0,42,153,0,0,0,0,0,0,0,0,0,0,0,0
"          Internacionales Regulares",0,0,0,0,0,0,0,0,0,0,0,0,0,0,0,0,0,0,0,0,0,0,0,0,0,0,0,0,0,0,0,0,0,0
"   Charters",0,0,0,0,0,0,0,0,0,0,0,0,0,0,0,0,0,0,0,0,0,0,0,0,0,0,0,0,0,0,0,0,0,0
"         Charters Nacionales",0,0,0,0,0,0,0,0,0,0,0,0,0,0,0,0,0,0,0,0,0,0,0,0,0,0,0,0,0,0,0,0,0,0
"         Charters Internacionales",0,0,0,0,0,0,0,0,0,0,0,0,0,0,0,0,0,0,0,0,0,0,0,0,0,0,0,0,0,0,0,0,0,0
"Nuevo Laredo, Tamps.",677,566,356,463,463,522,40501,382,724,726,738,701,674,670,667,659,641,620,843,698,737,667,668,1059,1032,954,955,732,617,660,690,633,387,396
"   Nacionales",,,355,463,463,520,40478,382,724,726,738,701,674,670,667,659,641,618,842,698,737,667,668,1059,1032,954,955,732,617,660,660,633,387,396
"   Internacionales",,,1,0,0,2,23,0,0,0,0,0,0,0,0,0,0,2,1,0,0,0,0,0,0,0,0,0,0,0,30,0,0,0
"   Regulares",677,566,356,463,463,521,40452,382,714,716,717,679,672,667,663,651,640,617,843,694,729,661,663,1047,1030,953,955,732,617,660,660,624,379,396
"          Nacionales Regulares",677,565,355,463,463,520,40429,382,714,716,717,679,672,667,663,651,640,615,842,694,729,661,663,1047,1030,953,955,732,617,660,660,624,379,396
"          Internacionales Regulares",0,1,1,0,0,1,23,0,0,0,0,0,0,0,0,0,0,2,1,0,0,0,0,0,0,0,0,0,0,0,0,0,0,0
"   Charters",0,0,0,0,0,1,49,0,10,10,21,22,2,3,4,8,1,3,0,4,8,6,5,12,2,1,0,0,0,0,30,9,8,0
"         Charters Nacionales",0,0,0,0,0,0,49,0,10,10,21,22,2,3,4,8,1,3,0,4,8,6,5,12,2,1,0,0,0,0,0,9,8,0
"         Charters Internacionales",0,0,0,0,0,1,0,0,0,0,0,0,0,0,0,0,0,0,0,0,0,0,0,0,0,0,0,0,0,0,30,0,0,0
"Oaxaca, Oax.",2908,2775,2123,2703,2946,4269,267024,4284,4874,4280,4959,4966,4314,5089,4486,4484,4443,3790,4378,4166,4372,3990,4953,4488,3637,3082,3675,3336,3596,4099,5568,6468,6429,8041
"   Nacionales",,,2123,2699,2939,4268,266280,4284,4839,4279,4959,4965,4293,5085,4486,4479,4443,3784,4192,3722,3842,3795,4736,4155,3406,2741,3362,3019,3295,3783,5333,6156,6049,7275
"   Internacionales",,,0,4,7,1,744,0,35,1,0,1,21,4,0,5,0,6,186,444,530,195,217,333,231,341,313,317,301,316,235,312,380,766
"   Regulares",2906,2773,2122,2699,2944,4269,266473,4276,4850,4279,4959,4965,4293,5083,4486,4482,4443,3788,4372,4147,4353,3989,4949,4484,3616,3072,3673,3336,3595,4097,5568,6466,6404,8033
"          Nacionales Regulares",2906,2773,2122,2699,2939,4268,265883,4276,4839,4279,4959,4965,4293,5083,4486,4479,4443,3784,4186,3703,3823,3794,4733,4152,3386,2731,3360,3019,3294,3781,5333,6154,6024,7267
"          Internacionales Regulares",0,0,0,0,5,1,590,0,11,0,0,0,0,0,0,3,0,4,186,444,530,195,216,332,230,341,313,317,301,316,235,312,380,766
"   Charters",2,2,1,4,2,0,551,8,24,1,0,1,21,6,0,2,0,2,6,19,19,1,4,4,21,10,2,0,1,2,0,2,25,8
"         Charters Nacionales",0,0,1,0,0,0,397,8,0,0,0,0,0,2,0,0,0,0,6,19,19,1,3,3,20,10,2,0,1,2,0,2,25,8
"         Charters Internacionales",0,0,0,4,2,0,154,0,24,1,0,1,21,4,0,2,0,2,0,0,0,0,1,1,1,0,0,0,0,0,0,0,0,0
"Palenque, Chis.  ",0,0,0,0,0,0,0,0,0,0,0,0,0,718,734,440,1,0,16,0,0,3,0,0,0,0,0,0,84,111,107,105,273,103
"   Nacionales",,,0,0,0,0,0,0,0,0,0,0,0,588,631,395,1,0,16,0,0,3,0,0,0,0,0,0,84,111,107,105,273,103
"   Internacionales",,,0,0,0,0,0,0,0,0,0,0,0,130,103,45,0,0,0,0,0,0,0,0,0,0,0,0,0,0,0,0,0,0
"   Regulares",0,0,0,0,0,0,0,0,0,0,0,0,0,718,729,437,0,0,0,0,0,0,0,0,0,0,0,0,84,109,107,104,272,103
"          Nacionales Regulares",0,0,0,0,0,0,0,0,0,0,0,0,0,588,627,395,0,0,0,0,0,0,0,0,0,0,0,0,84,109,107,104,272,103
"          Internacionales Regulares",0,0,0,0,0,0,0,0,0,0,0,0,0,130,102,42,0,0,0,0,0,0,0,0,0,0,0,0,0,0,0,0,0,0
"   Charters",0,0,0,0,0,0,0,0,0,0,0,0,0,0,5,3,1,0,16,0,0,3,0,0,0,0,0,0,0,2,0,1,1,0
"         Charters Nacionales",0,0,0,0,0,0,0,0,0,0,0,0,0,0,4,0,1,0,16,0,0,3,0,0,0,0,0,0,0,2,0,1,1,0
"         Charters Internacionales",0,0,0,0,0,0,0,0,0,0,0,0,0,0,1,3,0,0,0,0,0,0,0,0,0,0,0,0,0,0,0,0,0,0
"Poza Rica, Ver.",240,204,3,0,147,476,21525,957,1298,829,664,784,759,1346,1609,1617,1661,2047,2337,2395,2796,3369,3393,2684,2830,2622,2815,3145,3031,2031,1199,661,338,350
"   Nacionales",,,3,0,147,465,21525,957,1298,829,664,784,759,1346,1609,1617,1661,2047,2337,2395,2796,3369,3393,2684,2830,2622,2815,3145,3031,2031,1199,661,338,350
"   Internacionales",,,0,0,0,11,0,0,0,0,0,0,0,0,0,0,0,0,0,0,0,0,0,0,0,0,0,0,0,0,0,0,0,0
"   Regulares",240,204,3,0,147,472,21449,957,1198,829,662,780,759,1322,1587,1613,1653,2047,2336,2381,2796,3369,3392,2680,2830,2622,2815,3145,3031,2031,1199,661,338,350
"          Nacionales Regulares",240,204,3,0,147,461,21449,957,1198,829,662,780,759,1322,1587,1613,1653,2047,2336,2381,2796,3369,3392,2680,2830,2622,2815,3145,3031,2031,1199,661,338,350
"          Internacionales Regulares",0,0,0,0,0,11,0,0,0,0,0,0,0,0,0,0,0,0,0,0,0,0,0,0,0,0,0,0,0,0,0,0,0,0
"   Charters",0,0,0,0,0,4,76,0,100,0,2,4,0,24,22,4,8,0,1,14,0,0,1,4,0,0,0,0,0,0,0,0,0,0
"         Charters Nacionales",0,0,0,0,0,4,76,0,100,0,2,4,0,24,22,4,8,0,1,14,0,0,1,4,0,0,0,0,0,0,0,0,0,0
"         Charters Internacionales",0,0,0,0,0,0,0,0,0,0,0,0,0,0,0,0,0,0,0,0,0,0,0,0,0,0,0,0,0,0,0,0,0,0
"Puebla, Pue.",144,142,1,48,300,466,37603,1029,1582,1379,928,1226,3011,3155,3137,2475,1996,1029,1259,1502,2561,4874,5154,3517,2903,1151,1503,1894,2036,2569,2845,3118,3577,3509
"   Nacionales",,,1,48,300,465,36583,1026,1582,1379,928,1197,2429,3151,2793,2078,1987,1028,1016,1133,2155,4321,4761,3141,2533,788,1067,1216,1330,1770,2073,2419,2870,3157
"   Internacionales",,,0,0,0,1,1020,3,0,0,0,29,582,4,344,397,9,1,243,369,406,553,393,376,370,363,436,678,706,799,772,699,707,352
"   Regulares",144,142,1,48,300,466,35860,1026,1581,1379,921,1224,3011,3155,3101,2458,1987,1008,1219,1466,2543,4848,5129,3487,2888,1102,1489,1873,2014,2560,2829,3109,3565,3492
"          Nacionales Regulares",144,142,1,48,300,465,35816,1026,1581,1379,921,1195,2429,3151,2761,2062,1978,1008,976,1097,2137,4295,4738,3115,2518,739,1054,1198,1312,1761,2057,2411,2858,3140
"          Internacionales Regulares",0,0,0,0,0,1,44,0,0,0,0,29,582,4,340,396,9,0,243,369,406,553,391,372,370,363,435,675,702,799,772,698,707,352
"   Charters",0,0,0,0,0,0,1743,3,1,0,7,2,0,0,36,17,9,21,40,36,18,26,25,30,15,49,14,21,22,9,16,9,12,17
"         Charters Nacionales",0,0,0,0,0,0,767,0,1,0,7,2,0,0,32,16,9,20,40,36,18,26,23,26,15,49,13,18,18,9,16,8,12,17
"         Charters Internacionales",0,0,0,0,0,0,976,3,0,0,0,0,0,0,4,1,0,1,0,0,0,0,2,4,0,0,1,3,4,0,0,1,0,0
"Puerto Escondido, Oax.",188,258,293,265,333,615,17542,799,873,870,967,645,559,1011,834,756,915,289,373,365,376,393,386,390,471,533,729,881,1215,1168,1292,1382,1578,2117
"   Nacionales",,,293,265,330,615,16891,799,868,870,967,645,559,1011,834,756,915,289,373,365,374,393,386,390,471,533,729,881,1215,1168,1292,1382,1578,2117
"   Internacionales",,,0,0,3,0,651,0,5,0,0,0,0,0,0,0,0,0,0,0,2,0,0,0,0,0,0,0,0,0,0,0,0,0
"   Regulares",188,258,290,263,319,604,17111,664,850,867,966,644,559,1010,834,756,915,289,373,360,365,367,366,390,471,531,729,881,1215,1168,1292,1381,1578,2117
"          Nacionales Regulares",188,258,290,263,316,604,16460,664,845,867,966,644,559,1010,834,756,915,289,373,360,363,367,366,390,471,531,729,881,1215,1168,1292,1381,1578,2117
"          Internacionales Regulares",0,0,0,0,3,0,651,0,5,0,0,0,0,0,0,0,0,0,0,0,2,0,0,0,0,0,0,0,0,0,0,0,0,0
"   Charters",0,0,3,2,14,11,431,135,23,3,1,1,0,1,0,0,0,0,0,5,11,26,20,0,0,2,0,0,0,0,0,1,0,0
"         Charters Nacionales",0,0,3,2,14,11,431,135,23,3,1,1,0,1,0,0,0,0,0,5,11,26,20,0,0,2,0,0,0,0,0,1,0,0
"         Charters Internacionales",0,0,0,0,0,0,0,0,0,0,0,0,0,0,0,0,0,0,0,0,0,0,0,0,0,0,0,0,0,0,0,0,0,0
"Puerto Vallarta, Jal.",7677,8620,8064,8802,8996,10479,792465,10723,12028,11066,12042,12203,11925,11992,11945,11625,11280,11144,12455,15224,15820,17761,17740,14426,14155,12534,12534,12449,14198,15719,17308,19109,20096,20403
"   Nacionales",,,3858,4414,4599,5724,399962,6077,6545,6044,6086,6313,5950,6203,6303,5775,5364,5211,5539,5730,6330,8294,8440,6473,6107,5374,5516,5629,6248,6702,7214,8021,8668,9276
"   Internacionales",,,4206,4388,4397,4755,392503,4646,5483,5022,5956,5890,5975,5789,5642,5850,5916,5933,6916,9494,9490,9467,9300,7953,8048,7160,7018,6820,7950,9017,10094,11088,11428,11127
"   Regulares",7330,7989,7315,7847,8278,9889,749353,9167,8896,8974,9566,9611,9358,9342,9241,9031,9111,9190,10507,13712,14222,16337,16599,13631,13404,12237,12272,12311,13997,15584,17186,18985,19867,20236
"          Nacionales Regulares",4555,4612,3764,4276,4506,5632,396802,5832,5676,5731,5868,6161,5704,5852,5913,5459,5285,5175,5479,5663,6127,8072,8278,6450,6069,5322,5486,5614,6185,6680,7199,7998,8644,9258
"          Internacionales Regulares",2775,3377,3551,3571,3772,4257,352551,3335,3220,3243,3698,3450,3654,3490,3328,3572,3826,4015,5028,8049,8095,8265,8321,7181,7335,6915,6786,6697,7812,8904,9987,10987,11223,10978
"   Charters",347,631,749,955,718,590,43112,1556,3132,2092,2476,2592,2567,2650,2704,2594,2169,1954,1948,1512,1598,1424,1141,795,751,297,262,138,201,135,122,124,229,167
"         Charters Nacionales",0,0,94,138,93,92,3160,245,869,313,218,152,246,351,390,316,79,36,60,67,203,222,162,23,38,52,30,15,63,22,15,23,24,18
"         Charters Internacionales",0,0,655,817,625,498,39952,1311,2263,1779,2258,2440,2321,2299,2314,2278,2090,1918,1888,1445,1395,1202,979,772,713,245,232,123,138,113,107,101,205,149
"Querétaro, Qro.",0,0,0,0,0,0,0,0,1509,2067,2341,2029,2425,2400,2540,2449,2149,1952,1783,1836,2028,4273,4001,2048,1280,1758,2785,3089,4535,5098,6176,7506,9636,10638
"   Nacionales",,,0,0,0,0,0,0,1509,2067,2341,2029,2424,2400,2540,2449,2149,1952,1783,1424,1654,3910,3550,1649,840,705,1144,1293,2382,3229,4361,5546,7255,7667
"   Internacionales",,,0,0,0,0,0,0,0,0,0,0,1,0,0,0,0,0,0,412,374,363,451,399,440,1053,1641,1796,2153,1869,1815,1960,2381,2971
"   Regulares",0,0,0,0,0,0,0,0,1509,2067,2341,2029,2425,2400,2540,2449,2148,1952,1783,1836,2021,4248,3980,2048,1257,1732,2775,3085,4535,5098,6107,7439,9537,10557
"          Nacionales Regulares",0,0,0,0,0,0,0,0,1509,2067,2341,2029,2424,2400,2540,2449,2148,1952,1783,1424,1647,3885,3529,1649,818,679,1134,1289,2382,3229,4292,5490,7174,7631
"          Internacionales Regulares",0,0,0,0,0,0,0,0,0,0,0,0,1,0,0,0,0,0,0,412,374,363,451,399,439,1053,1641,1796,2153,1869,1815,1949,2363,2926
"   Charters",0,0,0,0,0,0,0,0,0,0,0,0,0,0,0,0,1,0,0,0,7,25,21,0,23,26,10,4,0,0,69,67,99,81
"         Charters Nacionales",0,0,0,0,0,0,0,0,0,0,0,0,0,0,0,0,1,0,0,0,7,25,21,0,22,26,10,4,0,0,69,56,81,36
"         Charters Internacionales",0,0,0,0,0,0,0,0,0,0,0,0,0,0,0,0,0,0,0,0,0,0,0,0,1,0,0,0,0,0,0,11,18,45
"Reynosa, Tamps.",841,822,422,381,395,660,36298,391,747,405,339,710,1056,1096,1727,1858,1083,1013,1035,990,1327,2134,2685,2400,2260,2170,2777,3021,3270,3196,3074,2347,1897,1998
"   Nacionales",,,422,381,395,654,36298,391,747,405,339,710,1056,1096,1727,1858,1083,1013,1035,990,1327,2132,2685,2400,2260,2170,2777,3021,3270,3196,3074,2346,1896,1997
"   Internacionales",,,0,0,0,6,0,0,0,0,0,0,0,0,0,0,0,0,0,0,0,2,0,0,0,0,0,0,0,0,0,1,1,1
"   Regulares",841,822,422,381,395,638,35451,391,739,405,339,710,1056,1096,1727,1858,1083,1011,1035,990,1327,2134,2685,2400,2260,2170,2777,3021,3270,3196,3074,2347,1897,1998
"          Nacionales Regulares",840,822,422,381,395,632,35451,391,739,405,339,710,1056,1096,1727,1858,1083,1011,1035,990,1327,2132,2685,2400,2260,2170,2777,3021,3270,3196,3074,2346,1896,1997
"          Internacionales Regulares",1,0,0,0,0,6,0,0,0,0,0,0,0,0,0,0,0,0,0,0,0,2,0,0,0,0,0,0,0,0,0,1,1,1
"   Charters",0,0,0,0,0,22,847,0,8,0,0,0,0,0,0,0,0,2,0,0,0,0,0,0,0,0,0,0,0,0,0,0,0,0
"         Charters Nacionales",0,0,0,0,0,22,847,0,8,0,0,0,0,0,0,0,0,2,0,0,0,0,0,0,0,0,0,0,0,0,0,0,0,0
"         Charters Internacionales",0,0,0,0,0,0,0,0,0,0,0,0,0,0,0,0,0,0,0,0,0,0,0,0,0,0,0,0,0,0,0,0,0,0
"(1) Saltillo, Coah.",0,0,0,0,0,0,23805,0,0,0,0,0,0,0,0,0,0,0,0,0,0,0,0,0,0,0,0,0,0,0,0,0,0,0
"   Nacionales",0,0,0,0,0,0,23692,0,0,0,0,0,0,0,0,0,0,0,0,0,0,0,0,0,0,0,0,0,0,0,0,0,0,0
"   Internacionales",0,0,0,0,0,0,113,0,0,0,0,0,0,0,0,0,0,0,0,0,0,0,0,0,0,0,0,0,0,0,0,0,0,0
"   Regulares",0,0,0,0,0,0,22131,0,0,0,0,0,0,0,0,0,0,0,0,0,0,0,0,0,0,0,0,0,0,0,0,0,0,0
"          Nacionales Regulares",0,0,0,0,0,0,22131,0,0,0,0,0,0,0,0,0,0,0,0,0,0,0,0,0,0,0,0,0,0,0,0,0,0,0
"          Internacionales Regulares",0,0,0,0,0,0,0,0,0,0,0,0,0,0,0,0,0,0,0,0,0,0,0,0,0,0,0,0,0,0,0,0,0,0
"   Charters",0,0,0,0,0,0,1674,0,0,0,0,0,0,0,0,0,0,0,0,0,0,0,0,0,0,0,0,0,0,0,0,0,0,0
"         Charters Nacionales",0,0,0,0,0,0,1561,0,0,0,0,0,0,0,0,0,0,0,0,0,0,0,0,0,0,0,0,0,0,0,0,0,0,0
"         Charters Internacionales",0,0,0,0,0,0,113,0,0,0,0,0,0,0,0,0,0,0,0,0,0,0,0,0,0,0,0,0,0,0,0,0,0,0
"San Cristobal de las Casas, Chis.",0,0,0,0,0,0,0,0,0,0,0,0,0,195,363,417,638,529,121,0,1,1,2,0,0,0,0,0,0,0,0,0,0,0
"   Nacionales",,,0,0,0,0,0,0,0,0,0,0,0,195,363,417,638,529,121,0,1,1,2,0,0,0,0,0,0,0,0,0,0,0
"   Internacionales",,,0,0,0,0,0,0,0,0,0,0,0,0,0,0,0,0,0,0,0,0,0,0,0,0,0,0,0,0,0,0,0,0
"   Regulares",0,0,0,0,0,0,0,0,0,0,0,0,0,195,363,417,636,529,113,0,0,0,0,0,0,0,0,0,0,0,0,0,0,0
"          Nacionales Regulares",0,0,0,0,0,0,0,0,0,0,0,0,0,195,363,417,636,529,113,0,0,0,0,0,0,0,0,0,0,0,0,0,0,0
"          Internacionales Regulares",0,0,0,0,0,0,0,0,0,0,0,0,0,0,0,0,0,0,0,0,0,0,0,0,0,0,0,0,0,0,0,0,0,0
"   Charters",0,0,0,0,0,0,0,0,0,0,0,0,0,0,0,0,2,0,8,0,1,1,2,0,0,0,0,0,0,0,0,0,0,0
"         Charters Nacionales",0,0,0,0,0,0,0,0,0,0,0,0,0,0,0,0,2,0,8,0,1,1,2,0,0,0,0,0,0,0,0,0,0,0
"         Charters Internacionales",0,0,0,0,0,0,0,0,0,0,0,0,0,0,0,0,0,0,0,0,0,0,0,0,0,0,0,0,0,0,0,0,0,0
"San Luis Potosí, S.L.P.",645,516,378,1064,1561,2670,100213,4836,5704,5294,5600,5682,5517,5163,4882,6263,6108,5791,5867,6209,5945,6164,5916,5371,5852,5322,5625,5032,6405,6046,6437,6328,6826,6389
"   Nacionales",,,378,1064,1560,2668,100128,4735,5405,5251,5551,5628,5417,5049,4527,5818,5582,5259,5314,5091,4851,5022,4789,4568,4819,4183,4244,3872,4923,4960,5112,4888,5372,4838
"   Internacionales",,,0,0,1,2,85,101,299,43,49,54,100,114,355,445,526,532,553,1118,1094,1142,1127,803,1033,1139,1381,1160,1482,1086,1325,1440,1454,1551
"   Regulares",645,516,378,1064,1561,2668,99686,4783,5649,5282,5600,5682,5517,5163,4882,6245,6107,5784,5866,6209,5939,6158,5905,5368,5686,5134,5625,5032,6405,6046,6437,6328,6826,6388
"          Nacionales Regulares",645,516,378,1064,1560,2666,99650,4705,5374,5239,5551,5628,5417,5049,4527,5800,5581,5252,5313,5091,4845,5017,4778,4565,4658,4004,4244,3872,4923,4960,5112,4888,5372,4838
"          Internacionales Regulares",0,0,0,0,1,2,36,78,275,43,49,54,100,114,355,445,526,532,553,1118,1094,1141,1127,803,1028,1130,1381,1160,1482,1086,1325,1440,1454,1550
"   Charters",0,0,0,0,0,2,527,53,55,12,0,0,0,0,0,18,1,7,1,0,6,6,11,3,166,188,0,0,0,0,0,0,0,1
"         Charters Nacionales",0,0,0,0,0,2,478,30,31,12,0,0,0,0,0,18,1,7,1,0,6,5,11,3,161,179,0,0,0,0,0,0,0,0
"         Charters Internacionales",0,0,0,0,0,0,49,23,24,0,0,0,0,0,0,0,0,0,0,0,0,1,0,0,5,9,0,0,0,0,0,0,0,1
"Tampico, Tamps.",1717,1253,914,1515,2010,4018,210196,6256,6883,5495,4320,4573,5116,5811,6498,5937,5108,4924,4810,5165,5394,7144,6083,4506,4165,3987,4520,4419,5406,5274,5050,4822,4836,4666
"   Nacionales",,,914,1505,1997,3857,203551,6201,6696,5403,4320,4570,4818,5413,5897,5532,4679,4506,4435,4785,5014,6771,5444,4136,3784,3585,4059,4061,5039,4901,4688,4455,4467,4299
"   Internacionales",,,0,10,13,161,6645,55,187,92,0,3,298,398,601,405,429,418,375,380,380,373,639,370,381,402,461,358,367,373,362,367,369,367
"   Regulares",1717,1253,914,1506,2010,3798,207747,6223,6690,5494,4314,4564,5097,5806,6475,5919,5104,4913,4796,5133,5355,7138,6073,4494,4157,3981,4514,4419,5406,5274,5050,4822,4836,4666
"          Nacionales Regulares",1713,1246,914,1505,1997,3684,201102,6170,6572,5402,4314,4564,4814,5413,5894,5526,4677,4498,4430,4768,4991,6767,5437,4127,3777,3582,4055,4061,5039,4901,4688,4455,4467,4299
"          Internacionales Regulares",4,7,0,1,13,114,6645,53,118,92,0,0,283,393,581,393,427,415,366,365,364,371,636,367,380,399,459,358,367,373,362,367,369,367
"   Charters",0,0,0,9,0,220,2449,33,193,1,6,9,19,5,23,18,4,11,14,32,39,6,10,12,8,6,6,0,0,0,0,0,0,0
"         Charters Nacionales",0,0,0,0,0,173,2449,31,124,1,6,6,4,0,3,6,2,8,5,17,23,4,7,9,7,3,4,0,0,0,0,0,0,0
"         Charters Internacionales",0,0,0,9,0,47,0,2,69,0,0,3,15,5,20,12,2,3,9,15,16,2,3,3,1,3,2,0,0,0,0,0,0,0
"Tamuin, S.L.P.",0,0,0,0,87,83,203,0,7,0,0,0,0,0,0,0,0,2,0,0,2,0,48,2,0,0,0,0,0,0,0,0,0,40
"   Nacionales",,,0,0,87,83,203,0,7,0,0,0,0,0,0,0,0,2,0,0,2,0,48,2,0,0,0,0,0,0,0,0,0,40
"   Internacionales",,,0,0,0,0,0,0,0,0,0,0,0,0,0,0,0,0,0,0,0,0,0,0,0,0,0,0,0,0,0,0,0,0
"   Regulares",0,0,0,0,87,83,190,0,7,0,0,0,0,0,0,0,0,0,0,0,0,0,45,0,0,0,0,0,0,0,0,0,0,40
"          Nacionales Regulares",0,0,0,0,87,83,190,0,7,0,0,0,0,0,0,0,0,0,0,0,0,0,45,0,0,0,0,0,0,0,0,0,0,40
"          Internacionales Regulares",0,0,0,0,0,0,0,0,0,0,0,0,0,0,0,0,0,0,0,0,0,0,0,0,0,0,0,0,0,0,0,0,0,0
"   Charters",0,0,0,0,0,0,13,0,0,0,0,0,0,0,0,0,0,2,0,0,2,0,3,2,0,0,0,0,0,0,0,0,0,0
"         Charters Nacionales",0,0,0,0,0,0,13,0,0,0,0,0,0,0,0,0,0,2,0,0,2,0,3,2,0,0,0,0,0,0,0,0,0,0
"         Charters Internacionales",0,0,0,0,0,0,0,0,0,0,0,0,0,0,0,0,0,0,0,0,0,0,0,0,0,0,0,0,0,0,0,0,0,0
"Tapachula, Chis.",717,738,443,465,572,722,75417,1450,1960,1727,1427,1475,1876,2831,2420,0,1522,1476,1446,1164,1294,1738,2093,1352,1337,1136,1088,1141,1286,1446,1540,1468,1624,1837
"   Nacionales",,,443,465,572,721,73441,1450,1960,1727,1427,1475,1875,2831,2343,2093,1522,1476,1446,1164,1294,1737,2093,1352,1337,1136,1088,1116,1157,1446,1540,1468,1623,1837
"   Internacionales",,,0,0,0,1,1976,0,0,0,0,0,1,0,77,2,0,0,0,0,0,1,0,0,0,0,0,25,129,0,0,0,1,0
"   Regulares",717,738,443,465,572,722,75393,1450,1960,1727,1424,1475,1875,2831,2418,2092,1522,1476,1446,1156,1290,1734,2088,1346,1337,1134,1086,1138,1284,1435,1525,1461,1606,1835
"          Nacionales Regulares",716,738,443,465,572,721,73417,1450,1960,1727,1424,1475,1875,2831,2341,2092,1522,1476,1446,1156,1290,1734,2088,1346,1337,1134,1086,1113,1155,1435,1525,1461,1605,1835
"          Internacionales Regulares",1,0,0,0,0,1,1976,0,0,0,0,0,0,0,77,0,0,0,0,0,0,0,0,0,0,0,0,25,129,0,0,0,1,0
"   Charters",0,0,0,0,0,0,24,0,0,0,3,0,1,0,2,3,0,0,0,8,4,4,5,6,0,2,2,3,2,11,15,7,18,2
"         Charters Nacionales",0,0,0,0,0,0,24,0,0,0,3,0,0,0,2,1,0,0,0,8,4,3,5,6,0,2,2,3,2,11,15,7,18,2
"         Charters Internacionales",0,0,0,0,0,0,0,0,0,0,0,0,1,0,0,2,0,0,0,0,0,1,0,0,0,0,0,0,0,0,0,0,0,0
"Tehuacán, Pue.",0,0,0,0,31,44,0,0,0,0,0,0,0,0,0,0,0,0,0,0,0,0,0,0,0,0,0,0,0,0,0,0,0,6
"   Nacionales",,,0,0,31,44,0,0,0,0,0,0,0,0,0,0,0,0,0,0,0,0,0,0,0,0,0,0,0,0,0,0,0,6
"   Internacionales",,,0,0,0,0,0,0,0,0,0,0,0,0,0,0,0,0,0,0,0,0,0,0,0,0,0,0,0,0,0,0,0,0
"   Regulares",0,0,0,0,31,44,0,0,0,0,0,0,0,0,0,0,0,0,0,0,0,0,0,0,0,0,0,0,0,0,0,0,0,6
"          Nacionales Regulares",0,0,0,0,31,44,0,0,0,0,0,0,0,0,0,0,0,0,0,0,0,0,0,0,0,0,0,0,0,0,0,0,0,6
"          Internacionales Regulares",0,0,0,0,0,0,0,0,0,0,0,0,0,0,0,0,0,0,0,0,0,0,0,0,0,0,0,0,0,0,0,0,0,0
"   Charters",0,0,0,0,0,0,0,0,0,0,0,0,0,0,0,0,0,0,0,0,0,0,0,0,0,0,0,0,0,0,0,0,0,0
"         Charters Nacionales",0,0,0,0,0,0,0,0,0,0,0,0,0,0,0,0,0,0,0,0,0,0,0,0,0,0,0,0,0,0,0,0,0,0
"         Charters Internacionales",0,0,0,0,0,0,0,0,0,0,0,0,0,0,0,0,0,0,0,0,0,0,0,0,0,0,0,0,0,0,0,0,0,0
"Tepic, Nay.",0,0,0,0,855,695,62456,2495,2518,1968,1831,2360,1796,1454,1355,1102,1477,1341,1363,1295,1602,1986,1440,772,613,628,657,855,1245,1270,1659,1171,1154,1208
"   Nacionales",,,0,0,855,695,62400,2495,2518,1968,1831,2360,1796,1454,1355,1102,1477,1341,1363,1295,1602,1986,1440,772,613,628,657,855,1245,1270,1659,1171,1154,1208
"   Internacionales",,,0,0,0,0,56,0,0,0,0,0,0,0,0,0,0,0,0,0,0,0,0,0,0,0,0,0,0,0,0,0,0,0
"   Regulares",0,0,0,0,855,695,62369,2495,2518,1968,1831,2360,1796,1454,1355,1102,1477,1341,1337,1293,1588,1963,1438,772,613,628,656,855,1245,1270,1659,1171,1154,1208
"          Nacionales Regulares",0,0,0,0,855,695,62369,2495,2518,1968,1831,2360,1796,1454,1355,1102,1477,1341,1337,1293,1588,1963,1438,772,613,628,656,855,1245,1270,1659,1171,1154,1208
"          Internacionales Regulares",0,0,0,0,0,0,0,0,0,0,0,0,0,0,0,0,0,0,0,0,0,0,0,0,0,0,0,0,0,0,0,0,0,0
"   Charters",0,0,0,0,0,0,87,0,0,0,0,0,0,0,0,0,0,0,26,2,14,23,2,0,0,0,1,0,0,0,0,0,0,0
"         Charters Nacionales",0,0,0,0,0,0,31,0,0,0,0,0,0,0,0,0,0,0,26,2,14,23,2,0,0,0,1,0,0,0,0,0,0,0
"         Charters Internacionales",0,0,0,0,0,0,56,0,0,0,0,0,0,0,0,0,0,0,0,0,0,0,0,0,0,0,0,0,0,0,0,0,0,0
"(3) Terán, Chis",0,0,0,0,0,0,0,0,0,0,0,0,0,0,0,5185,4512,4248,4586,4271,1929,0,0,0,0,0,0,0,0,0,0,0,0,0
"   Nacionales",,,0,0,0,0,0,0,0,0,0,0,0,0,0,5185,4512,4248,4586,4271,1929,0,0,0,0,0,0,0,0,0,0,0,0,0
"   Internacionales",,,0,0,0,0,0,0,0,0,0,0,0,0,0,0,0,0,0,0,0,0,0,0,0,0,0,0,0,0,0,0,0,0
"   Regulares",0,0,0,0,0,0,0,0,0,0,0,0,0,0,0,5185,4510,4245,4584,4271,1927,0,0,0,0,0,0,0,0,0,0,0,0,0
"          Nacionales Regulares",0,0,0,0,0,0,0,0,0,0,0,0,0,0,0,5185,4510,4245,4584,4271,1927,0,0,0,0,0,0,0,0,0,0,0,0,0
"          Internacionales Regulares",0,0,0,0,0,0,0,0,0,0,0,0,0,0,0,0,0,0,0,0,0,0,0,0,0,0,0,0,0,0,0,0,0,0
"   Charters",0,0,0,0,0,0,0,0,0,0,0,0,0,0,0,0,2,3,2,0,2,0,0,0,0,0,0,0,0,0,0,0,0,0
"         Charters Nacionales",0,0,0,0,0,0,0,0,0,0,0,0,0,0,0,0,2,3,2,0,2,0,0,0,0,0,0,0,0,0,0,0,0,0
"         Charters Internacionales",0,0,0,0,0,0,0,0,0,0,0,0,0,0,0,0,0,0,0,0,0,0,0,0,0,0,0,0,0,0,0,0,0,0
"Tijuana, B.C.",7340,6883,5428,6665,8006,10658,1101318,14703,19634,17151,16983,17095,18150,19965,18669,19140,18971,19460,18318,19194,21014,27613,21655,17748,18036,16060,16564,18930,19036,20633,24999,25803,27115,28839
"   Nacionales",,,5326,6654,7996,10316,1092247,14074,17714,16779,16970,17095,17824,19603,18574,19009,18569,19010,18307,19154,20972,27405,21498,17542,17847,15951,16453,18822,18914,20395,24730,25707,26871,28711
"   Internacionales",,,102,11,10,342,9071,629,1920,372,13,0,326,362,95,131,402,450,11,40,42,208,157,206,189,109,111,108,122,238,269,96,244,128
"   Regulares",7340,6883,5428,6665,8006,10583,1099511,14670,19527,17117,16974,17092,18150,19952,18564,19137,18971,19425,18314,19177,21013,27611,21647,17732,17983,16037,16562,18925,19034,20631,24996,25802,27110,28838
"          Nacionales Regulares",6450,6354,5326,6654,7996,10289,1090931,14041,17652,16771,16961,17092,17824,19592,18521,19009,18569,19002,18304,19138,20971,27403,21490,17526,17828,15950,16451,18817,18912,20393,24727,25706,26868,28710
"          Internacionales Regulares",890,529,102,11,10,294,8580,629,1875,346,13,0,326,360,43,128,402,423,10,39,42,208,157,206,155,87,111,108,122,238,269,96,242,128
"   Charters",0,0,0,0,0,75,1807,33,107,34,9,3,0,13,105,3,0,35,4,17,1,2,8,16,53,23,2,5,2,2,3,1,5,1
"         Charters Nacionales",0,0,0,0,0,27,1316,33,62,8,9,3,0,11,53,0,0,8,3,16,1,2,8,16,19,1,2,5,2,2,3,1,3,1
"         Charters Internacionales",0,0,0,0,0,48,491,0,45,26,0,0,0,2,52,3,0,27,1,1,0,0,0,0,34,22,0,0,0,0,0,0,2,0
"Toluca, Méx.",472,384,1173,216,90,115,2008,354,1064,126,13,21,21,27,17,602,367,307,266,834,12666,16941,20545,13630,10327,7798,4814,6567,4530,5598,5506,5507,3895,3277
"   Nacionales",,,1173,216,2,1,872,325,899,70,0,1,0,1,4,588,354,295,68,432,11950,16433,19976,12937,9603,7190,4109,6075,4169,5220,5399,5449,3861,3244
"   Internacionales",,,0,0,88,114,1136,29,165,56,13,20,21,26,13,14,13,12,198,402,716,508,569,693,724,608,705,492,361,378,107,58,34,33
"   Regulares",472,384,1173,216,90,114,113,318,993,29,12,21,21,26,13,596,353,307,225,797,12620,16912,20515,13608,10322,7747,4701,6437,4372,5460,5243,5232,3685,3180
"          Nacionales Regulares",472,384,1173,216,2,0,112,306,898,20,0,1,0,0,0,583,341,295,27,395,11904,16404,19946,12922,9599,7140,3997,5950,4037,5098,5190,5224,3671,3167
"          Internacionales Regulares",0,0,0,0,88,114,1,12,95,9,12,20,21,26,13,13,12,12,198,402,716,508,569,686,723,607,704,487,335,362,53,8,14,13
"   Charters",0,0,0,0,0,1,1895,36,71,97,1,0,0,1,4,6,14,0,41,37,46,29,30,22,5,51,113,130,158,138,263,275,210,97
"         Charters Nacionales",0,0,0,0,0,1,760,19,1,50,0,0,0,1,4,5,13,0,41,37,46,29,30,15,4,50,112,125,132,122,209,225,190,77
"         Charters Internacionales",0,0,0,0,0,0,1135,17,70,47,1,0,0,0,0,1,1,0,0,0,0,0,0,7,1,1,1,5,26,16,54,50,20,20
"Torreón, Coah.",2325,2510,1254,1513,1774,2713,179195,7972,9381,10639,9752,9829,10300,9460,8813,8549,8156,7240,7497,7106,7208,8933,7671,4475,3627,3284,3539,3738,4169,4314,4852,3903,4486,4649
"   Nacionales",,,1253,1513,1766,2696,178919,7972,9190,10266,9418,9203,9711,9255,8293,8074,7655,6792,6718,5960,6008,7656,6484,3740,2897,2428,2479,2882,3379,3559,4300,3534,4102,3918
"   Internacionales",,,1,0,8,17,276,0,191,373,334,626,589,205,520,475,501,448,779,1146,1200,1277,1187,735,730,856,1060,856,790,755,552,369,384,731
"   Regulares",2325,2510,1254,1497,1774,2677,176705,7972,9234,10605,9752,9777,10260,9409,8732,8456,8062,7167,7432,7040,7155,8874,7635,4444,3547,3208,3536,3737,4167,4314,4852,3903,4486,4649
"          Nacionales Regulares",2318,2505,1253,1497,1766,2664,176429,7972,9047,10232,9418,9152,9671,9204,8212,7981,7563,6722,6658,5896,5955,7599,6449,3711,2821,2353,2477,2882,3377,3559,4300,3534,4102,3918
"          Internacionales Regulares",7,5,1,0,8,13,276,0,187,373,334,625,589,205,520,475,499,445,774,1144,1200,1275,1186,733,726,855,1059,855,790,755,552,369,384,731
"   Charters",0,0,0,16,0,36,2490,0,147,34,0,52,40,51,81,93,94,73,65,66,53,59,36,31,80,76,3,1,2,0,0,0,0,0
"         Charters Nacionales",0,0,0,16,0,32,2490,0,143,34,0,51,40,51,81,93,92,70,60,64,53,57,35,29,76,75,2,0,2,0,0,0,0,0
"         Charters Internacionales",0,0,0,0,0,4,0,0,4,0,0,1,0,0,0,0,2,3,5,2,0,2,1,2,4,1,1,1,0,0,0,0,0,0
"(3) Tuxtla Gutiérrez, Chis.",1606,1518,601,468,544,1376,64099,1001,816,109,1980,1983,0,0,4791,0,25,345,136,258,2591,5124,5766,4148,3635,3991,4198,4414,4721,5387,6208,6627,5903,5897
"   Nacionales",,,601,468,541,1359,64081,1001,816,109,1980,1983,0,0,4791,0,25,345,136,258,2591,5124,5765,4148,3575,3887,4090,4231,4716,5386,6207,6627,5902,5896
"   Internacionales",,,0,0,3,17,18,0,0,0,0,0,0,0,0,0,0,0,0,0,0,0,1,0,60,104,108,183,5,1,1,0,1,1
"   Regulares",1606,1518,601,468,544,1376,64081,1001,816,109,1980,1983,0,0,4791,0,24,319,88,214,2558,5079,5726,4110,3603,3961,4163,4401,4710,5374,6196,6621,5901,5895
"          Nacionales Regulares",1606,1518,601,468,541,1359,64081,1001,816,109,1980,1983,0,0,4791,0,24,319,88,214,2558,5079,5726,4110,3543,3857,4056,4218,4706,5374,6196,6621,5900,5894
"          Internacionales Regulares",0,0,0,0,3,17,0,0,0,0,0,0,0,0,0,0,0,0,0,0,0,0,0,0,60,104,107,183,4,0,0,0,1,1
"   Charters",0,0,0,0,0,0,18,0,0,0,0,0,0,0,0,0,1,26,48,44,33,45,40,38,32,30,35,13,11,13,12,6,2,2
"         Charters Nacionales",0,0,0,0,0,0,0,0,0,0,0,0,0,0,0,0,1,26,48,44,33,45,39,38,32,30,34,13,10,12,11,6,2,2
"         Charters Internacionales",0,0,0,0,0,0,18,0,0,0,0,0,0,0,0,0,0,0,0,0,0,0,1,0,0,0,1,0,1,1,1,0,0,0
"Uruapan, Mich.",181,130,198,380,421,361,8291,2286,1079,362,351,563,930,1168,365,453,682,682,713,963,1213,886,748,416,412,379,408,452,373,419,484,536,558,558
"   Nacionales",,,198,380,421,361,8291,2286,1079,362,351,563,930,1168,365,453,682,682,713,963,1213,886,748,416,412,379,395,385,326,366,429,483,507,506
"   Internacionales",,,0,0,0,0,0,0,0,0,0,0,0,0,0,0,0,0,0,0,0,0,0,0,0,0,13,67,47,53,55,53,51,52
"   Regulares",181,130,198,380,421,361,8277,2286,1079,362,351,563,930,1168,365,453,682,682,713,963,1213,886,748,416,412,379,408,452,373,419,484,536,558,558
"          Nacionales Regulares",181,130,198,380,421,361,8277,2286,1079,362,351,563,930,1168,365,453,682,682,713,963,1213,886,748,416,412,379,395,385,326,366,429,483,507,506
"          Internacionales Regulares",0,0,0,0,0,0,0,0,0,0,0,0,0,0,0,0,0,0,0,0,0,0,0,0,0,0,13,67,47,53,55,53,51,52
"   Charters",0,0,0,0,0,0,14,0,0,0,0,0,0,0,0,0,0,0,0,0,0,0,0,0,0,0,0,0,0,0,0,0,0,0
"         Charters Nacionales",0,0,0,0,0,0,14,0,0,0,0,0,0,0,0,0,0,0,0,0,0,0,0,0,0,0,0,0,0,0,0,0,0,0
"         Charters Internacionales",0,0,0,0,0,0,0,0,0,0,0,0,0,0,0,0,0,0,0,0,0,0,0,0,0,0,0,0,0,0,0,0,0,0
"Veracruz, Ver.",1429,974,946,1437,2625,3583,234642,5489,5999,4649,3795,4112,4707,6123,6295,6142,5936,5655,6413,6213,7800,10910,9794,9259,8994,8076,7937,9434,9447,8913,8717,8391,9325,8702
"   Nacionales",,,944,1433,2620,3470,233637,5363,5608,4508,3761,4067,4537,5873,6026,5891,5552,5280,6034,5782,7415,10525,9415,8870,8571,7010,6826,8396,8694,8167,8156,8022,8951,8330
"   Internacionales",,,2,4,5,113,1005,126,391,141,34,45,170,250,269,251,384,375,379,431,385,385,379,389,423,1066,1111,1038,753,746,561,369,374,372
"   Regulares",1429,971,946,1412,2613,3576,234459,5139,5705,4622,3742,4040,4687,6113,6259,6124,5898,5601,6363,6179,7733,10833,9736,9242,8943,8020,7897,9354,9288,8787,8651,8334,9228,8629
"          Nacionales Regulares",1426,961,944,1408,2608,3463,233454,5070,5498,4481,3741,4040,4532,5873,6005,5879,5530,5234,5989,5749,7358,10462,9365,8853,8529,6973,6795,8324,8560,8058,8094,7966,8865,8266
"          Internacionales Regulares",3,10,2,4,5,113,1005,69,207,141,1,0,155,240,254,245,368,367,374,430,375,371,371,389,414,1047,1102,1030,728,729,557,368,363,363
"   Charters",0,3,0,25,12,7,183,350,294,27,53,72,20,10,36,18,38,54,50,34,67,77,58,17,51,56,40,80,159,126,66,57,97,73
"         Charters Nacionales",0,0,0,25,12,7,183,293,110,27,20,27,5,0,21,12,22,46,45,33,57,63,50,17,42,37,31,72,134,109,62,56,86,64
"         Charters Internacionales",0,0,0,0,0,0,0,57,184,0,33,45,15,10,15,6,16,8,5,1,10,14,8,0,9,19,9,8,25,17,4,1,11,9
"Villahermosa, Tab.",3343,3197,1837,2093,3684,4910,232354,6575,6059,5310,5535,5861,5338,6573,6687,6447,6161,7039,8089,7531,7379,8828,8488,6736,6234,6134,6921,6999,7972,8377,8069,7613,6074,5326
"   Nacionales",,,1837,2093,3682,4891,231754,6574,6048,5309,5532,5854,5314,6417,6561,6442,6135,6674,7719,7161,7011,8461,8122,6354,5851,5736,6458,6622,7605,7919,7620,7259,5895,5326
"   Internacionales",,,0,0,2,19,600,1,11,1,3,7,24,156,126,5,26,365,370,370,368,367,366,382,383,398,463,377,367,458,449,354,179,0
"   Regulares",3343,3196,1837,2093,3682,4910,230650,6524,6045,5310,5532,5854,5322,6505,6575,6439,6149,7026,8077,7489,7370,8817,8472,6718,6181,6122,6894,6971,7955,8366,8054,7572,6054,5317
"          Nacionales Regulares",3343,3196,1837,2093,3680,4891,230119,6523,6044,5309,5532,5854,5303,6415,6555,6438,6126,6663,7709,7125,7004,8455,8108,6345,5810,5726,6439,6608,7593,7912,7608,7222,5876,5317
"          Internacionales Regulares",0,0,0,0,2,19,531,1,1,1,0,0,19,90,20,1,23,363,368,364,366,362,364,373,371,396,455,363,362,454,446,350,178,0
"   Charters",0,1,0,0,2,0,1704,51,14,0,3,7,16,68,112,8,12,13,12,42,9,11,16,18,53,12,27,28,17,11,15,41,20,9
"         Charters Nacionales",0,0,0,0,2,0,1635,51,4,0,0,0,11,2,6,4,9,11,10,36,7,6,14,9,41,10,19,14,12,7,12,37,19,9
"         Charters Internacionales",0,0,0,0,0,0,69,0,10,0,3,7,5,66,106,4,3,2,2,6,2,5,2,9,12,2,8,14,5,4,3,4,1,0
"Zacatecas, Zac.",754,733,986,1180,1673,1709,132788,3654,4531,3708,3401,3584,3692,3456,2466,2920,2571,2464,2453,2844,3555,2719,2635,2680,2740,2004,1887,1869,2101,2208,2281,2084,2042,2448
"   Nacionales",,,986,1180,1430,1330,72613,2848,3734,3034,2549,2659,2783,3051,2344,2446,2006,1846,1839,2240,2996,2106,2064,2258,2350,1764,1611,1496,1659,1733,1754,1470,1393,1774
"   Internacionales",,,0,0,243,379,60175,806,797,674,852,925,909,405,122,474,565,618,614,604,559,613,571,422,390,240,276,373,442,475,527,614,649,674
"   Regulares",754,733,986,1168,1673,1692,132390,3651,4525,3707,3401,3568,3692,3456,2463,2920,2569,2460,2453,2838,3554,2718,2635,2680,2725,1997,1887,1869,2101,2208,2281,2084,2042,2448
"          Nacionales Regulares",754,733,986,1168,1430,1313,72263,2845,3729,3033,2549,2643,2783,3051,2341,2446,2004,1842,1839,2234,2995,2105,2064,2258,2338,1757,1611,1496,1659,1733,1754,1470,1393,1774
"          Internacionales Regulares",0,0,0,0,243,379,60127,806,796,674,852,925,909,405,122,474,565,618,614,604,559,613,571,422,387,240,276,373,442,475,527,614,649,674
"   Charters",0,0,0,12,0,17,398,3,6,1,0,16,0,0,3,0,2,4,0,6,1,1,0,0,15,7,0,0,0,0,0,0,0,0
"         Charters Nacionales",0,0,0,12,0,17,350,3,5,1,0,16,0,0,3,0,2,4,0,6,1,1,0,0,12,7,0,0,0,0,0,0,0,0
"         Charters Internacionales",0,0,0,0,0,0,48,0,1,0,0,0,0,0,0,0,0,0,0,0,0,0,0,0,3,0,0,0,0,0,0,0,0,0
